id,label,00_raw,01_strip_entity_tag,02_unescape_html,03_remove_urls,04_remove_mentions,05_unwrap_hashtags,06_lowercase,07_expand_contractions,08_squash_elongation,09_strip_symbols,10_normalise_space,11_tokenized,12_numeric_dropped,13_stopwords_removed,14_lemmatized,15_short_dropped,cleaned_text
6,Positive,"Thank you so much to members who came out to @borderlands_sf Monday to witness @megelison and I talking about queer families, skillsharing, and fighting fascism through caring for our communities! what you great night.","Thank you so much to members who came out to @borderlands_sf Monday to witness @megelison and I talking about queer families, skillsharing, and fighting fascism through caring for our communities! what you great night.","Thank you so much to members who came out to @borderlands_sf Monday to witness @megelison and I talking about queer families, skillsharing, and fighting fascism through caring for our communities! what you great night.","Thank you so much to members who came out to @borderlands_sf Monday to witness @megelison and I talking about queer families, skillsharing, and fighting fascism through caring for our communities! what you great night.","Thank you so much to members who came out to   Monday to witness   and I talking about queer families, skillsharing, and fighting fascism through caring for our communities! what you great night.","Thank you so much to members who came out to   Monday to witness   and I talking about queer families, skillsharing, and fighting fascism through caring for our communities! what you great night.","thank you so much to members who came out to   monday to witness   and i talking about queer families, skillsharing, and fighting fascism through caring for our communities! what you great night.","thank you so much to members who came out to   monday to witness   and i talking about queer families, skillsharing, and fighting fascism through caring for our communities! what you great night.","thank you so much to members who came out to  monday to witness  and i talking about queer families, skillsharing, and fighting fascism through caring for our communities! what you great night.",thank you so much to members who came out to  monday to witness  and i talking about queer families  skillsharing  and fighting fascism through caring for our communities  what you great night ,thank you so much to members who came out to monday to witness and i talking about queer families skillsharing and fighting fascism through caring for our communities what you great night,thank you so much to members who came out to monday to witness and i talking about queer families skillsharing and fighting fascism through caring for our communities what you great night,thank you so much to members who came out to monday to witness and i talking about queer families skillsharing and fighting fascism through caring for our communities what you great night,thank much members came monday witness talking queer families skillsharing fighting fascism caring communities great night,thank much member come monday witness talk queer family skillsharing fight fascism care community great night,thank much member come monday witness talk queer family skillsharing fight fascism care community great night,thank much member come monday witness talk queer family skillsharing fight fascism care community great night
7,Irrelevant#Neutral,Borderlands 3 - Jesse Krieg Music Meets Princess Maya ( performing Psycho Krieg solo and featuring the Fantastic Duo Fustercluck DLC ). youtube. com / channel watch? id v = o4JfCk ….,Borderlands 3 - Jesse Krieg Music Meets Princess Maya ( performing Psycho Krieg solo and featuring the Fantastic Duo Fustercluck DLC ). youtube. com / channel watch? id v = o4JfCk ….,Borderlands 3 - Jesse Krieg Music Meets Princess Maya ( performing Psycho Krieg solo and featuring the Fantastic Duo Fustercluck DLC ). youtube. com / channel watch? id v = o4JfCk ….,Borderlands 3 - Jesse Krieg Music Meets Princess Maya ( performing Psycho Krieg solo and featuring the Fantastic Duo Fustercluck DLC ). youtube. com / channel watch? id v = o4JfCk ….,Borderlands 3 - Jesse Krieg Music Meets Princess Maya ( performing Psycho Krieg solo and featuring the Fantastic Duo Fustercluck DLC ). youtube. com / channel watch? id v = o4JfCk ….,Borderlands 3 - Jesse Krieg Music Meets Princess Maya ( performing Psycho Krieg solo and featuring the Fantastic Duo Fustercluck DLC ). youtube. com / channel watch? id v = o4JfCk ….,borderlands 3 - jesse krieg music meets princess maya ( performing psycho krieg solo and featuring the fantastic duo fustercluck dlc ). youtube. com / channel watch? id v = o4jfck ….,borderlands 3 - jesse krieg music meets princess maya ( performing psycho krieg solo and featuring the fantastic duo fustercluck dlc ). youtube. com / channel watch? id v = o4jfck ….,borderlands 3 - jesse krieg music meets princess maya ( performing psycho krieg solo and featuring the fantastic duo fustercluck dlc ). youtube. com / channel watch? id v = o4jfck ….,borderlands 3   jesse krieg music meets princess maya   performing psycho krieg solo and featuring the fantastic duo fustercluck dlc    youtube  com   channel watch  id v   o4jfck   ,borderlands 3 jesse krieg music meets princess maya performing psycho krieg solo and featuring the fantastic duo fustercluck dlc youtube com channel watch id v o4jfck,borderlands 3 jesse krieg music meets princess maya performing psycho krieg solo and featuring the fantastic duo fustercluck dlc youtube com channel watch id v o4jfck,borderlands jesse krieg music meets princess maya performing psycho krieg solo and featuring the fantastic duo fustercluck dlc youtube com channel watch id v o4jfck,borderlands jesse krieg music meets princess maya performing psycho krieg solo featuring fantastic duo fustercluck dlc youtube channel watch id v o4jfck,borderlands jesse krieg music meets princess maya perform psycho krieg solo feature fantastic duo fustercluck dlc youtube channel watch id v o4jfck,borderlands jesse krieg music meets princess maya perform psycho krieg solo feature fantastic duo fustercluck dlc youtube channel watch id o4jfck,borderlands jesse krieg music meets princess maya perform psycho krieg solo feature fantastic duo fustercluck dlc youtube channel watch id o4jfck
8,Positive,I'll believe it when I see it but every way I'm excited,I'll believe it when I see it but every way I'm excited,I'll believe it when I see it but every way I'm excited,I'll believe it when I see it but every way I'm excited,I'll believe it when I see it but every way I'm excited,I'll believe it when I see it but every way I'm excited,i'll believe it when i see it but every way i'm excited,i will believe it when i see it but every way i am excited,i will believe it when i see it but every way i am excited,i will believe it when i see it but every way i am excited,i will believe it when i see it but every way i am excited,i will believe it when i see it but every way i am excited,i will believe it when i see it but every way i am excited,believe see but every way excited,believe see but every way excite,believe see but every way excite,believe see but every way excite
9,Irrelevant,"Attacked again IBM, AMD releases RX 6000 dual accelerator cards: lower reviews tnewspro.com/2020/10/29/att...","Attacked again IBM, AMD releases RX 6000 dual accelerator cards: lower reviews tnewspro.com/2020/10/29/att...","Attacked again IBM, AMD releases RX 6000 dual accelerator cards: lower reviews tnewspro.com/2020/10/29/att...","Attacked again IBM, AMD releases RX 6000 dual accelerator cards: lower reviews  ","Attacked again IBM, AMD releases RX 6000 dual accelerator cards: lower reviews  ","Attacked again IBM, AMD releases RX 6000 dual accelerator cards: lower reviews  ","attacked again ibm, amd releases rx 6000 dual accelerator cards: lower reviews  ","attacked again ibm, amd releases rx 6000 dual accelerator cards: lower reviews  ","attacked again ibm, amd releases rx 600 dual accelerator cards: lower reviews  ",attacked again ibm  amd releases rx 600 dual accelerator cards  lower reviews  ,attacked again ibm amd releases rx 600 dual accelerator cards lower reviews,attacked again ibm amd releases rx 600 dual accelerator cards lower reviews,attacked again ibm amd releases rx dual accelerator cards lower reviews,attacked ibm amd releases rx dual accelerator cards lower reviews,attacked ibm amd release rx dual accelerator card low review,attacked ibm amd release rx dual accelerator card low review,attacked ibm amd release rx dual accelerator card low review
10,Positive,"Thanks to Verizon, you're too expensive not to work","Thanks to Verizon, you're too expensive not to work","Thanks to Verizon, you're too expensive not to work","Thanks to Verizon, you're too expensive not to work","Thanks to Verizon, you're too expensive not to work","Thanks to Verizon, you're too expensive not to work","thanks to verizon, you're too expensive not to work","thanks to verizon, you are too expensive not to work","thanks to verizon, you are too expensive not to work",thanks to verizon  you are too expensive not to work,thanks to verizon you are too expensive not to work,thanks to verizon you are too expensive not to work,thanks to verizon you are too expensive not to work,thanks verizon too expensive not work,thanks verizon too expensive not work,thanks verizon too expensive not work,thanks verizon too expensive not work
11,Positive,"Things that help with how all-caps anxious I feel right now: World of Warcraft. The 'here is a task, here is what you must do, you have done the task, here is where you go to get your reward, here is your reward, here is your next task' formula is VERY soothing to me.","Things that help with how all-caps anxious I feel right now: World of Warcraft. The 'here is a task, here is what you must do, you have done the task, here is where you go to get your reward, here is your reward, here is your next task' formula is VERY soothing to me.","Things that help with how all-caps anxious I feel right now: World of Warcraft. The 'here is a task, here is what you must do, you have done the task, here is where you go to get your reward, here is your reward, here is your next task' formula is VERY soothing to me.","Things that help with how all-caps anxious I feel right now: World of Warcraft. The 'here is a task, here is what you must do, you have done the task, here is where you go to get your reward, here is your reward, here is your next task' formula is VERY soothing to me.","Things that help with how all-caps anxious I feel right now: World of Warcraft. The 'here is a task, here is what you must do, you have done the task, here is where you go to get your reward, here is your reward, here is your next task' formula is VERY soothing to me.","Things that help with how all-caps anxious I feel right now: World of Warcraft. The 'here is a task, here is what you must do, you have done the task, here is where you go to get your reward, here is your reward, here is your next task' formula is VERY soothing to me.","things that help with how all-caps anxious i feel right now: world of warcraft. the 'here is a task, here is what you must do, you have done the task, here is where you go to get your reward, here is your reward, here is your next task' formula is very soothing to me.","things that help with how all-caps anxious i feel right now: world of warcraft. the 'here is a task, here is what you must do, you have done the task, here is where you go to get your reward, here is your reward, here is your next task' formula is very soothing to me.","things that help with how all-caps anxious i feel right now: world of warcraft. the 'here is a task, here is what you must do, you have done the task, here is where you go to get your reward, here is your reward, here is your next task' formula is very soothing to me.",things that help with how all caps anxious i feel right now  world of warcraft  the  here is a task  here is what you must do  you have done the task  here is where you go to get your reward  here is your reward  here is your next task  formula is very soothing to me ,things that help with how all caps anxious i feel right now world of warcraft the here is a task here is what you must do you have done the task here is where you go to get your reward here is your reward here is your next task formula is very soothing to me,things that help with how all caps anxious i feel right now world of warcraft the here is a task here is what you must do you have done the task here is where you go to get your reward here is your reward here is your next task formula is very soothing to me,things that help with how all caps anxious i feel right now world of warcraft the here is a task here is what you must do you have done the task here is where you go to get your reward here is your reward here is your next task formula is very soothing to me,things help caps anxious feel right world warcraft task must done task go get reward reward next task formula very soothing,thing help cap anxious feel right world warcraft task must do task go get reward reward next task formula very soothe,thing help cap anxious feel right world warcraft task must do task go get reward reward next task formula very soothe,thing help cap anxious feel right world warcraft task must do task go get reward reward next task formula very soothe
12,Neutral#Positive,His Biggest Gold Grubber yet and best game with Reno Jackson for using his new updated zero cost Gold hero saving power,His Biggest Gold Grubber yet and best game with Reno Jackson for using his new updated zero cost Gold hero saving power,His Biggest Gold Grubber yet and best game with Reno Jackson for using his new updated zero cost Gold hero saving power,His Biggest Gold Grubber yet and best game with Reno Jackson for using his new updated zero cost Gold hero saving power,His Biggest Gold Grubber yet and best game with Reno Jackson for using his new updated zero cost Gold hero saving power,His Biggest Gold Grubber yet and best game with Reno Jackson for using his new updated zero cost Gold hero saving power,his biggest gold grubber yet and best game with reno jackson for using his new updated zero cost gold hero saving power,his biggest gold grubber yet and best game with reno jackson for using his new updated zero cost gold hero saving power,his biggest gold grubber yet and best game with reno jackson for using his new updated zero cost gold hero saving power,his biggest gold grubber yet and best game with reno jackson for using his new updated zero cost gold hero saving power,his biggest gold grubber yet and best game with reno jackson for using his new updated zero cost gold hero saving power,his biggest gold grubber yet and best game with reno jackson for using his new updated zero cost gold hero saving power,his biggest gold grubber yet and best game with reno jackson for using his new updated zero cost gold hero saving power,biggest gold grubber yet best game reno jackson using new updated zero cost gold hero saving power,biggest gold grubber yet best game reno jackson use new update zero cost gold hero save power,biggest gold grubber yet best game reno jackson use new update zero cost gold hero save power,biggest gold grubber yet best game reno jackson use new update zero cost gold hero save power
13,Positive,The latest WarCraft Press Daily! paper.li/WarCraftPress/… Thanks to @Shadesogrey,The latest WarCraft Press Daily! paper.li/WarCraftPress/… Thanks to @Shadesogrey,The latest WarCraft Press Daily! paper.li/WarCraftPress/… Thanks to @Shadesogrey,The latest WarCraft Press Daily! paper.li/WarCraftPress/… Thanks to @Shadesogrey,The latest WarCraft Press Daily! paper.li/WarCraftPress/… Thanks to  ,The latest WarCraft Press Daily! paper.li/WarCraftPress/… Thanks to  ,the latest warcraft press daily! paper.li/warcraftpress/… thanks to  ,the latest warcraft press daily! paper.li/warcraftpress/… thanks to  ,the latest warcraft press daily! paper.li/warcraftpress/… thanks to  ,the latest warcraft press daily  paper li warcraftpress   thanks to  ,the latest warcraft press daily paper li warcraftpress thanks to,the latest warcraft press daily paper li warcraftpress thanks to,the latest warcraft press daily paper li warcraftpress thanks to,latest warcraft press daily paper li warcraftpress thanks,late warcraft press daily paper li warcraftpress thanks,late warcraft press daily paper li warcraftpress thanks,late warcraft press daily paper li warcraftpress thanks
14,Negative,i immediately play overwatch again (bad),i immediately play overwatch again (bad),i immediately play overwatch again (bad),i immediately play overwatch again (bad),i immediately play overwatch again (bad),i immediately play overwatch again (bad),i immediately play overwatch again (bad),i immediately play overwatch again (bad),i immediately play overwatch again (bad),i immediately play overwatch again  bad ,i immediately play overwatch again bad,i immediately play overwatch again bad,i immediately play overwatch again bad,immediately play overwatch bad,immediately play overwatch bad,immediately play overwatch bad,immediately play overwatch bad
15,Negative,Huge water leak. I wonder how Sony will react now to this?,Huge water leak. I wonder how Sony will react now to this?,Huge water leak. I wonder how Sony will react now to this?,Huge water leak. I wonder how Sony will react now to this?,Huge water leak. I wonder how Sony will react now to this?,Huge water leak. I wonder how Sony will react now to this?,huge water leak. i wonder how sony will react now to this?,huge water leak. i wonder how sony will react now to this?,huge water leak. i wonder how sony will react now to this?,huge water leak  i wonder how sony will react now to this ,huge water leak i wonder how sony will react now to this,huge water leak i wonder how sony will react now to this,huge water leak i wonder how sony will react now to this,huge water leak wonder sony react,huge water leak wonder sony react,huge water leak wonder sony react,huge water leak wonder sony react
16,Negative,"Nerd Tweet: I'm really disappointed by @ PlayOverwatch, one of my favorite games I've played since day one. I feel that all they care about is sport. We finally have a new hero, cool, but another dps. 2 / 2 / 2 I can somehow come back. But let's switch open...","Nerd Tweet: I'm really disappointed by @ PlayOverwatch, one of my favorite games I've played since day one. I feel that all they care about is sport. We finally have a new hero, cool, but another dps. 2 / 2 / 2 I can somehow come back. But let's switch open...","Nerd Tweet: I'm really disappointed by @ PlayOverwatch, one of my favorite games I've played since day one. I feel that all they care about is sport. We finally have a new hero, cool, but another dps. 2 / 2 / 2 I can somehow come back. But let's switch open...","Nerd Tweet: I'm really disappointed by @ PlayOverwatch, one of my favorite games I've played since day one. I feel that all they care about is sport. We finally have a new hero, cool, but another dps. 2 / 2 / 2 I can somehow come back. But let's switch open...","Nerd Tweet: I'm really disappointed by  , one of my favorite games I've played since day one. I feel that all they care about is sport. We finally have a new hero, cool, but another dps. 2 / 2 / 2 I can somehow come back. But let's switch open...","Nerd Tweet: I'm really disappointed by  , one of my favorite games I've played since day one. I feel that all they care about is sport. We finally have a new hero, cool, but another dps. 2 / 2 / 2 I can somehow come back. But let's switch open...","nerd tweet: i'm really disappointed by  , one of my favorite games i've played since day one. i feel that all they care about is sport. we finally have a new hero, cool, but another dps. 2 / 2 / 2 i can somehow come back. but let's switch open...","nerd tweet: i am really disappointed by  , one of my favorite games i have played since day one. i feel that all they care about is sport. we finally have a new hero, cool, but another dps. 2 / 2 / 2 i can somehow come back. but let us switch open...","nerd tweet: i am really disappointed by  , one of my favorite games i have played since day one. i feel that all they care about is sport. we finally have a new hero, cool, but another dps. 2 / 2 / 2 i can somehow come back. but let us switch open..",nerd tweet  i am really disappointed by    one of my favorite games i have played since day one  i feel that all they care about is sport  we finally have a new hero  cool  but another dps  2   2   2 i can somehow come back  but let us switch open  ,nerd tweet i am really disappointed by one of my favorite games i have played since day one i feel that all they care about is sport we finally have a new hero cool but another dps 2 2 2 i can somehow come back but let us switch open,nerd tweet i am really disappointed by one of my favorite games i have played since day one i feel that all they care about is sport we finally have a new hero cool but another dps 2 2 2 i can somehow come back but let us switch open,nerd tweet i am really disappointed by one of my favorite games i have played since day one i feel that all they care about is sport we finally have a new hero cool but another dps i can somehow come back but let us switch open,nerd tweet really disappointed one favorite games played since day one feel care sport finally new hero cool but another dps somehow come back but let us switch open,nerd tweet really disappointed one favorite game play since day one feel care sport finally new hero cool but another dp somehow come back but let u switch open,nerd tweet really disappointed one favorite game play since day one feel care sport finally new hero cool but another dp somehow come back but let switch open,nerd tweet really disappointed one favorite game play since day one feel care sport finally new hero cool but another dp somehow come back but let switch open
17,Neutral,Will<unk> be screaming “ hello it’s Jon champion with co co commentator Jim “ as what dey fuck?,Will<unk> be screaming “ hello it’s Jon champion with co co commentator Jim “ as what dey fuck?,Will<unk> be screaming “ hello it’s Jon champion with co co commentator Jim “ as what dey fuck?,Will<unk> be screaming “ hello it’s Jon champion with co co commentator Jim “ as what dey fuck?,Will<unk> be screaming “ hello it’s Jon champion with co co commentator Jim “ as what dey fuck?,Will<unk> be screaming “ hello it’s Jon champion with co co commentator Jim “ as what dey fuck?,will<unk> be screaming “ hello it’s jon champion with co co commentator jim “ as what dey fuck?,will<unk> be screaming “ hello it is jon champion with co co commentator jim “ as what dey fuck?,will<unk> be screaming “ hello it is jon champion with co co commentator jim “ as what dey fuck?,will unk  be screaming   hello it is jon champion with co co commentator jim   as what dey fuck ,will unk be screaming hello it is jon champion with co co commentator jim as what dey fuck,will unk be screaming hello it is jon champion with co co commentator jim as what dey fuck,will unk be screaming hello it is jon champion with co co commentator jim as what dey fuck,unk screaming hello jon champion co co commentator jim dey fuck,unk scream hello jon champion co co commentator jim dey fuck,unk scream hello jon champion co co commentator jim dey fuck,unk scream hello jon champion co co commentator jim dey fuck
18,Positive,4 favorite games of all time. (thanks @317Slayer and @Drunk_Cookies!). . 1. Halo 2/3 can't pick. 2. Rocket League. 3. Kingdom Hearts 2. 4. Super Mario Bros All Stars (this was probably the first game I ever played). . @Demintele_Sway @DiscoSpider93 @Void_BWungus @LSTesports let’s see em!,4 favorite games of all time. (thanks @317Slayer and @Drunk_Cookies!). . 1. Halo 2/3 can't pick. 2. Rocket League. 3. Kingdom Hearts 2. 4. Super Mario Bros All Stars (this was probably the first game I ever played). . @Demintele_Sway @DiscoSpider93 @Void_BWungus @LSTesports let’s see em!,4 favorite games of all time. (thanks @317Slayer and @Drunk_Cookies!). . 1. Halo 2/3 can't pick. 2. Rocket League. 3. Kingdom Hearts 2. 4. Super Mario Bros All Stars (this was probably the first game I ever played). . @Demintele_Sway @DiscoSpider93 @Void_BWungus @LSTesports let’s see em!,4 favorite games of all time. (thanks @317Slayer and @Drunk_Cookies!). . 1. Halo 2/3 can't pick. 2. Rocket League. 3. Kingdom Hearts 2. 4. Super Mario Bros All Stars (this was probably the first game I ever played). . @Demintele_Sway @DiscoSpider93 @Void_BWungus @LSTesports let’s see em!,4 favorite games of all time. (thanks   and  !). . 1. Halo 2/3 can't pick. 2. Rocket League. 3. Kingdom Hearts 2. 4. Super Mario Bros All Stars (this was probably the first game I ever played). .         let’s see em!,4 favorite games of all time. (thanks   and  !). . 1. Halo 2/3 can't pick. 2. Rocket League. 3. Kingdom Hearts 2. 4. Super Mario Bros All Stars (this was probably the first game I ever played). .         let’s see em!,4 favorite games of all time. (thanks   and  !). . 1. halo 2/3 can't pick. 2. rocket league. 3. kingdom hearts 2. 4. super mario bros all stars (this was probably the first game i ever played). .         let’s see em!,4 favorite games of all time. (thanks   and  !). . 1. halo 2/3 cannot pick. 2. rocket league. 3. kingdom hearts 2. 4. super mario bros all stars (this was probably the first game i ever played). .         let us see them!,4 favorite games of all time. (thanks  and  !). . 1. halo 2/3 cannot pick. 2. rocket league. 3. kingdom hearts 2. 4. super mario bros all stars (this was probably the first game i ever played). .  let us see them!,4 favorite games of all time   thanks  and        1  halo 2 3 cannot pick  2  rocket league  3  kingdom hearts 2  4  super mario bros all stars  this was probably the first game i ever played      let us see them ,4 favorite games of all time thanks and 1 halo 2 3 cannot pick 2 rocket league 3 kingdom hearts 2 4 super mario bros all stars this was probably the first game i ever played let us see them,4 favorite games of all time thanks and 1 halo 2 3 cannot pick 2 rocket league 3 kingdom hearts 2 4 super mario bros all stars this was probably the first game i ever played let us see them,favorite games of all time thanks and halo cannot pick rocket league kingdom hearts super mario bros all stars this was probably the first game i ever played let us see them,favorite games time thanks halo cannot pick rocket league kingdom hearts super mario bros stars probably first game ever played let us see,favorite game time thanks halo cannot pick rocket league kingdom heart super mario bros stars probably first game ever play let u see,favorite game time thanks halo cannot pick rocket league kingdom heart super mario bros stars probably first game ever play let see,favorite game time thanks halo cannot pick rocket league kingdom heart super mario bros stars probably first game ever play let see
19,Negative,I like you how some @NBA2K_2KTV act like nothing wrong with that @NBA2K just keep selling this wack info.,I like you how some @NBA2K_2KTV act like nothing wrong with that @NBA2K just keep selling this wack info.,I like you how some @NBA2K_2KTV act like nothing wrong with that @NBA2K just keep selling this wack info.,I like you how some @NBA2K_2KTV act like nothing wrong with that @NBA2K just keep selling this wack info.,I like you how some   act like nothing wrong with that   just keep selling this wack info.,I like you how some   act like nothing wrong with that   just keep selling this wack info.,i like you how some   act like nothing wrong with that   just keep selling this wack info.,i like you how some   act like nothing wrong with that   just keep selling this wack info.,i like you how some  act like nothing wrong with that  just keep selling this wack info.,i like you how some  act like nothing wrong with that  just keep selling this wack info ,i like you how some act like nothing wrong with that just keep selling this wack info,i like you how some act like nothing wrong with that just keep selling this wack info,i like you how some act like nothing wrong with that just keep selling this wack info,like act like nothing wrong keep selling wack info,like act like nothing wrong keep sell wack info,like act like nothing wrong keep sell wack info,like act like nothing wrong keep sell wack info
20,Negative,One of the strangest things Red Dead Redement 2 has taught me (offline and online) is that there were banks and garbage cans everywhere in the old West.,One of the strangest things Red Dead Redement 2 has taught me (offline and online) is that there were banks and garbage cans everywhere in the old West.,One of the strangest things Red Dead Redement 2 has taught me (offline and online) is that there were banks and garbage cans everywhere in the old West.,One of the strangest things Red Dead Redement 2 has taught me (offline and online) is that there were banks and garbage cans everywhere in the old West.,One of the strangest things Red Dead Redement 2 has taught me (offline and online) is that there were banks and garbage cans everywhere in the old West.,One of the strangest things Red Dead Redement 2 has taught me (offline and online) is that there were banks and garbage cans everywhere in the old West.,one of the strangest things red dead redement 2 has taught me (offline and online) is that there were banks and garbage cans everywhere in the old west.,one of the strangest things red dead redement 2 has taught me (offline and online) is that there were banks and garbage cans everywhere in the old west.,one of the strangest things red dead redement 2 has taught me (offline and online) is that there were banks and garbage cans everywhere in the old west.,one of the strangest things red dead redement 2 has taught me  offline and online  is that there were banks and garbage cans everywhere in the old west ,one of the strangest things red dead redement 2 has taught me offline and online is that there were banks and garbage cans everywhere in the old west,one of the strangest things red dead redement 2 has taught me offline and online is that there were banks and garbage cans everywhere in the old west,one of the strangest things red dead redement has taught me offline and online is that there were banks and garbage cans everywhere in the old west,one strangest things red dead redement taught offline online banks garbage cans everywhere old west,one strange thing red dead redement teach offline online bank garbage can everywhere old west,one strange thing red dead redement teach offline online bank garbage can everywhere old west,one strange thing red dead redement teach offline online bank garbage can everywhere old west
21,Negative,RT vikatan:'Walking in India is the worst! 2-Microsoft to,RT vikatan:'Walking in India is the worst! 2-Microsoft to,RT vikatan:'Walking in India is the worst! 2-Microsoft to,RT vikatan:'Walking in India is the worst! 2-Microsoft to,RT vikatan:'Walking in India is the worst! 2-Microsoft to,RT vikatan:'Walking in India is the worst! 2-Microsoft to,rt vikatan:'walking in india is the worst! 2-microsoft to,rt vikatan:'walking in india is the worst! 2-microsoft to,rt vikatan:'walking in india is the worst! 2-microsoft to,rt vikatan  walking in india is the worst  2 microsoft to,rt vikatan walking in india is the worst 2 microsoft to,rt vikatan walking in india is the worst 2 microsoft to,rt vikatan walking in india is the worst microsoft to,vikatan walking india worst microsoft,vikatan walk india bad microsoft,vikatan walk india bad microsoft,vikatan walk india bad microsoft
22,Irrelevant,Red Dead Redemption. . store.playstation.com/,Red Dead Redemption. . store.playstation.com/,Red Dead Redemption. . store.playstation.com/,Red Dead Redemption. .  /,Red Dead Redemption. .  /,Red Dead Redemption. .  /,red dead redemption. .  /,red dead redemption. .  /,red dead redemption. .  /,red dead redemption      ,red dead redemption,red dead redemption,red dead redemption,red dead redemption,red dead redemption,red dead redemption,red dead redemption
23,Positive,"@ NBA2K can I ask an episode also I have bought almost 2 million worth of vc, this is how much I love this game","@ NBA2K can I ask an episode also I have bought almost 2 million worth of vc, this is how much I love this game","@ NBA2K can I ask an episode also I have bought almost 2 million worth of vc, this is how much I love this game","@ NBA2K can I ask an episode also I have bought almost 2 million worth of vc, this is how much I love this game","  can I ask an episode also I have bought almost 2 million worth of vc, this is how much I love this game","  can I ask an episode also I have bought almost 2 million worth of vc, this is how much I love this game","  can i ask an episode also i have bought almost 2 million worth of vc, this is how much i love this game","  can i ask an episode also i have bought almost 2 million worth of vc, this is how much i love this game","  can i ask an episode also i have bought almost 2 million worth of vc, this is how much i love this game",  can i ask an episode also i have bought almost 2 million worth of vc  this is how much i love this game,can i ask an episode also i have bought almost 2 million worth of vc this is how much i love this game,can i ask an episode also i have bought almost 2 million worth of vc this is how much i love this game,can i ask an episode also i have bought almost million worth of vc this is how much i love this game,ask episode also bought almost million worth vc much love game,ask episode also buy almost million worth vc much love game,ask episode also buy almost million worth vc much love game,ask episode also buy almost million worth vc much love game
24,Negative#Neutral,pause who the god uses microsoft word... what's the point for them...,pause who the god uses microsoft word... what's the point for them...,pause who the god uses microsoft word... what's the point for them...,pause who the god uses microsoft word... what's the point for them...,pause who the god uses microsoft word... what's the point for them...,pause who the god uses microsoft word... what's the point for them...,pause who the god uses microsoft word... what's the point for them...,pause who the god uses microsoft word... what is the point for them...,pause who the god uses microsoft word.. what is the point for them..,pause who the god uses microsoft word   what is the point for them  ,pause who the god uses microsoft word what is the point for them,pause who the god uses microsoft word what is the point for them,pause who the god uses microsoft word what is the point for them,pause god uses microsoft word point,pause god use microsoft word point,pause god use microsoft word point,pause god use microsoft word point
25,Irrelevant#Negative,The ban for Battlefield 4 911 _ kbbbbbbb.com player was due to DETAILS: bf4db.com / player / ban / 513...,The ban for Battlefield 4 911 _ kbbbbbbb.com player was due to DETAILS: bf4db.com / player / ban / 513...,The ban for Battlefield 4 911 _ kbbbbbbb.com player was due to DETAILS: bf4db.com / player / ban / 513...,The ban for Battlefield 4 911 _   player was due to DETAILS:   / ban / 513...,The ban for Battlefield 4 911 _   player was due to DETAILS:   / ban / 513...,The ban for Battlefield 4 911 _   player was due to DETAILS:   / ban / 513...,the ban for battlefield 4 911 _   player was due to details:   / ban / 513...,the ban for battlefield 4 911 _   player was due to details:   / ban / 513...,the ban for battlefield 4 911 _  player was due to details:  / ban / 513..,the ban for battlefield 4 911    player was due to details     ban   513  ,the ban for battlefield 4 911 player was due to details ban 513,the ban for battlefield 4 911 player was due to details ban 513,the ban for battlefield player was due to details ban,ban battlefield player due details ban,ban battlefield player due details ban,ban battlefield player due details ban,ban battlefield player due details ban
26,Positive,4 Favorite Game Soundtracks:.. Doom. Doom. Doom. Doom forever,4 Favorite Game Soundtracks:.. Doom. Doom. Doom. Doom forever,4 Favorite Game Soundtracks:.. Doom. Doom. Doom. Doom forever,4 Favorite Game Soundtracks:.. Doom. Doom. Doom. Doom forever,4 Favorite Game Soundtracks:.. Doom. Doom. Doom. Doom forever,4 Favorite Game Soundtracks:.. Doom. Doom. Doom. Doom forever,4 favorite game soundtracks:.. doom. doom. doom. doom forever,4 favorite game soundtracks:.. doom. doom. doom. doom forever,4 favorite game soundtracks:.. doom. doom. doom. doom forever,4 favorite game soundtracks    doom  doom  doom  doom forever,4 favorite game soundtracks doom doom doom doom forever,4 favorite game soundtracks doom doom doom doom forever,favorite game soundtracks doom doom doom doom forever,favorite game soundtracks doom doom doom doom forever,favorite game soundtracks doom doom doom doom forever,favorite game soundtracks doom doom doom doom forever,favorite game soundtracks doom doom doom doom forever
27,Negative,niggas really out here tryna play me like I'm Call of Duty! I hate it here,niggas really out here tryna play me like I'm Call of Duty! I hate it here,niggas really out here tryna play me like I'm Call of Duty! I hate it here,niggas really out here tryna play me like I'm Call of Duty! I hate it here,niggas really out here tryna play me like I'm Call of Duty! I hate it here,niggas really out here tryna play me like I'm Call of Duty! I hate it here,niggas really out here tryna play me like i'm call of duty! i hate it here,niggas really out here tryna play me like i am call of duty! i hate it here,niggas really out here tryna play me like i am call of duty! i hate it here,niggas really out here tryna play me like i am call of duty  i hate it here,niggas really out here tryna play me like i am call of duty i hate it here,niggas really out here tryna play me like i am call of duty i hate it here,niggas really out here tryna play me like i am call of duty i hate it here,niggas really tryna play like call duty hate,nigga really tryna play like call duty hate,nigga really tryna play like call duty hate,nigga really tryna play like call duty hate
28,Neutral,Well... it was kind of puzzling.,Well... it was kind of puzzling.,Well... it was kind of puzzling.,Well... it was kind of puzzling.,Well... it was kind of puzzling.,Well... it was kind of puzzling.,well... it was kind of puzzling.,well... it was kind of puzzling.,well.. it was kind of puzzling.,well   it was kind of puzzling ,well it was kind of puzzling,well it was kind of puzzling,well it was kind of puzzling,well kind puzzling,well kind puzzling,well kind puzzling,well kind puzzling
29,Positive,"oh fuck I just realized... if a League of Legends Champion gets into smash, there's a relatively high chance it's Yasuo. FUCK","oh fuck I just realized... if a League of Legends Champion gets into smash, there's a relatively high chance it's Yasuo. FUCK","oh fuck I just realized... if a League of Legends Champion gets into smash, there's a relatively high chance it's Yasuo. FUCK","oh fuck I just realized... if a League of Legends Champion gets into smash, there's a relatively high chance it's Yasuo. FUCK","oh fuck I just realized... if a League of Legends Champion gets into smash, there's a relatively high chance it's Yasuo. FUCK","oh fuck I just realized... if a League of Legends Champion gets into smash, there's a relatively high chance it's Yasuo. FUCK","oh fuck i just realized... if a league of legends champion gets into smash, there's a relatively high chance it's yasuo. fuck","oh fuck i just realized... if a league of legends champion gets into smash, there is a relatively high chance it is yasuo. fuck","oh fuck i just realized.. if a league of legends champion gets into smash, there is a relatively high chance it is yasuo. fuck",oh fuck i just realized   if a league of legends champion gets into smash  there is a relatively high chance it is yasuo  fuck,oh fuck i just realized if a league of legends champion gets into smash there is a relatively high chance it is yasuo fuck,oh fuck i just realized if a league of legends champion gets into smash there is a relatively high chance it is yasuo fuck,oh fuck i just realized if a league of legends champion gets into smash there is a relatively high chance it is yasuo fuck,oh fuck realized league legends champion gets smash relatively high chance yasuo fuck,oh fuck realize league legends champion get smash relatively high chance yasuo fuck,oh fuck realize league legends champion get smash relatively high chance yasuo fuck,oh fuck realize league legends champion get smash relatively high chance yasuo fuck
30,Neutral,Something went wrong.,Something went wrong.,Something went wrong.,Something went wrong.,Something went wrong.,Something went wrong.,something went wrong.,something went wrong.,something went wrong.,something went wrong ,something went wrong,something went wrong,something went wrong,something went wrong,something go wrong,something go wrong,something go wrong
31,Irrelevant,I'm live on Twitch - watch me on twitch.tv / osg _ shotz,I'm live on Twitch - watch me on twitch.tv / osg _ shotz,I'm live on Twitch - watch me on twitch.tv / osg _ shotz,I'm live on Twitch - watch me on   _ shotz,I'm live on Twitch - watch me on   _ shotz,I'm live on Twitch - watch me on   _ shotz,i'm live on twitch - watch me on   _ shotz,i am live on twitch - watch me on   _ shotz,i am live on twitch - watch me on  _ shotz,i am live on twitch   watch me on    shotz,i am live on twitch watch me on shotz,i am live on twitch watch me on shotz,i am live on twitch watch me on shotz,live twitch watch shotz,live twitch watch shotz,live twitch watch shotz,live twitch watch shotz
32,Irrelevant,The Best Decent Bot •. sniper prize for La @NioxSnipingYT •...,The Best Decent Bot •. sniper prize for La @NioxSnipingYT •...,The Best Decent Bot •. sniper prize for La @NioxSnipingYT •...,The Best Decent Bot •. sniper prize for La @NioxSnipingYT •...,The Best Decent Bot •. sniper prize for La   •...,The Best Decent Bot •. sniper prize for La   •...,the best decent bot •. sniper prize for la   •...,the best decent bot •. sniper prize for la   •...,the best decent bot •. sniper prize for la  •..,the best decent bot    sniper prize for la     ,the best decent bot sniper prize for la,the best decent bot sniper prize for la,the best decent bot sniper prize for la,best decent bot sniper prize la,best decent bot sniper prize la,best decent bot sniper prize la,best decent bot sniper prize la
33,Neutral#Positive,I miss the hot dog stands at Home Depot,I miss the hot dog stands at Home Depot,I miss the hot dog stands at Home Depot,I miss the hot dog stands at Home Depot,I miss the hot dog stands at Home Depot,I miss the hot dog stands at Home Depot,i miss the hot dog stands at home depot,i miss the hot dog stands at home depot,i miss the hot dog stands at home depot,i miss the hot dog stands at home depot,i miss the hot dog stands at home depot,i miss the hot dog stands at home depot,i miss the hot dog stands at home depot,miss hot dog stands home depot,miss hot dog stand home depot,miss hot dog stand home depot,miss hot dog stand home depot
34,Positive,"Beautiful song. Powerful lyrics that more people should hear..  ""Furious Love"" by VERIDIA on Amazon Music. music.amazon.com/albums/B00IPBY…","Beautiful song. Powerful lyrics that more people should hear..  ""Furious Love"" by VERIDIA on Amazon Music. music.amazon.com/albums/B00IPBY…","Beautiful song. Powerful lyrics that more people should hear..  ""Furious Love"" by VERIDIA on Amazon Music. music.amazon.com/albums/B00IPBY…","Beautiful song. Powerful lyrics that more people should hear..  ""Furious Love"" by VERIDIA on Amazon Music.  ","Beautiful song. Powerful lyrics that more people should hear..  ""Furious Love"" by VERIDIA on Amazon Music.  ","Beautiful song. Powerful lyrics that more people should hear..  ""Furious Love"" by VERIDIA on Amazon Music.  ","beautiful song. powerful lyrics that more people should hear..  ""furious love"" by veridia on amazon music.  ","beautiful song. powerful lyrics that more people should hear..  ""furious love"" by veridia on amazon music.  ","beautiful song. powerful lyrics that more people should hear..  ""furious love"" by veridia on amazon music.  ",beautiful song  powerful lyrics that more people should hear     furious love  by veridia on amazon music   ,beautiful song powerful lyrics that more people should hear furious love by veridia on amazon music,beautiful song powerful lyrics that more people should hear furious love by veridia on amazon music,beautiful song powerful lyrics that more people should hear furious love by veridia on amazon music,beautiful song powerful lyrics people hear furious love veridia amazon music,beautiful song powerful lyric people hear furious love veridia amazon music,beautiful song powerful lyric people hear furious love veridia amazon music,beautiful song powerful lyric people hear furious love veridia amazon music
35,Positive,Great way to bring exposure to young up and new coming artists,Great way to bring exposure to young up and new coming artists,Great way to bring exposure to young up and new coming artists,Great way to bring exposure to young up and new coming artists,Great way to bring exposure to young up and new coming artists,Great way to bring exposure to young up and new coming artists,great way to bring exposure to young up and new coming artists,great way to bring exposure to young up and new coming artists,great way to bring exposure to young up and new coming artists,great way to bring exposure to young up and new coming artists,great way to bring exposure to young up and new coming artists,great way to bring exposure to young up and new coming artists,great way to bring exposure to young up and new coming artists,great way bring exposure young up new coming artists,great way bring exposure young up new come artist,great way bring exposure young up new come artist,great way bring exposure young up new come artist
36,Irrelevant#Positive,with I mean this is just insane . . . RhandlerR RhandlerR RhandlerR pic.twitter.com/30llzT6egr,with I mean this is just insane . . . RhandlerR RhandlerR RhandlerR pic.twitter.com/30llzT6egr,with I mean this is just insane . . . RhandlerR RhandlerR RhandlerR pic.twitter.com/30llzT6egr,with I mean this is just insane . . . RhandlerR RhandlerR RhandlerR  ,with I mean this is just insane . . . RhandlerR RhandlerR RhandlerR  ,with I mean this is just insane . . . RhandlerR RhandlerR RhandlerR  ,with i mean this is just insane . . . rhandlerr rhandlerr rhandlerr  ,with i mean this is just insane . . . rhandlerr rhandlerr rhandlerr  ,with i mean this is just insane . . . rhandlerr rhandlerr rhandlerr  ,with i mean this is just insane       rhandlerr rhandlerr rhandlerr  ,with i mean this is just insane rhandlerr rhandlerr rhandlerr,with i mean this is just insane rhandlerr rhandlerr rhandlerr,with i mean this is just insane rhandlerr rhandlerr rhandlerr,mean insane rhandlerr rhandlerr rhandlerr,mean insane rhandlerr rhandlerr rhandlerr,mean insane rhandlerr rhandlerr rhandlerr,mean insane rhandlerr rhandlerr rhandlerr
37,Positive,Congratulations to @Team__Spirit!... You are the.. Good coaching job. Yes Thank you again for playing!...,Congratulations to @Team__Spirit!... You are the.. Good coaching job. Yes Thank you again for playing!...,Congratulations to @Team__Spirit!... You are the.. Good coaching job. Yes Thank you again for playing!...,Congratulations to @Team__Spirit!... You are the.. Good coaching job. Yes Thank you again for playing!...,Congratulations to  !... You are the.. Good coaching job. Yes Thank you again for playing!...,Congratulations to  !... You are the.. Good coaching job. Yes Thank you again for playing!...,congratulations to  !... you are the.. good coaching job. yes thank you again for playing!...,congratulations to  !... you are the.. good coaching job. yes thank you again for playing!...,congratulations to  !.. you are the.. good coaching job. yes thank you again for playing!..,congratulations to      you are the   good coaching job  yes thank you again for playing   ,congratulations to you are the good coaching job yes thank you again for playing,congratulations to you are the good coaching job yes thank you again for playing,congratulations to you are the good coaching job yes thank you again for playing,congratulations good coaching job yes thank playing,congratulation good coach job yes thank play,congratulation good coach job yes thank play,congratulation good coach job yes thank play
38,Neutral,Why government banned pubg,Why government banned pubg,Why government banned pubg,Why government banned pubg,Why government banned pubg,Why government banned pubg,why government banned pubg,why government banned pubg,why government banned pubg,why government banned pubg,why government banned pubg,why government banned pubg,why government banned pubg,government banned pubg,government ban pubg,government ban pubg,government ban pubg
39,Neutral,Hey @ verizonfios @ verizonSupport Why does my internet speed drop to 591 Mbit / s when I pay for 1Gig SIM card services?.. Testing is done via a wired connection with CAT8 SFTP 40GB cables.. speedtest.net / result / c / 1999d...,Hey @ verizonfios @ verizonSupport Why does my internet speed drop to 591 Mbit / s when I pay for 1Gig SIM card services?.. Testing is done via a wired connection with CAT8 SFTP 40GB cables.. speedtest.net / result / c / 1999d...,Hey @ verizonfios @ verizonSupport Why does my internet speed drop to 591 Mbit / s when I pay for 1Gig SIM card services?.. Testing is done via a wired connection with CAT8 SFTP 40GB cables.. speedtest.net / result / c / 1999d...,Hey @ verizonfios @ verizonSupport Why does my internet speed drop to 591 Mbit / s when I pay for 1Gig SIM card services?.. Testing is done via a wired connection with CAT8 SFTP 40GB cables..   / c / 1999d...,Hey     Why does my internet speed drop to 591 Mbit / s when I pay for 1Gig SIM card services?.. Testing is done via a wired connection with CAT8 SFTP 40GB cables..   / c / 1999d...,Hey     Why does my internet speed drop to 591 Mbit / s when I pay for 1Gig SIM card services?.. Testing is done via a wired connection with CAT8 SFTP 40GB cables..   / c / 1999d...,hey     why does my internet speed drop to 591 mbit / s when i pay for 1gig sim card services?.. testing is done via a wired connection with cat8 sftp 40gb cables..   / c / 1999d...,hey     why does my internet speed drop to 591 mbit / s when i pay for 1gig sim card services?.. testing is done via a wired connection with cat8 sftp 40gb cables..   / c / 1999d...,hey  why does my internet speed drop to 591 mbit / s when i pay for 1gig sim card services?.. testing is done via a wired connection with cat8 sftp 40gb cables..  / c / 199d..,hey  why does my internet speed drop to 591 mbit   s when i pay for 1gig sim card services    testing is done via a wired connection with cat8 sftp 40gb cables      c   199d  ,hey why does my internet speed drop to 591 mbit s when i pay for 1gig sim card services testing is done via a wired connection with cat8 sftp 40gb cables c 199d,hey why does my internet speed drop to 591 mbit s when i pay for 1gig sim card services testing is done via a wired connection with cat 8 sftp 40gb cables c 199d,hey why does my internet speed drop to mbit s when i pay for 1gig sim card services testing is done via a wired connection with cat sftp 40gb cables c 199d,hey internet speed drop mbit pay 1gig sim card services testing done wired connection cat sftp 40gb cables c 199d,hey internet speed drop mbit pay 1gig sim card service testing do wired connection cat sftp 40gb cable c 199d,hey internet speed drop mbit pay 1gig sim card service testing do wired connection cat sftp 40gb cable 199d,hey internet speed drop mbit pay 1gig sim card service testing do wired connection cat sftp 40gb cable 199d
40,Negative,"bloody hell sounds so dumb, I’ve won 10 matches in a row with over 50 MVPS’s and reached 1,500 kills each game carrying my team. Like do I needed to build a new online CSGO account????","bloody hell sounds so dumb, I’ve won 10 matches in a row with over 50 MVPS’s and reached 1,500 kills each game carrying my team. Like do I needed to build a new online CSGO account????","bloody hell sounds so dumb, I’ve won 10 matches in a row with over 50 MVPS’s and reached 1,500 kills each game carrying my team. Like do I needed to build a new online CSGO account????","bloody hell sounds so dumb, I’ve won 10 matches in a row with over 50 MVPS’s and reached 1,500 kills each game carrying my team. Like do I needed to build a new online CSGO account????","bloody hell sounds so dumb, I’ve won 10 matches in a row with over 50 MVPS’s and reached 1,500 kills each game carrying my team. Like do I needed to build a new online CSGO account????","bloody hell sounds so dumb, I’ve won 10 matches in a row with over 50 MVPS’s and reached 1,500 kills each game carrying my team. Like do I needed to build a new online CSGO account????","bloody hell sounds so dumb, i’ve won 10 matches in a row with over 50 mvps’s and reached 1,500 kills each game carrying my team. like do i needed to build a new online csgo account????","bloody hell sounds so dumb, i have won 10 matches in a row with over 50 mvps’s and reached 1,500 kills each game carrying my team. like do i needed to build a new online csgo account????","bloody hell sounds so dumb, i have won 10 matches in a row with over 50 mvps’s and reached 1,500 kills each game carrying my team. like do i needed to build a new online csgo account??",bloody hell sounds so dumb  i have won 10 matches in a row with over 50 mvps s and reached 1 500 kills each game carrying my team  like do i needed to build a new online csgo account  ,bloody hell sounds so dumb i have won 10 matches in a row with over 50 mvps s and reached 1 500 kills each game carrying my team like do i needed to build a new online csgo account,bloody hell sounds so dumb i have won 10 matches in a row with over 50 mvps s and reached 1 500 kills each game carrying my team like do i needed to build a new online csgo account,bloody hell sounds so dumb i have won matches in a row with over mvps s and reached kills each game carrying my team like do i needed to build a new online csgo account,bloody hell sounds dumb won matches row over mvps reached kills game carrying team like needed build new online csgo account,bloody hell sound dumb win match row over mvps reach kill game carry team like need build new online csgo account,bloody hell sound dumb win match row over mvps reach kill game carry team like need build new online csgo account,bloody hell sound dumb win match row over mvps reach kill game carry team like need build new online csgo account
41,Irrelevant,We really are Ghosts... Real and we don't exist.,We really are Ghosts... Real and we don't exist.,We really are Ghosts... Real and we don't exist.,We really are Ghosts... Real and we don't exist.,We really are Ghosts... Real and we don't exist.,We really are Ghosts... Real and we don't exist.,we really are ghosts... real and we don't exist.,we really are ghosts... real and we do not exist.,we really are ghosts.. real and we do not exist.,we really are ghosts   real and we do not exist ,we really are ghosts real and we do not exist,we really are ghosts real and we do not exist,we really are ghosts real and we do not exist,really ghosts real not exist,really ghost real not exist,really ghost real not exist,really ghost real not exist
42,Negative,"Who is ready for microsoft to forcibly resurrect a nasty series with no plan or direction but to make money, and then force archaic spin to release it in 2 years?!!!???","Who is ready for microsoft to forcibly resurrect a nasty series with no plan or direction but to make money, and then force archaic spin to release it in 2 years?!!!???","Who is ready for microsoft to forcibly resurrect a nasty series with no plan or direction but to make money, and then force archaic spin to release it in 2 years?!!!???","Who is ready for microsoft to forcibly resurrect a nasty series with no plan or direction but to make money, and then force archaic spin to release it in 2 years?!!!???","Who is ready for microsoft to forcibly resurrect a nasty series with no plan or direction but to make money, and then force archaic spin to release it in 2 years?!!!???","Who is ready for microsoft to forcibly resurrect a nasty series with no plan or direction but to make money, and then force archaic spin to release it in 2 years?!!!???","who is ready for microsoft to forcibly resurrect a nasty series with no plan or direction but to make money, and then force archaic spin to release it in 2 years?!!!???","who is ready for microsoft to forcibly resurrect a nasty series with no plan or direction but to make money, and then force archaic spin to release it in 2 years?!!!???","who is ready for microsoft to forcibly resurrect a nasty series with no plan or direction but to make money, and then force archaic spin to release it in 2 years?!!??",who is ready for microsoft to forcibly resurrect a nasty series with no plan or direction but to make money  and then force archaic spin to release it in 2 years     ,who is ready for microsoft to forcibly resurrect a nasty series with no plan or direction but to make money and then force archaic spin to release it in 2 years,who is ready for microsoft to forcibly resurrect a nasty series with no plan or direction but to make money and then force archaic spin to release it in 2 years,who is ready for microsoft to forcibly resurrect a nasty series with no plan or direction but to make money and then force archaic spin to release it in years,ready microsoft forcibly resurrect nasty series no plan direction but make money force archaic spin release years,ready microsoft forcibly resurrect nasty series no plan direction but make money force archaic spin release year,ready microsoft forcibly resurrect nasty series no plan direction but make money force archaic spin release year,ready microsoft forcibly resurrect nasty series no plan direction but make money force archaic spin release year
43,Positive,csgo pls stop ranking me up games are getting harder huhu,csgo pls stop ranking me up games are getting harder huhu,csgo pls stop ranking me up games are getting harder huhu,csgo pls stop ranking me up games are getting harder huhu,csgo pls stop ranking me up games are getting harder huhu,csgo pls stop ranking me up games are getting harder huhu,csgo pls stop ranking me up games are getting harder huhu,csgo pls stop ranking me up games are getting harder huhu,csgo pls stop ranking me up games are getting harder huhu,csgo pls stop ranking me up games are getting harder huhu,csgo pls stop ranking me up games are getting harder huhu,csgo pls stop ranking me up games are getting harder huhu,csgo pls stop ranking me up games are getting harder huhu,csgo pls stop ranking up games getting harder huhu,csgo pls stop rank up game get harder huhu,csgo pls stop rank up game get harder huhu,csgo pls stop rank up game get harder huhu
44,Negative,"Google and Amazon were the biggest imitators of the brands used in phishing attacks in the June quarter, the report said.","Google and Amazon were the biggest imitators of the brands used in phishing attacks in the June quarter, the report said.","Google and Amazon were the biggest imitators of the brands used in phishing attacks in the June quarter, the report said.","Google and Amazon were the biggest imitators of the brands used in phishing attacks in the June quarter, the report said.","Google and Amazon were the biggest imitators of the brands used in phishing attacks in the June quarter, the report said.","Google and Amazon were the biggest imitators of the brands used in phishing attacks in the June quarter, the report said.","google and amazon were the biggest imitators of the brands used in phishing attacks in the june quarter, the report said.","google and amazon were the biggest imitators of the brands used in phishing attacks in the june quarter, the report said.","google and amazon were the biggest imitators of the brands used in phishing attacks in the june quarter, the report said.",google and amazon were the biggest imitators of the brands used in phishing attacks in the june quarter  the report said ,google and amazon were the biggest imitators of the brands used in phishing attacks in the june quarter the report said,google and amazon were the biggest imitators of the brands used in phishing attacks in the june quarter the report said,google and amazon were the biggest imitators of the brands used in phishing attacks in the june quarter the report said,google amazon biggest imitators brands used phishing attacks june quarter report said,google amazon big imitator brand use phishing attack june quarter report say,google amazon big imitator brand use phishing attack june quarter report say,google amazon big imitator brand use phishing attack june quarter report say
45,Positive,The current state of the PUBG community regarding Loot Re-balance on Karakin... Personally I'm pretty happy with the changes and look forward to playing the card tonight! pic.twitter.com / eFc2HR1n8Y,The current state of the PUBG community regarding Loot Re-balance on Karakin... Personally I'm pretty happy with the changes and look forward to playing the card tonight! pic.twitter.com / eFc2HR1n8Y,The current state of the PUBG community regarding Loot Re-balance on Karakin... Personally I'm pretty happy with the changes and look forward to playing the card tonight! pic.twitter.com / eFc2HR1n8Y,The current state of the PUBG community regarding Loot Re-balance on Karakin... Personally I'm pretty happy with the changes and look forward to playing the card tonight!  ,The current state of the PUBG community regarding Loot Re-balance on Karakin... Personally I'm pretty happy with the changes and look forward to playing the card tonight!  ,The current state of the PUBG community regarding Loot Re-balance on Karakin... Personally I'm pretty happy with the changes and look forward to playing the card tonight!  ,the current state of the pubg community regarding loot re-balance on karakin... personally i'm pretty happy with the changes and look forward to playing the card tonight!  ,the current state of the pubg community regarding loot re-balance on karakin... personally i am pretty happy with the changes and look forward to playing the card tonight!  ,the current state of the pubg community regarding loot re-balance on karakin.. personally i am pretty happy with the changes and look forward to playing the card tonight!  ,the current state of the pubg community regarding loot re balance on karakin   personally i am pretty happy with the changes and look forward to playing the card tonight   ,the current state of the pubg community regarding loot re balance on karakin personally i am pretty happy with the changes and look forward to playing the card tonight,the current state of the pubg community regarding loot re balance on karakin personally i am pretty happy with the changes and look forward to playing the card tonight,the current state of the pubg community regarding loot re balance on karakin personally i am pretty happy with the changes and look forward to playing the card tonight,current state pubg community regarding loot balance karakin personally pretty happy changes look forward playing card tonight,current state pubg community regard loot balance karakin personally pretty happy change look forward play card tonight,current state pubg community regard loot balance karakin personally pretty happy change look forward play card tonight,current state pubg community regard loot balance karakin personally pretty happy change look forward play card tonight
46,Negative,and Exclusive to PlayStation? Oh fuck off. pic.twitter.com/1NwFtyVXeX,and Exclusive to PlayStation? Oh fuck off. pic.twitter.com/1NwFtyVXeX,and Exclusive to PlayStation? Oh fuck off. pic.twitter.com/1NwFtyVXeX,and Exclusive to PlayStation? Oh fuck off.  ,and Exclusive to PlayStation? Oh fuck off.  ,and Exclusive to PlayStation? Oh fuck off.  ,and exclusive to playstation? oh fuck off.  ,and exclusive to playstation? oh fuck off.  ,and exclusive to playstation? oh fuck off.  ,and exclusive to playstation  oh fuck off   ,and exclusive to playstation oh fuck off,and exclusive to playstation oh fuck off,and exclusive to playstation oh fuck off,exclusive playstation oh fuck off,exclusive playstation oh fuck off,exclusive playstation oh fuck off,exclusive playstation oh fuck off
47,Negative,@ArgosHelpers I do love how you took money from providing my PayPal for PS5 but because the order didn ’ t completely go through your high end management because they ran an out worth of stock the moment I paid?.,@ArgosHelpers I do love how you took money from providing my PayPal for PS5 but because the order didn ’ t completely go through your high end management because they ran an out worth of stock the moment I paid?.,@ArgosHelpers I do love how you took money from providing my PayPal for PS5 but because the order didn ’ t completely go through your high end management because they ran an out worth of stock the moment I paid?.,@ArgosHelpers I do love how you took money from providing my PayPal for PS5 but because the order didn ’ t completely go through your high end management because they ran an out worth of stock the moment I paid?.,  I do love how you took money from providing my PayPal for PS5 but because the order didn ’ t completely go through your high end management because they ran an out worth of stock the moment I paid?.,  I do love how you took money from providing my PayPal for PS5 but because the order didn ’ t completely go through your high end management because they ran an out worth of stock the moment I paid?.,  i do love how you took money from providing my paypal for ps5 but because the order didn ’ t completely go through your high end management because they ran an out worth of stock the moment i paid?.,  i do love how you took money from providing my paypal for ps5 but because the order didn ’ t completely go through your high end management because they ran an out worth of stock the moment i paid?.,  i do love how you took money from providing my paypal for ps5 but because the order didn ’ t completely go through your high end management because they ran an out worth of stock the moment i paid?.,  i do love how you took money from providing my paypal for ps5 but because the order didn   t completely go through your high end management because they ran an out worth of stock the moment i paid  ,i do love how you took money from providing my paypal for ps5 but because the order didn t completely go through your high end management because they ran an out worth of stock the moment i paid,i do love how you took money from providing my paypal for ps5 but because the order didn t completely go through your high end management because they ran an out worth of stock the moment i paid,i do love how you took money from providing my paypal for ps5 but because the order didn t completely go through your high end management because they ran an out worth of stock the moment i paid,love took money providing paypal ps5 but order didn completely go high end management ran worth stock moment paid,love take money provide paypal ps5 but order didn completely go high end management run worth stock moment pay,love take money provide paypal ps5 but order didn completely go high end management run worth stock moment pay,love take money provide paypal ps5 but order didn completely go high end management run worth stock moment pay
48,Irrelevant#Positive,Best pistol player in 2016:GO?..,Best pistol player in 2016:GO?..,Best pistol player in 2016:GO?..,Best pistol player in 2016:GO?..,Best pistol player in 2016:GO?..,Best pistol player in 2016:GO?..,best pistol player in 2016:go?..,best pistol player in 2016:go?..,best pistol player in 2016:go?..,best pistol player in 2016 go   ,best pistol player in 2016 go,best pistol player in 2016 go,best pistol player in go,best pistol player go,best pistol player go,best pistol player go,best pistol player go
49,Positive,"Oh, yeah, although I always used to work mostly with these older guys. Second company from inside my portfolio to be acquired in the past for three months. Congrats, @SwiftStack team, on winning the acquisition!","Oh, yeah, although I always used to work mostly with these older guys. Second company from inside my portfolio to be acquired in the past for three months. Congrats, @SwiftStack team, on winning the acquisition!","Oh, yeah, although I always used to work mostly with these older guys. Second company from inside my portfolio to be acquired in the past for three months. Congrats, @SwiftStack team, on winning the acquisition!","Oh, yeah, although I always used to work mostly with these older guys. Second company from inside my portfolio to be acquired in the past for three months. Congrats, @SwiftStack team, on winning the acquisition!","Oh, yeah, although I always used to work mostly with these older guys. Second company from inside my portfolio to be acquired in the past for three months. Congrats,   team, on winning the acquisition!","Oh, yeah, although I always used to work mostly with these older guys. Second company from inside my portfolio to be acquired in the past for three months. Congrats,   team, on winning the acquisition!","oh, yeah, although i always used to work mostly with these older guys. second company from inside my portfolio to be acquired in the past for three months. congrats,   team, on winning the acquisition!","oh, yeah, although i always used to work mostly with these older guys. second company from inside my portfolio to be acquired in the past for three months. congrats,   team, on winning the acquisition!","oh, yeah, although i always used to work mostly with these older guys. second company from inside my portfolio to be acquired in the past for three months. congrats,  team, on winning the acquisition!",oh  yeah  although i always used to work mostly with these older guys  second company from inside my portfolio to be acquired in the past for three months  congrats   team  on winning the acquisition ,oh yeah although i always used to work mostly with these older guys second company from inside my portfolio to be acquired in the past for three months congrats team on winning the acquisition,oh yeah although i always used to work mostly with these older guys second company from inside my portfolio to be acquired in the past for three months congrats team on winning the acquisition,oh yeah although i always used to work mostly with these older guys second company from inside my portfolio to be acquired in the past for three months congrats team on winning the acquisition,oh yeah although always used work mostly older guys second company inside portfolio acquired past three months congrats team winning acquisition,oh yeah although always use work mostly old guy second company inside portfolio acquire past three month congrats team win acquisition,oh yeah although always use work mostly old guy second company inside portfolio acquire past three month congrats team win acquisition,oh yeah although always use work mostly old guy second company inside portfolio acquire past three month congrats team win acquisition
50,Positive,"all hyped for cold war, campaign is something i cant wait let start! Who else is hyped!?","all hyped for cold war, campaign is something i cant wait let start! Who else is hyped!?","all hyped for cold war, campaign is something i cant wait let start! Who else is hyped!?","all hyped for cold war, campaign is something i cant wait let start! Who else is hyped!?","all hyped for cold war, campaign is something i cant wait let start! Who else is hyped!?","all hyped for cold war, campaign is something i cant wait let start! Who else is hyped!?","all hyped for cold war, campaign is something i cant wait let start! who else is hyped!?","all hyped for cold war, campaign is something i cannot wait let start! who else is hyped!?","all hyped for cold war, campaign is something i cannot wait let start! who else is hyped!?",all hyped for cold war  campaign is something i cannot wait let start  who else is hyped  ,all hyped for cold war campaign is something i cannot wait let start who else is hyped,all hyped for cold war campaign is something i cannot wait let start who else is hyped,all hyped for cold war campaign is something i cannot wait let start who else is hyped,hyped cold war campaign something cannot wait let start else hyped,hyped cold war campaign something cannot wait let start else hyped,hyped cold war campaign something cannot wait let start else hyped,hyped cold war campaign something cannot wait let start else hyped
51,Neutral,"Not exactly. Free means the price is your data. During the early days of Avast and AVG, I used to say it was better than nothing. Now, I think nothing - and Microsoft Defender - is better than this bad firewall.","Not exactly. Free means the price is your data. During the early days of Avast and AVG, I used to say it was better than nothing. Now, I think nothing - and Microsoft Defender - is better than this bad firewall.","Not exactly. Free means the price is your data. During the early days of Avast and AVG, I used to say it was better than nothing. Now, I think nothing - and Microsoft Defender - is better than this bad firewall.","Not exactly. Free means the price is your data. During the early days of Avast and AVG, I used to say it was better than nothing. Now, I think nothing - and Microsoft Defender - is better than this bad firewall.","Not exactly. Free means the price is your data. During the early days of Avast and AVG, I used to say it was better than nothing. Now, I think nothing - and Microsoft Defender - is better than this bad firewall.","Not exactly. Free means the price is your data. During the early days of Avast and AVG, I used to say it was better than nothing. Now, I think nothing - and Microsoft Defender - is better than this bad firewall.","not exactly. free means the price is your data. during the early days of avast and avg, i used to say it was better than nothing. now, i think nothing - and microsoft defender - is better than this bad firewall.","not exactly. free means the price is your data. during the early days of avast and average, i used to say it was better than nothing. now, i think nothing - and microsoft defender - is better than this bad firewall.","not exactly. free means the price is your data. during the early days of avast and average, i used to say it was better than nothing. now, i think nothing - and microsoft defender - is better than this bad firewall.",not exactly  free means the price is your data  during the early days of avast and average  i used to say it was better than nothing  now  i think nothing   and microsoft defender   is better than this bad firewall ,not exactly free means the price is your data during the early days of avast and average i used to say it was better than nothing now i think nothing and microsoft defender is better than this bad firewall,not exactly free means the price is your data during the early days of avast and average i used to say it was better than nothing now i think nothing and microsoft defender is better than this bad firewall,not exactly free means the price is your data during the early days of avast and average i used to say it was better than nothing now i think nothing and microsoft defender is better than this bad firewall,not exactly free means price data early days avast average used say better nothing think nothing microsoft defender better bad firewall,not exactly free mean price data early day avast average use say well nothing think nothing microsoft defender well bad firewall,not exactly free mean price data early day avast average use say well nothing think nothing microsoft defender well bad firewall,not exactly free mean price data early day avast average use say well nothing think nothing microsoft defender well bad firewall
52,Negative,Just tried @GhostRecon_UK for the first time in months and it's still a bug riddled mess. Seriously guy just abandon it and move on. It's dead now.,Just tried @GhostRecon_UK for the first time in months and it's still a bug riddled mess. Seriously guy just abandon it and move on. It's dead now.,Just tried @GhostRecon_UK for the first time in months and it's still a bug riddled mess. Seriously guy just abandon it and move on. It's dead now.,Just tried @GhostRecon_UK for the first time in months and it's still a bug riddled mess. Seriously guy just abandon it and move on. It's dead now.,Just tried   for the first time in months and it's still a bug riddled mess. Seriously guy just abandon it and move on. It's dead now.,Just tried   for the first time in months and it's still a bug riddled mess. Seriously guy just abandon it and move on. It's dead now.,just tried   for the first time in months and it's still a bug riddled mess. seriously guy just abandon it and move on. it's dead now.,just tried   for the first time in months and it is still a bug riddled mess. seriously guy just abandon it and move on. it is dead now.,just tried  for the first time in months and it is still a bug riddled mess. seriously guy just abandon it and move on. it is dead now.,just tried  for the first time in months and it is still a bug riddled mess  seriously guy just abandon it and move on  it is dead now ,just tried for the first time in months and it is still a bug riddled mess seriously guy just abandon it and move on it is dead now,just tried for the first time in months and it is still a bug riddled mess seriously guy just abandon it and move on it is dead now,just tried for the first time in months and it is still a bug riddled mess seriously guy just abandon it and move on it is dead now,tried first time months still bug riddled mess seriously guy abandon move dead,try first time month still bug riddled mess seriously guy abandon move dead,try first time month still bug riddled mess seriously guy abandon move dead,try first time month still bug riddled mess seriously guy abandon move dead
53,Irrelevant,@ YoyaltyGaming I can't see them.,@ YoyaltyGaming I can't see them.,@ YoyaltyGaming I can't see them.,@ YoyaltyGaming I can't see them.,  I can't see them.,  I can't see them.,  i can't see them.,  i cannot see them.,  i cannot see them.,  i cannot see them ,i cannot see them,i cannot see them,i cannot see them,cannot see,cannot see,cannot see,cannot see
54,Irrelevant,Uh huh pic.facebook.com / bi5qYQfatb,Uh huh pic.facebook.com / bi5qYQfatb,Uh huh pic.facebook.com / bi5qYQfatb,Uh huh  ,Uh huh  ,Uh huh  ,uh huh  ,uh huh  ,uh huh  ,uh huh  ,uh huh,uh huh,uh huh,uh huh,uh huh,uh huh,uh huh
55,Irrelevant#Positive,"than $500 on the AERO VA OLED - Award winning design, stunning 4K OLED panel, color in front edge of kitchen oven, with i7 core and Nvidia Core 4. This is a no work from home, create anywhere laptop! buff.ly/3kd6oRQ","than $500 on the AERO VA OLED - Award winning design, stunning 4K OLED panel, color in front edge of kitchen oven, with i7 core and Nvidia Core 4. This is a no work from home, create anywhere laptop! buff.ly/3kd6oRQ","than $500 on the AERO VA OLED - Award winning design, stunning 4K OLED panel, color in front edge of kitchen oven, with i7 core and Nvidia Core 4. This is a no work from home, create anywhere laptop! buff.ly/3kd6oRQ","than $500 on the AERO VA OLED - Award winning design, stunning 4K OLED panel, color in front edge of kitchen oven, with i7 core and Nvidia Core 4. This is a no work from home, create anywhere laptop!  ","than $500 on the AERO VA OLED - Award winning design, stunning 4K OLED panel, color in front edge of kitchen oven, with i7 core and Nvidia Core 4. This is a no work from home, create anywhere laptop!  ","than $500 on the AERO VA OLED - Award winning design, stunning 4K OLED panel, color in front edge of kitchen oven, with i7 core and Nvidia Core 4. This is a no work from home, create anywhere laptop!  ","than $500 on the aero va oled - award winning design, stunning 4k oled panel, color in front edge of kitchen oven, with i7 core and nvidia core 4. this is a no work from home, create anywhere laptop!  ","than $500 on the aero va oled - award winning design, stunning 4k oled panel, color in front edge of kitchen oven, with i7 core and nvidia core 4. this is a no work from home, create anywhere laptop!  ","than $500 on the aero va oled - award winning design, stunning 4k oled panel, color in front edge of kitchen oven, with i7 core and nvidia core 4. this is a no work from home, create anywhere laptop!  ",than  500 on the aero va oled   award winning design  stunning 4k oled panel  color in front edge of kitchen oven  with i7 core and nvidia core 4  this is a no work from home  create anywhere laptop   ,than 500 on the aero va oled award winning design stunning 4k oled panel color in front edge of kitchen oven with i7 core and nvidia core 4 this is a no work from home create anywhere laptop,than 500 on the aero va oled award winning design stunning 4k oled panel color in front edge of kitchen oven with i7 core and nvidia core 4 this is a no work from home create anywhere laptop,than on the aero va oled award winning design stunning 4k oled panel color in front edge of kitchen oven with i7 core and nvidia core this is a no work from home create anywhere laptop,aero va oled award winning design stunning 4k oled panel color front edge kitchen oven i7 core nvidia core no work home create anywhere laptop,aero va oled award win design stun 4k oled panel color front edge kitchen oven i7 core nvidia core no work home create anywhere laptop,aero va oled award win design stun 4k oled panel color front edge kitchen oven i7 core nvidia core no work home create anywhere laptop,aero va oled award win design stun 4k oled panel color front edge kitchen oven i7 core nvidia core no work home create anywhere laptop
56,Positive,Congratulations guys finally PUBG UNBAN ho gye thnks @ZakaWaqar  thnks all pubg lover .,Congratulations guys finally PUBG UNBAN ho gye thnks @ZakaWaqar  thnks all pubg lover .,Congratulations guys finally PUBG UNBAN ho gye thnks @ZakaWaqar  thnks all pubg lover .,Congratulations guys finally PUBG UNBAN ho gye thnks @ZakaWaqar  thnks all pubg lover .,Congratulations guys finally PUBG UNBAN ho gye thnks    thnks all pubg lover .,Congratulations guys finally PUBG UNBAN ho gye thnks    thnks all pubg lover .,congratulations guys finally pubg unban ho gye thnks    thnks all pubg lover .,congratulations guys finally pubg unban ho gye thnks    thnks all pubg lover .,congratulations guys finally pubg unban ho gye thnks  thnks all pubg lover .,congratulations guys finally pubg unban ho gye thnks  thnks all pubg lover  ,congratulations guys finally pubg unban ho gye thnks thnks all pubg lover,congratulations guys finally pubg unban ho gye thnks thnks all pubg lover,congratulations guys finally pubg unban ho gye thnks thnks all pubg lover,congratulations guys finally pubg unban ho gye thnks thnks pubg lover,congratulation guy finally pubg unban ho gye thnks thnks pubg lover,congratulation guy finally pubg unban ho gye thnks thnks pubg lover,congratulation guy finally pubg unban ho gye thnks thnks pubg lover
57,Positive,"A new game racing mode called "" Liferun "" will be added to Fortnite very effective soon! It will first ever be showcased at PAX South in a few extra days.... In this game mode you'll play here as only a Red Green Cross Society Worker with racing to always save the lives of characters in 4 different missions!. via ) @AdamGrenade im excited!","A new game racing mode called "" Liferun "" will be added to Fortnite very effective soon! It will first ever be showcased at PAX South in a few extra days.... In this game mode you'll play here as only a Red Green Cross Society Worker with racing to always save the lives of characters in 4 different missions!. via ) @AdamGrenade im excited!","A new game racing mode called "" Liferun "" will be added to Fortnite very effective soon! It will first ever be showcased at PAX South in a few extra days.... In this game mode you'll play here as only a Red Green Cross Society Worker with racing to always save the lives of characters in 4 different missions!. via ) @AdamGrenade im excited!","A new game racing mode called "" Liferun "" will be added to Fortnite very effective soon! It will first ever be showcased at PAX South in a few extra days.... In this game mode you'll play here as only a Red Green Cross Society Worker with racing to always save the lives of characters in 4 different missions!. via ) @AdamGrenade im excited!","A new game racing mode called "" Liferun "" will be added to Fortnite very effective soon! It will first ever be showcased at PAX South in a few extra days.... In this game mode you'll play here as only a Red Green Cross Society Worker with racing to always save the lives of characters in 4 different missions!. via )   im excited!","A new game racing mode called "" Liferun "" will be added to Fortnite very effective soon! It will first ever be showcased at PAX South in a few extra days.... In this game mode you'll play here as only a Red Green Cross Society Worker with racing to always save the lives of characters in 4 different missions!. via )   im excited!","a new game racing mode called "" liferun "" will be added to fortnite very effective soon! it will first ever be showcased at pax south in a few extra days.... in this game mode you'll play here as only a red green cross society worker with racing to always save the lives of characters in 4 different missions!. via )   im excited!","a new game racing mode called "" liferun "" will be added to fortnite very effective soon! it will first ever be showcased at pax south in a few extra days.... in this game mode you will play here as only a red green cross society worker with racing to always save the lives of characters in 4 different missions!. via )   i am excited!","a new game racing mode called "" liferun "" will be added to fortnite very effective soon! it will first ever be showcased at pax south in a few extra days.. in this game mode you will play here as only a red green cross society worker with racing to always save the lives of characters in 4 different missions!. via )  i am excited!",a new game racing mode called   liferun   will be added to fortnite very effective soon  it will first ever be showcased at pax south in a few extra days   in this game mode you will play here as only a red green cross society worker with racing to always save the lives of characters in 4 different missions   via    i am excited ,a new game racing mode called liferun will be added to fortnite very effective soon it will first ever be showcased at pax south in a few extra days in this game mode you will play here as only a red green cross society worker with racing to always save the lives of characters in 4 different missions via i am excited,a new game racing mode called liferun will be added to fortnite very effective soon it will first ever be showcased at pax south in a few extra days in this game mode you will play here as only a red green cross society worker with racing to always save the lives of characters in 4 different missions via i am excited,a new game racing mode called liferun will be added to fortnite very effective soon it will first ever be showcased at pax south in a few extra days in this game mode you will play here as only a red green cross society worker with racing to always save the lives of characters in different missions via i am excited,new game racing mode called liferun added fortnite very effective soon first ever showcased pax south extra days game mode play red green cross society worker racing always save lives characters different missions excited,new game race mode call liferun add fortnite very effective soon first ever showcased pax south extra day game mode play red green cross society worker race always save live character different mission excite,new game race mode call liferun add fortnite very effective soon first ever showcased pax south extra day game mode play red green cross society worker race always save live character different mission excite,new game race mode call liferun add fortnite very effective soon first ever showcased pax south extra day game mode play red green cross society worker race always save live character different mission excite
58,Negative,Microsoft falls after Microsoft forgot to issue a certificate: -))))))) theverge.com / 2020 / 2 / 3 / 21120...,Microsoft falls after Microsoft forgot to issue a certificate: -))))))) theverge.com / 2020 / 2 / 3 / 21120...,Microsoft falls after Microsoft forgot to issue a certificate: -))))))) theverge.com / 2020 / 2 / 3 / 21120...,Microsoft falls after Microsoft forgot to issue a certificate: -)))))))   / 2 / 3 / 21120...,Microsoft falls after Microsoft forgot to issue a certificate: -)))))))   / 2 / 3 / 21120...,Microsoft falls after Microsoft forgot to issue a certificate: -)))))))   / 2 / 3 / 21120...,microsoft falls after microsoft forgot to issue a certificate: -)))))))   / 2 / 3 / 21120...,microsoft falls after microsoft forgot to issue a certificate: -)))))))   / 2 / 3 / 21120...,microsoft falls after microsoft forgot to issue a certificate: -))  / 2 / 3 / 21120..,microsoft falls after microsoft forgot to issue a certificate         2   3   21120  ,microsoft falls after microsoft forgot to issue a certificate 2 3 21120,microsoft falls after microsoft forgot to issue a certificate 2 3 21120,microsoft falls after microsoft forgot to issue a certificate,microsoft falls microsoft forgot issue certificate,microsoft fall microsoft forgot issue certificate,microsoft fall microsoft forgot issue certificate,microsoft fall microsoft forgot issue certificate
59,Positive,"New Borderlands Ports on Switch are so good, 100% gave no complaints, definitely worth it, can’t wait to get Bioshock Collection soon.","New Borderlands Ports on Switch are so good, 100% gave no complaints, definitely worth it, can’t wait to get Bioshock Collection soon.","New Borderlands Ports on Switch are so good, 100% gave no complaints, definitely worth it, can’t wait to get Bioshock Collection soon.","New Borderlands Ports on Switch are so good, 100% gave no complaints, definitely worth it, can’t wait to get Bioshock Collection soon.","New Borderlands Ports on Switch are so good, 100% gave no complaints, definitely worth it, can’t wait to get Bioshock Collection soon.","New Borderlands Ports on Switch are so good, 100% gave no complaints, definitely worth it, can’t wait to get Bioshock Collection soon.","new borderlands ports on switch are so good, 100% gave no complaints, definitely worth it, can’t wait to get bioshock collection soon.","new borderlands ports on switch are so good, 100% gave no complaints, definitely worth it, cannot wait to get bioshock collection soon.","new borderlands ports on switch are so good, 100% gave no complaints, definitely worth it, cannot wait to get bioshock collection soon.",new borderlands ports on switch are so good  100  gave no complaints  definitely worth it  cannot wait to get bioshock collection soon ,new borderlands ports on switch are so good 100 gave no complaints definitely worth it cannot wait to get bioshock collection soon,new borderlands ports on switch are so good 100 gave no complaints definitely worth it cannot wait to get bioshock collection soon,new borderlands ports on switch are so good gave no complaints definitely worth it cannot wait to get bioshock collection soon,new borderlands ports switch good gave no complaints definitely worth cannot wait get bioshock collection soon,new borderlands ports switch good give no complaint definitely worth cannot wait get bioshock collection soon,new borderlands ports switch good give no complaint definitely worth cannot wait get bioshock collection soon,new borderlands ports switch good give no complaint definitely worth cannot wait get bioshock collection soon
60,Negative,I ’ m really bummed that @CyberpunkGame is only first person. 5 I think your 3rd person is always leading the move forward for successful side story games. The camera angles while playing just really seems so awkward and leave your game constantly struggling to enjoy the surrounding details. 4 This is going to hurt me their success,I ’ m really bummed that @CyberpunkGame is only first person. 5 I think your 3rd person is always leading the move forward for successful side story games. The camera angles while playing just really seems so awkward and leave your game constantly struggling to enjoy the surrounding details. 4 This is going to hurt me their success,I ’ m really bummed that @CyberpunkGame is only first person. 5 I think your 3rd person is always leading the move forward for successful side story games. The camera angles while playing just really seems so awkward and leave your game constantly struggling to enjoy the surrounding details. 4 This is going to hurt me their success,I ’ m really bummed that @CyberpunkGame is only first person. 5 I think your 3rd person is always leading the move forward for successful side story games. The camera angles while playing just really seems so awkward and leave your game constantly struggling to enjoy the surrounding details. 4 This is going to hurt me their success,I ’ m really bummed that   is only first person. 5 I think your 3rd person is always leading the move forward for successful side story games. The camera angles while playing just really seems so awkward and leave your game constantly struggling to enjoy the surrounding details. 4 This is going to hurt me their success,I ’ m really bummed that   is only first person. 5 I think your 3rd person is always leading the move forward for successful side story games. The camera angles while playing just really seems so awkward and leave your game constantly struggling to enjoy the surrounding details. 4 This is going to hurt me their success,i ’ m really bummed that   is only first person. 5 i think your 3rd person is always leading the move forward for successful side story games. the camera angles while playing just really seems so awkward and leave your game constantly struggling to enjoy the surrounding details. 4 this is going to hurt me their success,i ’ m really bummed that   is only first person. 5 i think your 3rd person is always leading the move forward for successful side story games. the camera angles while playing just really seems so awkward and leave your game constantly struggling to enjoy the surrounding details. 4 this is going to hurt me their success,i ’ m really bummed that  is only first person. 5 i think your 3rd person is always leading the move forward for successful side story games. the camera angles while playing just really seems so awkward and leave your game constantly struggling to enjoy the surrounding details. 4 this is going to hurt me their success,i   m really bummed that  is only first person  5 i think your 3rd person is always leading the move forward for successful side story games  the camera angles while playing just really seems so awkward and leave your game constantly struggling to enjoy the surrounding details  4 this is going to hurt me their success,i m really bummed that is only first person 5 i think your 3rd person is always leading the move forward for successful side story games the camera angles while playing just really seems so awkward and leave your game constantly struggling to enjoy the surrounding details 4 this is going to hurt me their success,i m really bummed that is only first person 5 i think your 3rd person is always leading the move forward for successful side story games the camera angles while playing just really seems so awkward and leave your game constantly struggling to enjoy the surrounding details 4 this is going to hurt me their success,i m really bummed that is only first person i think your 3rd person is always leading the move forward for successful side story games the camera angles while playing just really seems so awkward and leave your game constantly struggling to enjoy the surrounding details this is going to hurt me their success,really bummed first person think 3rd person always leading move forward successful side story games camera angles playing really seems awkward leave game constantly struggling enjoy surrounding details going hurt success,really bum first person think 3rd person always lead move forward successful side story game camera angle play really seem awkward leave game constantly struggle enjoy surround detail go hurt success,really bum first person think 3rd person always lead move forward successful side story game camera angle play really seem awkward leave game constantly struggle enjoy surround detail go hurt success,really bum first person think 3rd person always lead move forward successful side story game camera angle play really seem awkward leave game constantly struggle enjoy surround detail go hurt success
61,Irrelevant,"Scump, Simp, Loony, Slacked","Scump, Simp, Loony, Slacked","Scump, Simp, Loony, Slacked","Scump, Simp, Loony, Slacked","Scump, Simp, Loony, Slacked","Scump, Simp, Loony, Slacked","scump, simp, loony, slacked","scump, simp, loony, slacked","scump, simp, loony, slacked",scump  simp  loony  slacked,scump simp loony slacked,scump simp loony slacked,scump simp loony slacked,scump simp loony slacked,scump simp loony slack,scump simp loony slack,scump simp loony slack
62,Positive,"It's take a while, but great to see the RTX real-time ray tracing technology lent out to even more mainstream games. The addition aboard @nvidia represents a big one.","It's take a while, but great to see the RTX real-time ray tracing technology lent out to even more mainstream games. The addition aboard @nvidia represents a big one.","It's take a while, but great to see the RTX real-time ray tracing technology lent out to even more mainstream games. The addition aboard @nvidia represents a big one.","It's take a while, but great to see the RTX real-time ray tracing technology lent out to even more mainstream games. The addition aboard @nvidia represents a big one.","It's take a while, but great to see the RTX real-time ray tracing technology lent out to even more mainstream games. The addition aboard   represents a big one.","It's take a while, but great to see the RTX real-time ray tracing technology lent out to even more mainstream games. The addition aboard   represents a big one.","it's take a while, but great to see the rtx real-time ray tracing technology lent out to even more mainstream games. the addition aboard   represents a big one.","it is take a while, but great to see the rtx real-time ray tracing technology lent out to even more mainstream games. the addition aboard   represents a big one.","it is take a while, but great to see the rtx real-time ray tracing technology lent out to even more mainstream games. the addition aboard  represents a big one.",it is take a while  but great to see the rtx real time ray tracing technology lent out to even more mainstream games  the addition aboard  represents a big one ,it is take a while but great to see the rtx real time ray tracing technology lent out to even more mainstream games the addition aboard represents a big one,it is take a while but great to see the rtx real time ray tracing technology lent out to even more mainstream games the addition aboard represents a big one,it is take a while but great to see the rtx real time ray tracing technology lent out to even more mainstream games the addition aboard represents a big one,take but great see rtx real time ray tracing technology lent even mainstream games addition aboard represents big one,take but great see rtx real time ray trace technology lend even mainstream game addition aboard represent big one,take but great see rtx real time ray trace technology lend even mainstream game addition aboard represent big one,take but great see rtx real time ray trace technology lend even mainstream game addition aboard represent big one
63,Negative,@CallofDuty has gotten over 156GB. . . Absolutely pathetic.,@CallofDuty has gotten over 156GB. . . Absolutely pathetic.,@CallofDuty has gotten over 156GB. . . Absolutely pathetic.,@CallofDuty has gotten over 156GB. . . Absolutely pathetic.,  has gotten over 156GB. . . Absolutely pathetic.,  has gotten over 156GB. . . Absolutely pathetic.,  has gotten over 156gb. . . absolutely pathetic.,  has gotten over 156gb. . . absolutely pathetic.,  has gotten over 156gb. . . absolutely pathetic.,  has gotten over 156gb      absolutely pathetic ,has gotten over 156gb absolutely pathetic,has gotten over 156gb absolutely pathetic,has gotten over 156gb absolutely pathetic,gotten over 156gb absolutely pathetic,gotten over 156gb absolutely pathetic,gotten over 156gb absolutely pathetic,gotten over 156gb absolutely pathetic
64,Positive,"The new @ PlayHearthstone expansion looks like it will add some really fun cards, and the old gods were my favorite expansion.","The new @ PlayHearthstone expansion looks like it will add some really fun cards, and the old gods were my favorite expansion.","The new @ PlayHearthstone expansion looks like it will add some really fun cards, and the old gods were my favorite expansion.","The new @ PlayHearthstone expansion looks like it will add some really fun cards, and the old gods were my favorite expansion.","The new   expansion looks like it will add some really fun cards, and the old gods were my favorite expansion.","The new   expansion looks like it will add some really fun cards, and the old gods were my favorite expansion.","the new   expansion looks like it will add some really fun cards, and the old gods were my favorite expansion.","the new   expansion looks like it will add some really fun cards, and the old gods were my favorite expansion.","the new  expansion looks like it will add some really fun cards, and the old gods were my favorite expansion.",the new  expansion looks like it will add some really fun cards  and the old gods were my favorite expansion ,the new expansion looks like it will add some really fun cards and the old gods were my favorite expansion,the new expansion looks like it will add some really fun cards and the old gods were my favorite expansion,the new expansion looks like it will add some really fun cards and the old gods were my favorite expansion,new expansion looks like add really fun cards old gods favorite expansion,new expansion look like add really fun card old god favorite expansion,new expansion look like add really fun card old god favorite expansion,new expansion look like add really fun card old god favorite expansion
65,Negative,@saquon you peep with ball carrier vision? They hurt 🤦. ‍.,@saquon you peep with ball carrier vision? They hurt 🤦. ‍.,@saquon you peep with ball carrier vision? They hurt 🤦. ‍.,@saquon you peep with ball carrier vision? They hurt 🤦. ‍.,  you peep with ball carrier vision? They hurt 🤦. ‍.,  you peep with ball carrier vision? They hurt 🤦. ‍.,  you peep with ball carrier vision? they hurt 🤦. ‍.,  you peep with ball carrier vision? they hurt 🤦. ‍.,  you peep with ball carrier vision? they hurt 🤦. ‍.,  you peep with ball carrier vision  they hurt      ,you peep with ball carrier vision they hurt,you peep with ball carrier vision they hurt,you peep with ball carrier vision they hurt,peep ball carrier vision hurt,peep ball carrier vision hurt,peep ball carrier vision hurt,peep ball carrier vision hurt
66,Neutral#Positive,Found this perfect setting for Zeus,Found this perfect setting for Zeus,Found this perfect setting for Zeus,Found this perfect setting for Zeus,Found this perfect setting for Zeus,Found this perfect setting for Zeus,found this perfect setting for zeus,found this perfect setting for zeus,found this perfect setting for zeus,found this perfect setting for zeus,found this perfect setting for zeus,found this perfect setting for zeus,found this perfect setting for zeus,found perfect setting zeus,find perfect set zeus,find perfect set zeus,find perfect set zeus
67,Irrelevant#Positive,. Is beautiful @GhostRecon..,. Is beautiful @GhostRecon..,. Is beautiful @GhostRecon..,. Is beautiful @GhostRecon..,. Is beautiful  ..,. Is beautiful  ..,. is beautiful  ..,. is beautiful  ..,. is beautiful  ..,  is beautiful    ,is beautiful,is beautiful,is beautiful,beautiful,beautiful,beautiful,beautiful
68,Positive,Happy Happy Monday!!! Tonight we will be streaming me Playing League Of Legends and learning characters through ARAM!! can’t hope will see you all!,Happy Happy Monday!!! Tonight we will be streaming me Playing League Of Legends and learning characters through ARAM!! can’t hope will see you all!,Happy Happy Monday!!! Tonight we will be streaming me Playing League Of Legends and learning characters through ARAM!! can’t hope will see you all!,Happy Happy Monday!!! Tonight we will be streaming me Playing League Of Legends and learning characters through ARAM!! can’t hope will see you all!,Happy Happy Monday!!! Tonight we will be streaming me Playing League Of Legends and learning characters through ARAM!! can’t hope will see you all!,Happy Happy Monday!!! Tonight we will be streaming me Playing League Of Legends and learning characters through ARAM!! can’t hope will see you all!,happy happy monday!!! tonight we will be streaming me playing league of legends and learning characters through aram!! can’t hope will see you all!,happy happy monday!!! tonight we will be streaming me playing league of legends and learning characters through aram!! cannot hope will see you all!,happy happy monday!! tonight we will be streaming me playing league of legends and learning characters through aram!! cannot hope will see you all!,happy happy monday   tonight we will be streaming me playing league of legends and learning characters through aram   cannot hope will see you all ,happy happy monday tonight we will be streaming me playing league of legends and learning characters through aram cannot hope will see you all,happy happy monday tonight we will be streaming me playing league of legends and learning characters through aram cannot hope will see you all,happy happy monday tonight we will be streaming me playing league of legends and learning characters through aram cannot hope will see you all,happy happy monday tonight streaming playing league legends learning characters aram cannot hope see,happy happy monday tonight stream play league legends learn character aram cannot hope see,happy happy monday tonight stream play league legends learn character aram cannot hope see,happy happy monday tonight stream play league legends learn character aram cannot hope see
69,Positive,"A second and a half not watching it, I finally beat Red Dead Redemption III, a wonderfully rich game that kills you with a fantastic storyline if you constantly fight with deliberate controls and molasses coated pace. Can’t wait to seriously play RDR1 now for the first time.<unk>]","A second and a half not watching it, I finally beat Red Dead Redemption III, a wonderfully rich game that kills you with a fantastic storyline if you constantly fight with deliberate controls and molasses coated pace. Can’t wait to seriously play RDR1 now for the first time.<unk>]","A second and a half not watching it, I finally beat Red Dead Redemption III, a wonderfully rich game that kills you with a fantastic storyline if you constantly fight with deliberate controls and molasses coated pace. Can’t wait to seriously play RDR1 now for the first time.<unk>]","A second and a half not watching it, I finally beat Red Dead Redemption III, a wonderfully rich game that kills you with a fantastic storyline if you constantly fight with deliberate controls and molasses coated pace. Can’t wait to seriously play RDR1 now for the first time.<unk>]","A second and a half not watching it, I finally beat Red Dead Redemption III, a wonderfully rich game that kills you with a fantastic storyline if you constantly fight with deliberate controls and molasses coated pace. Can’t wait to seriously play RDR1 now for the first time.<unk>]","A second and a half not watching it, I finally beat Red Dead Redemption III, a wonderfully rich game that kills you with a fantastic storyline if you constantly fight with deliberate controls and molasses coated pace. Can’t wait to seriously play RDR1 now for the first time.<unk>]","a second and a half not watching it, i finally beat red dead redemption iii, a wonderfully rich game that kills you with a fantastic storyline if you constantly fight with deliberate controls and molasses coated pace. can’t wait to seriously play rdr1 now for the first time.<unk>]","a second and a half not watching it, i finally beat red dead redemption iii, a wonderfully rich game that kills you with a fantastic storyline if you constantly fight with deliberate controls and molasses coated pace. cannot wait to seriously play rdr1 now for the first time.<unk>]","a second and a half not watching it, i finally beat red dead redemption ii, a wonderfully rich game that kills you with a fantastic storyline if you constantly fight with deliberate controls and molasses coated pace. cannot wait to seriously play rdr1 now for the first time.<unk>]",a second and a half not watching it  i finally beat red dead redemption ii  a wonderfully rich game that kills you with a fantastic storyline if you constantly fight with deliberate controls and molasses coated pace  cannot wait to seriously play rdr1 now for the first time  unk  ,a second and a half not watching it i finally beat red dead redemption ii a wonderfully rich game that kills you with a fantastic storyline if you constantly fight with deliberate controls and molasses coated pace cannot wait to seriously play rdr1 now for the first time unk,a second and a half not watching it i finally beat red dead redemption ii a wonderfully rich game that kills you with a fantastic storyline if you constantly fight with deliberate controls and molasses coated pace cannot wait to seriously play rdr 1 now for the first time unk,a second and a half not watching it i finally beat red dead redemption ii a wonderfully rich game that kills you with a fantastic storyline if you constantly fight with deliberate controls and molasses coated pace cannot wait to seriously play rdr now for the first time unk,second half not watching finally beat red dead redemption ii wonderfully rich game kills fantastic storyline constantly fight deliberate controls molasses coated pace cannot wait seriously play rdr first time unk,second half not watch finally beat red dead redemption ii wonderfully rich game kill fantastic storyline constantly fight deliberate control molasses coat pace cannot wait seriously play rdr first time unk,second half not watch finally beat red dead redemption ii wonderfully rich game kill fantastic storyline constantly fight deliberate control molasses coat pace cannot wait seriously play rdr first time unk,second half not watch finally beat red dead redemption ii wonderfully rich game kill fantastic storyline constantly fight deliberate control molasses coat pace cannot wait seriously play rdr first time unk
70,Negative,20 Volunteers Suffer Negative Response to Johnson Gary Johnson’s... thevaccinereaction.org/2020/10/20-vol…,20 Volunteers Suffer Negative Response to Johnson Gary Johnson’s... thevaccinereaction.org/2020/10/20-vol…,20 Volunteers Suffer Negative Response to Johnson Gary Johnson’s... thevaccinereaction.org/2020/10/20-vol…,20 Volunteers Suffer Negative Response to Johnson Gary Johnson’s...  ,20 Volunteers Suffer Negative Response to Johnson Gary Johnson’s...  ,20 Volunteers Suffer Negative Response to Johnson Gary Johnson’s...  ,20 volunteers suffer negative response to johnson gary johnson’s...  ,20 volunteers suffer negative response to johnson gary johnson’s...  ,20 volunteers suffer negative response to johnson gary johnson’s..  ,20 volunteers suffer negative response to johnson gary johnson s    ,20 volunteers suffer negative response to johnson gary johnson s,20 volunteers suffer negative response to johnson gary johnson s,volunteers suffer negative response to johnson gary johnson s,volunteers suffer negative response johnson gary johnson,volunteer suffer negative response johnson gary johnson,volunteer suffer negative response johnson gary johnson,volunteer suffer negative response johnson gary johnson
71,Positive,Come watch my buddy Vinny and I for some bad gameplay and even worse jokes! Rocket League! Call of Duty Warzone!  Streaming till 2AM maybe later! Come hang out :),Come watch my buddy Vinny and I for some bad gameplay and even worse jokes! Rocket League! Call of Duty Warzone!  Streaming till 2AM maybe later! Come hang out :),Come watch my buddy Vinny and I for some bad gameplay and even worse jokes! Rocket League! Call of Duty Warzone!  Streaming till 2AM maybe later! Come hang out :),Come watch my buddy Vinny and I for some bad gameplay and even worse jokes! Rocket League! Call of Duty Warzone!  Streaming till 2AM maybe later! Come hang out :),Come watch my buddy Vinny and I for some bad gameplay and even worse jokes! Rocket League! Call of Duty Warzone!  Streaming till 2AM maybe later! Come hang out :),Come watch my buddy Vinny and I for some bad gameplay and even worse jokes! Rocket League! Call of Duty Warzone!  Streaming till 2AM maybe later! Come hang out :),come watch my buddy vinny and i for some bad gameplay and even worse jokes! rocket league! call of duty warzone!  streaming till 2am maybe later! come hang out :),come watch my buddy vinny and i for some bad gameplay and even worse jokes! rocket league! call of duty warzone!  streaming till 2am maybe later! come hang out :),come watch my buddy vinny and i for some bad gameplay and even worse jokes! rocket league! call of duty warzone!  streaming till 2am maybe later! come hang out :),come watch my buddy vinny and i for some bad gameplay and even worse jokes  rocket league  call of duty warzone   streaming till 2am maybe later  come hang out   ,come watch my buddy vinny and i for some bad gameplay and even worse jokes rocket league call of duty warzone streaming till 2am maybe later come hang out,come watch my buddy vinny and i for some bad gameplay and even worse jokes rocket league call of duty warzone streaming till 2am maybe later come hang out,come watch my buddy vinny and i for some bad gameplay and even worse jokes rocket league call of duty warzone streaming till 2am maybe later come hang out,come watch buddy vinny bad gameplay even worse jokes rocket league call duty warzone streaming till 2am maybe later come hang,come watch buddy vinny bad gameplay even bad joke rocket league call duty warzone streaming till 2am maybe later come hang,come watch buddy vinny bad gameplay even bad joke rocket league call duty warzone streaming till 2am maybe later come hang,come watch buddy vinny bad gameplay even bad joke rocket league call duty warzone streaming till 2am maybe later come hang
72,Negative,Hi everyone. Just got a working account. I'm really tired driving facebook.,Hi everyone. Just got a working account. I'm really tired driving facebook.,Hi everyone. Just got a working account. I'm really tired driving facebook.,Hi everyone. Just got a working account. I'm really tired driving facebook.,Hi everyone. Just got a working account. I'm really tired driving facebook.,Hi everyone. Just got a working account. I'm really tired driving facebook.,hi everyone. just got a working account. i'm really tired driving facebook.,hi everyone. just got a working account. i am really tired driving facebook.,hi everyone. just got a working account. i am really tired driving facebook.,hi everyone  just got a working account  i am really tired driving facebook ,hi everyone just got a working account i am really tired driving facebook,hi everyone just got a working account i am really tired driving facebook,hi everyone just got a working account i am really tired driving facebook,hi everyone got working account really tired driving facebook,hi everyone get work account really tire drive facebook,hi everyone get work account really tire drive facebook,hi everyone get work account really tire drive facebook
73,Positive,Thanks to all that stopped by the stream tonight. Had a great time hanging with all y'all! It was fun. Thanks to @ReptarOnIce3000 for the follow and hope to see you guys tomorrow for some red dead redemption 2 shenanigans.. .,Thanks to all that stopped by the stream tonight. Had a great time hanging with all y'all! It was fun. Thanks to @ReptarOnIce3000 for the follow and hope to see you guys tomorrow for some red dead redemption 2 shenanigans.. .,Thanks to all that stopped by the stream tonight. Had a great time hanging with all y'all! It was fun. Thanks to @ReptarOnIce3000 for the follow and hope to see you guys tomorrow for some red dead redemption 2 shenanigans.. .,Thanks to all that stopped by the stream tonight. Had a great time hanging with all y'all! It was fun. Thanks to @ReptarOnIce3000 for the follow and hope to see you guys tomorrow for some red dead redemption 2 shenanigans.. .,Thanks to all that stopped by the stream tonight. Had a great time hanging with all y'all! It was fun. Thanks to   for the follow and hope to see you guys tomorrow for some red dead redemption 2 shenanigans.. .,Thanks to all that stopped by the stream tonight. Had a great time hanging with all y'all! It was fun. Thanks to   for the follow and hope to see you guys tomorrow for some red dead redemption 2 shenanigans.. .,thanks to all that stopped by the stream tonight. had a great time hanging with all y'all! it was fun. thanks to   for the follow and hope to see you guys tomorrow for some red dead redemption 2 shenanigans.. .,thanks to all that stopped by the stream tonight. had a great time hanging with all you all! it was fun. thanks to   for the follow and hope to see you guys tomorrow for some red dead redemption 2 shenanigans.. .,thanks to all that stopped by the stream tonight. had a great time hanging with all you all! it was fun. thanks to  for the follow and hope to see you guys tomorrow for some red dead redemption 2 shenanigans.. .,thanks to all that stopped by the stream tonight  had a great time hanging with all you all  it was fun  thanks to  for the follow and hope to see you guys tomorrow for some red dead redemption 2 shenanigans    ,thanks to all that stopped by the stream tonight had a great time hanging with all you all it was fun thanks to for the follow and hope to see you guys tomorrow for some red dead redemption 2 shenanigans,thanks to all that stopped by the stream tonight had a great time hanging with all you all it was fun thanks to for the follow and hope to see you guys tomorrow for some red dead redemption 2 shenanigans,thanks to all that stopped by the stream tonight had a great time hanging with all you all it was fun thanks to for the follow and hope to see you guys tomorrow for some red dead redemption shenanigans,thanks stopped stream tonight great time hanging fun thanks follow hope see guys tomorrow red dead redemption shenanigans,thanks stop stream tonight great time hang fun thanks follow hope see guy tomorrow red dead redemption shenanigan,thanks stop stream tonight great time hang fun thanks follow hope see guy tomorrow red dead redemption shenanigan,thanks stop stream tonight great time hang fun thanks follow hope see guy tomorrow red dead redemption shenanigan
74,Positive,of the setting. Frank Lawrence is back. Feels like Black Ops 1 all over again. See the CCR & New Order soundtrack selections. Looks like the campaign<unk> going to mean DOpE!,of the setting. Frank Lawrence is back. Feels like Black Ops 1 all over again. See the CCR & New Order soundtrack selections. Looks like the campaign<unk> going to mean DOpE!,of the setting. Frank Lawrence is back. Feels like Black Ops 1 all over again. See the CCR & New Order soundtrack selections. Looks like the campaign<unk> going to mean DOpE!,of the setting. Frank Lawrence is back. Feels like Black Ops 1 all over again. See the CCR & New Order soundtrack selections. Looks like the campaign<unk> going to mean DOpE!,of the setting. Frank Lawrence is back. Feels like Black Ops 1 all over again. See the CCR & New Order soundtrack selections. Looks like the campaign<unk> going to mean DOpE!,of the setting. Frank Lawrence is back. Feels like Black Ops 1 all over again. See the CCR & New Order soundtrack selections. Looks like the campaign<unk> going to mean DOpE!,of the setting. frank lawrence is back. feels like black ops 1 all over again. see the ccr & new order soundtrack selections. looks like the campaign<unk> going to mean dope!,of the setting. frank lawrence is back. feels like black ops 1 all over again. see the ccr & new order soundtrack selections. looks like the campaign<unk> going to mean dope!,of the setting. frank lawrence is back. feels like black ops 1 all over again. see the ccr & new order soundtrack selections. looks like the campaign<unk> going to mean dope!,of the setting  frank lawrence is back  feels like black ops 1 all over again  see the ccr   new order soundtrack selections  looks like the campaign unk  going to mean dope ,of the setting frank lawrence is back feels like black ops 1 all over again see the ccr new order soundtrack selections looks like the campaign unk going to mean dope,of the setting frank lawrence is back feels like black ops 1 all over again see the ccr new order soundtrack selections looks like the campaign unk going to mean dope,of the setting frank lawrence is back feels like black ops all over again see the ccr new order soundtrack selections looks like the campaign unk going to mean dope,setting frank lawrence back feels like black ops over see ccr new order soundtrack selections looks like campaign unk going mean dope,set frank lawrence back feel like black ops over see ccr new order soundtrack selection look like campaign unk go mean dope,set frank lawrence back feel like black ops over see ccr new order soundtrack selection look like campaign unk go mean dope,set frank lawrence back feel like black ops over see ccr new order soundtrack selection look like campaign unk go mean dope
75,Negative,I've rarely been less proud (or grateful) to be part of the extended extended family.,I've rarely been less proud (or grateful) to be part of the extended extended family.,I've rarely been less proud (or grateful) to be part of the extended extended family.,I've rarely been less proud (or grateful) to be part of the extended extended family.,I've rarely been less proud (or grateful) to be part of the extended extended family.,I've rarely been less proud (or grateful) to be part of the extended extended family.,i've rarely been less proud (or grateful) to be part of the extended extended family.,i have rarely been less proud (or grateful) to be part of the extended extended family.,i have rarely been less proud (or grateful) to be part of the extended extended family.,i have rarely been less proud  or grateful  to be part of the extended extended family ,i have rarely been less proud or grateful to be part of the extended extended family,i have rarely been less proud or grateful to be part of the extended extended family,i have rarely been less proud or grateful to be part of the extended extended family,rarely less proud grateful part extended extended family,rarely less proud grateful part extend extend family,rarely less proud grateful part extend extend family,rarely less proud grateful part extend extend family
76,Positive,Exit 2020 with a bang,Exit 2020 with a bang,Exit 2020 with a bang,Exit 2020 with a bang,Exit 2020 with a bang,Exit 2020 with a bang,exit 2020 with a bang,exit 2020 with a bang,exit 2020 with a bang,exit 2020 with a bang,exit 2020 with a bang,exit 2020 with a bang,exit with a bang,exit bang,exit bang,exit bang,exit bang
77,Positive,It is not the first time that the EU Commission has taken such a step.,It is not the first time that the EU Commission has taken such a step.,It is not the first time that the EU Commission has taken such a step.,It is not the first time that the EU Commission has taken such a step.,It is not the first time that the EU Commission has taken such a step.,It is not the first time that the EU Commission has taken such a step.,it is not the first time that the eu commission has taken such a step.,it is not the first time that the eu commission has taken such a step.,it is not the first time that the eu commission has taken such a step.,it is not the first time that the eu commission has taken such a step ,it is not the first time that the eu commission has taken such a step,it is not the first time that the eu commission has taken such a step,it is not the first time that the eu commission has taken such a step,not first time eu commission taken step,not first time eu commission take step,not first time eu commission take step,not first time eu commission take step
78,Neutral,PlayStation 5 release date leaked dr.it / RgggBp,PlayStation 5 release date leaked dr.it / RgggBp,PlayStation 5 release date leaked dr.it / RgggBp,PlayStation 5 release date leaked dr.it / RgggBp,PlayStation 5 release date leaked dr.it / RgggBp,PlayStation 5 release date leaked dr.it / RgggBp,playstation 5 release date leaked dr.it / rgggbp,playstation 5 release date leaked dr.it / rgggbp,playstation 5 release date leaked dr.it / rggbp,playstation 5 release date leaked dr it   rggbp,playstation 5 release date leaked dr it rggbp,playstation 5 release date leaked dr it rggbp,playstation release date leaked dr it rggbp,playstation release date leaked dr rggbp,playstation release date leak dr rggbp,playstation release date leak dr rggbp,playstation release date leak dr rggbp
79,Neutral,"""and so it this a symptom of something bigger rolling on? So is it a cause? So now's where everybody WHO's made a mistake, they think it's a cause.""<unk>.","""and so it this a symptom of something bigger rolling on? So is it a cause? So now's where everybody WHO's made a mistake, they think it's a cause.""<unk>.","""and so it this a symptom of something bigger rolling on? So is it a cause? So now's where everybody WHO's made a mistake, they think it's a cause.""<unk>.","""and so it this a symptom of something bigger rolling on? So is it a cause? So now's where everybody WHO's made a mistake, they think it's a cause.""<unk>.","""and so it this a symptom of something bigger rolling on? So is it a cause? So now's where everybody WHO's made a mistake, they think it's a cause.""<unk>.","""and so it this a symptom of something bigger rolling on? So is it a cause? So now's where everybody WHO's made a mistake, they think it's a cause.""<unk>.","""and so it this a symptom of something bigger rolling on? so is it a cause? so now's where everybody who's made a mistake, they think it's a cause.""<unk>.","""and so it this a symptom of something bigger rolling on? so is it a because? so now's where everybody who is made a mistake, they think it is a because.""<unk>.","""and so it this a symptom of something bigger rolling on? so is it a because? so now's where everybody who is made a mistake, they think it is a because.""<unk>.", and so it this a symptom of something bigger rolling on  so is it a because  so now s where everybody who is made a mistake  they think it is a because   unk  ,and so it this a symptom of something bigger rolling on so is it a because so now s where everybody who is made a mistake they think it is a because unk,and so it this a symptom of something bigger rolling on so is it a because so now s where everybody who is made a mistake they think it is a because unk,and so it this a symptom of something bigger rolling on so is it a because so now s where everybody who is made a mistake they think it is a because unk,symptom something bigger rolling everybody made mistake think unk,symptom something big roll everybody make mistake think unk,symptom something big roll everybody make mistake think unk,symptom something big roll everybody make mistake think unk
80,Negative,"I had an itch to draw Lunerian and Silgryn again, bc I miss them so much.. I may no longer play WoW, but Silgryn is still so dear to me.","I had an itch to draw Lunerian and Silgryn again, bc I miss them so much.. I may no longer play WoW, but Silgryn is still so dear to me.","I had an itch to draw Lunerian and Silgryn again, bc I miss them so much.. I may no longer play WoW, but Silgryn is still so dear to me.","I had an itch to draw Lunerian and Silgryn again, bc I miss them so much.. I may no longer play WoW, but Silgryn is still so dear to me.","I had an itch to draw Lunerian and Silgryn again, bc I miss them so much.. I may no longer play WoW, but Silgryn is still so dear to me.","I had an itch to draw Lunerian and Silgryn again, bc I miss them so much.. I may no longer play WoW, but Silgryn is still so dear to me.","i had an itch to draw lunerian and silgryn again, bc i miss them so much.. i may no longer play wow, but silgryn is still so dear to me.","i had an itch to draw lunerian and silgryn again, because i miss them so much.. i may no longer play wow, but silgryn is still so dear to me.","i had an itch to draw lunerian and silgryn again, because i miss them so much.. i may no longer play wow, but silgryn is still so dear to me.",i had an itch to draw lunerian and silgryn again  because i miss them so much   i may no longer play wow  but silgryn is still so dear to me ,i had an itch to draw lunerian and silgryn again because i miss them so much i may no longer play wow but silgryn is still so dear to me,i had an itch to draw lunerian and silgryn again because i miss them so much i may no longer play wow but silgryn is still so dear to me,i had an itch to draw lunerian and silgryn again because i miss them so much i may no longer play wow but silgryn is still so dear to me,itch draw lunerian silgryn miss much may no longer play wow but silgryn still dear,itch draw lunerian silgryn miss much may no longer play wow but silgryn still dear,itch draw lunerian silgryn miss much may no longer play wow but silgryn still dear,itch draw lunerian silgryn miss much may no longer play wow but silgryn still dear
81,Negative,I have never heard of Jesus following the less fortunate. Those who are attacked by the state. There must be a new rebranding.,I have never heard of Jesus following the less fortunate. Those who are attacked by the state. There must be a new rebranding.,I have never heard of Jesus following the less fortunate. Those who are attacked by the state. There must be a new rebranding.,I have never heard of Jesus following the less fortunate. Those who are attacked by the state. There must be a new rebranding.,I have never heard of Jesus following the less fortunate. Those who are attacked by the state. There must be a new rebranding.,I have never heard of Jesus following the less fortunate. Those who are attacked by the state. There must be a new rebranding.,i have never heard of jesus following the less fortunate. those who are attacked by the state. there must be a new rebranding.,i have never heard of jesus following the less fortunate. those who are attacked by the state. there must be a new rebranding.,i have never heard of jesus following the less fortunate. those who are attacked by the state. there must be a new rebranding.,i have never heard of jesus following the less fortunate  those who are attacked by the state  there must be a new rebranding ,i have never heard of jesus following the less fortunate those who are attacked by the state there must be a new rebranding,i have never heard of jesus following the less fortunate those who are attacked by the state there must be a new rebranding,i have never heard of jesus following the less fortunate those who are attacked by the state there must be a new rebranding,never heard jesus following less fortunate attacked state must new rebranding,never hear jesus follow less fortunate attack state must new rebranding,never hear jesus follow less fortunate attack state must new rebranding,never hear jesus follow less fortunate attack state must new rebranding
82,Positive,I was lucky enough to have David Attenborough as a university lecturer. It's nice to see people coming together to teach children who don't go to school.,I was lucky enough to have David Attenborough as a university lecturer. It's nice to see people coming together to teach children who don't go to school.,I was lucky enough to have David Attenborough as a university lecturer. It's nice to see people coming together to teach children who don't go to school.,I was lucky enough to have David Attenborough as a university lecturer. It's nice to see people coming together to teach children who don't go to school.,I was lucky enough to have David Attenborough as a university lecturer. It's nice to see people coming together to teach children who don't go to school.,I was lucky enough to have David Attenborough as a university lecturer. It's nice to see people coming together to teach children who don't go to school.,i was lucky enough to have david attenborough as a university lecturer. it's nice to see people coming together to teach children who don't go to school.,i was lucky enough to have david attenborough as a university lecturer. it is nice to see people coming together to teach children who do not go to school.,i was lucky enough to have david attenborough as a university lecturer. it is nice to see people coming together to teach children who do not go to school.,i was lucky enough to have david attenborough as a university lecturer  it is nice to see people coming together to teach children who do not go to school ,i was lucky enough to have david attenborough as a university lecturer it is nice to see people coming together to teach children who do not go to school,i was lucky enough to have david attenborough as a university lecturer it is nice to see people coming together to teach children who do not go to school,i was lucky enough to have david attenborough as a university lecturer it is nice to see people coming together to teach children who do not go to school,lucky enough david attenborough university lecturer nice see people coming together teach children not go school,lucky enough david attenborough university lecturer nice see people come together teach child not go school,lucky enough david attenborough university lecturer nice see people come together teach child not go school,lucky enough david attenborough university lecturer nice see people come together teach child not go school
83,Negative,"The prices to the new Minecraft emotes are ludicrous. Very destructive to industry and gaming in terms of reputation. This is no cash grab, and it will be cheaper. Way painfully expensive! Have you forgotten the reputational damage created by EA's loot buying scandals?! @mojang @jeb_","The prices to the new Minecraft emotes are ludicrous. Very destructive to industry and gaming in terms of reputation. This is no cash grab, and it will be cheaper. Way painfully expensive! Have you forgotten the reputational damage created by EA's loot buying scandals?! @mojang @jeb_","The prices to the new Minecraft emotes are ludicrous. Very destructive to industry and gaming in terms of reputation. This is no cash grab, and it will be cheaper. Way painfully expensive! Have you forgotten the reputational damage created by EA's loot buying scandals?! @mojang @jeb_","The prices to the new Minecraft emotes are ludicrous. Very destructive to industry and gaming in terms of reputation. This is no cash grab, and it will be cheaper. Way painfully expensive! Have you forgotten the reputational damage created by EA's loot buying scandals?! @mojang @jeb_","The prices to the new Minecraft emotes are ludicrous. Very destructive to industry and gaming in terms of reputation. This is no cash grab, and it will be cheaper. Way painfully expensive! Have you forgotten the reputational damage created by EA's loot buying scandals?!    ","The prices to the new Minecraft emotes are ludicrous. Very destructive to industry and gaming in terms of reputation. This is no cash grab, and it will be cheaper. Way painfully expensive! Have you forgotten the reputational damage created by EA's loot buying scandals?!    ","the prices to the new minecraft emotes are ludicrous. very destructive to industry and gaming in terms of reputation. this is no cash grab, and it will be cheaper. way painfully expensive! have you forgotten the reputational damage created by ea's loot buying scandals?!    ","the prices to the new minecraft emotes are ludicrous. very destructive to industry and gaming in terms of reputation. this is no cash grab, and it will be cheaper. way painfully expensive! have you forgotten the reputational damage created by ea's loot buying scandals?!    ","the prices to the new minecraft emotes are ludicrous. very destructive to industry and gaming in terms of reputation. this is no cash grab, and it will be cheaper. way painfully expensive! have you forgotten the reputational damage created by ea's loot buying scandals?!  ",the prices to the new minecraft emotes are ludicrous  very destructive to industry and gaming in terms of reputation  this is no cash grab  and it will be cheaper  way painfully expensive  have you forgotten the reputational damage created by ea s loot buying scandals    ,the prices to the new minecraft emotes are ludicrous very destructive to industry and gaming in terms of reputation this is no cash grab and it will be cheaper way painfully expensive have you forgotten the reputational damage created by ea s loot buying scandals,the prices to the new minecraft emotes are ludicrous very destructive to industry and gaming in terms of reputation this is no cash grab and it will be cheaper way painfully expensive have you forgotten the reputational damage created by ea s loot buying scandals,the prices to the new minecraft emotes are ludicrous very destructive to industry and gaming in terms of reputation this is no cash grab and it will be cheaper way painfully expensive have you forgotten the reputational damage created by ea s loot buying scandals,prices new minecraft emotes ludicrous very destructive industry gaming terms reputation no cash grab cheaper way painfully expensive forgotten reputational damage created ea loot buying scandals,price new minecraft emote ludicrous very destructive industry gaming term reputation no cash grab cheap way painfully expensive forgotten reputational damage create ea loot buying scandal,price new minecraft emote ludicrous very destructive industry gaming term reputation no cash grab cheap way painfully expensive forgotten reputational damage create ea loot buying scandal,price new minecraft emote ludicrous very destructive industry gaming term reputation no cash grab cheap way painfully expensive forgotten reputational damage create ea loot buying scandal
84,Negative,Ready for more crappy same game and more removed content and still locked behind the paywall,Ready for more crappy same game and more removed content and still locked behind the paywall,Ready for more crappy same game and more removed content and still locked behind the paywall,Ready for more crappy same game and more removed content and still locked behind the paywall,Ready for more crappy same game and more removed content and still locked behind the paywall,Ready for more crappy same game and more removed content and still locked behind the paywall,ready for more crappy same game and more removed content and still locked behind the paywall,ready for more crappy same game and more removed content and still locked behind the paywall,ready for more crappy same game and more removed content and still locked behind the paywall,ready for more crappy same game and more removed content and still locked behind the paywall,ready for more crappy same game and more removed content and still locked behind the paywall,ready for more crappy same game and more removed content and still locked behind the paywall,ready for more crappy same game and more removed content and still locked behind the paywall,ready crappy game removed content still locked behind paywall,ready crappy game remove content still lock behind paywall,ready crappy game remove content still lock behind paywall,ready crappy game remove content still lock behind paywall
85,Negative,Can y'all niggas stop clinin bout women not buyin y'all the PS5. y'all sound just chillat,Can y'all niggas stop clinin bout women not buyin y'all the PS5. y'all sound just chillat,Can y'all niggas stop clinin bout women not buyin y'all the PS5. y'all sound just chillat,Can y'all niggas stop clinin bout women not buyin y'all the PS5. y'all sound just chillat,Can y'all niggas stop clinin bout women not buyin y'all the PS5. y'all sound just chillat,Can y'all niggas stop clinin bout women not buyin y'all the PS5. y'all sound just chillat,can y'all niggas stop clinin bout women not buyin y'all the ps5. y'all sound just chillat,can you all niggas stop clinin bout women not buyin you all the ps5. you all sound just chillat,can you all niggas stop clinin bout women not buyin you all the ps5. you all sound just chillat,can you all niggas stop clinin bout women not buyin you all the ps5  you all sound just chillat,can you all niggas stop clinin bout women not buyin you all the ps5 you all sound just chillat,can you all niggas stop clinin bout women not buyin you all the ps5 you all sound just chillat,can you all niggas stop clinin bout women not buyin you all the ps5 you all sound just chillat,niggas stop clinin bout women not buyin ps5 sound chillat,niggas stop clinin bout woman not buyin ps5 sound chillat,niggas stop clinin bout woman not buyin ps5 sound chillat,niggas stop clinin bout woman not buyin ps5 sound chillat
86,Negative,"@ TAKEALOT. Don't you think it's unethical to sell a device that is no longer supported by the manufacturer? Windows Phone is dead, but you have it for sale, possibly jeopardizing user information. Microsoft Luxury 640 LTE 8GB Single Sim - Black.","@ TAKEALOT. Don't you think it's unethical to sell a device that is no longer supported by the manufacturer? Windows Phone is dead, but you have it for sale, possibly jeopardizing user information. Microsoft Luxury 640 LTE 8GB Single Sim - Black.","@ TAKEALOT. Don't you think it's unethical to sell a device that is no longer supported by the manufacturer? Windows Phone is dead, but you have it for sale, possibly jeopardizing user information. Microsoft Luxury 640 LTE 8GB Single Sim - Black.","@ TAKEALOT. Don't you think it's unethical to sell a device that is no longer supported by the manufacturer? Windows Phone is dead, but you have it for sale, possibly jeopardizing user information. Microsoft Luxury 640 LTE 8GB Single Sim - Black."," . Don't you think it's unethical to sell a device that is no longer supported by the manufacturer? Windows Phone is dead, but you have it for sale, possibly jeopardizing user information. Microsoft Luxury 640 LTE 8GB Single Sim - Black."," . Don't you think it's unethical to sell a device that is no longer supported by the manufacturer? Windows Phone is dead, but you have it for sale, possibly jeopardizing user information. Microsoft Luxury 640 LTE 8GB Single Sim - Black."," . don't you think it's unethical to sell a device that is no longer supported by the manufacturer? windows phone is dead, but you have it for sale, possibly jeopardizing user information. microsoft luxury 640 lte 8gb single sim - black."," . do not you think it is unethical to sell a device that is no longer supported by the manufacturer? windows phone is dead, but you have it for sale, possibly jeopardizing user information. microsoft luxury 640 lte 8gb single sim - black."," . do not you think it is unethical to sell a device that is no longer supported by the manufacturer? windows phone is dead, but you have it for sale, possibly jeopardizing user information. microsoft luxury 640 lte 8gb single sim - black.",   do not you think it is unethical to sell a device that is no longer supported by the manufacturer  windows phone is dead  but you have it for sale  possibly jeopardizing user information  microsoft luxury 640 lte 8gb single sim   black ,do not you think it is unethical to sell a device that is no longer supported by the manufacturer windows phone is dead but you have it for sale possibly jeopardizing user information microsoft luxury 640 lte 8gb single sim black,do not you think it is unethical to sell a device that is no longer supported by the manufacturer windows phone is dead but you have it for sale possibly jeopardizing user information microsoft luxury 640 lte 8gb single sim black,do not you think it is unethical to sell a device that is no longer supported by the manufacturer windows phone is dead but you have it for sale possibly jeopardizing user information microsoft luxury lte 8gb single sim black,not think unethical sell device no longer supported manufacturer windows phone dead but sale possibly jeopardizing user information microsoft luxury lte 8gb single sim black,not think unethical sell device no longer support manufacturer windows phone dead but sale possibly jeopardize user information microsoft luxury lte 8gb single sim black,not think unethical sell device no longer support manufacturer windows phone dead but sale possibly jeopardize user information microsoft luxury lte 8gb single sim black,not think unethical sell device no longer support manufacturer windows phone dead but sale possibly jeopardize user information microsoft luxury lte 8gb single sim black
87,Irrelevant,I absolutely got the new,I absolutely got the new,I absolutely got the new,I absolutely got the new,I absolutely got the new,I absolutely got the new,i absolutely got the new,i absolutely got the new,i absolutely got the new,i absolutely got the new,i absolutely got the new,i absolutely got the new,i absolutely got the new,absolutely got new,absolutely get new,absolutely get new,absolutely get new
88,Negative,Pokémon go to the polls...same gimmicks in the place of substantive issues and policy. Pathetic and embarrassing.,Pokémon go to the polls...same gimmicks in the place of substantive issues and policy. Pathetic and embarrassing.,Pokémon go to the polls...same gimmicks in the place of substantive issues and policy. Pathetic and embarrassing.,Pokémon go to the polls...same gimmicks in the place of substantive issues and policy. Pathetic and embarrassing.,Pokémon go to the polls...same gimmicks in the place of substantive issues and policy. Pathetic and embarrassing.,Pokémon go to the polls...same gimmicks in the place of substantive issues and policy. Pathetic and embarrassing.,pokémon go to the polls...same gimmicks in the place of substantive issues and policy. pathetic and embarrassing.,pokémon go to the polls...same gimmicks in the place of substantive issues and policy. pathetic and embarrassing.,pokémon go to the polls..same gimmicks in the place of substantive issues and policy. pathetic and embarrassing.,pok mon go to the polls  same gimmicks in the place of substantive issues and policy  pathetic and embarrassing ,pok mon go to the polls same gimmicks in the place of substantive issues and policy pathetic and embarrassing,pok mon go to the polls same gimmicks in the place of substantive issues and policy pathetic and embarrassing,pok mon go to the polls same gimmicks in the place of substantive issues and policy pathetic and embarrassing,pok mon go polls gimmicks place substantive issues policy pathetic embarrassing,pok mon go poll gimmick place substantive issue policy pathetic embarrassing,pok mon go poll gimmick place substantive issue policy pathetic embarrassing,pok mon go poll gimmick place substantive issue policy pathetic embarrassing
89,Positive,The new Microsoft Edge 2 is a beauty,The new Microsoft Edge 2 is a beauty,The new Microsoft Edge 2 is a beauty,The new Microsoft Edge 2 is a beauty,The new Microsoft Edge 2 is a beauty,The new Microsoft Edge 2 is a beauty,the new microsoft edge 2 is a beauty,the new microsoft edge 2 is a beauty,the new microsoft edge 2 is a beauty,the new microsoft edge 2 is a beauty,the new microsoft edge 2 is a beauty,the new microsoft edge 2 is a beauty,the new microsoft edge is a beauty,new microsoft edge beauty,new microsoft edge beauty,new microsoft edge beauty,new microsoft edge beauty
90,Neutral,I will support you in next election if,I will support you in next election if,I will support you in next election if,I will support you in next election if,I will support you in next election if,I will support you in next election if,i will support you in next election if,i will support you in next election if,i will support you in next election if,i will support you in next election if,i will support you in next election if,i will support you in next election if,i will support you in next election if,support next election,support next election,support next election,support next election
91,Negative,Why twitter just make to put in my username to confirm my identity. bitch this ain’t google.,Why twitter just make to put in my username to confirm my identity. bitch this ain’t google.,Why twitter just make to put in my username to confirm my identity. bitch this ain’t google.,Why twitter just make to put in my username to confirm my identity. bitch this ain’t google.,Why twitter just make to put in my username to confirm my identity. bitch this ain’t google.,Why twitter just make to put in my username to confirm my identity. bitch this ain’t google.,why twitter just make to put in my username to confirm my identity. bitch this ain’t google.,why twitter just make to put in my username to confirm my identity. bitch this are not google.,why twitter just make to put in my username to confirm my identity. bitch this are not google.,why twitter just make to put in my username to confirm my identity  bitch this are not google ,why twitter just make to put in my username to confirm my identity bitch this are not google,why twitter just make to put in my username to confirm my identity bitch this are not google,why twitter just make to put in my username to confirm my identity bitch this are not google,make put username confirm identity bitch not google,make put username confirm identity bitch not google,make put username confirm identity bitch not google,make put username confirm identity bitch not google
92,Negative,"Well, it's disappointing... Won't play then.","Well, it's disappointing... Won't play then.","Well, it's disappointing... Won't play then.","Well, it's disappointing... Won't play then.","Well, it's disappointing... Won't play then.","Well, it's disappointing... Won't play then.","well, it's disappointing... won't play then.","well, it is disappointing... will not play then.","well, it is disappointing.. will not play then.",well  it is disappointing   will not play then ,well it is disappointing will not play then,well it is disappointing will not play then,well it is disappointing will not play then,well disappointing not play,well disappoint not play,well disappoint not play,well disappoint not play
93,Positive,Lets go!!! Overwatch and good vibes!!! Come hang and play Overwatch with me at twitch.tv/z3r0c0010079 ! Hope to see you there!,Lets go!!! Overwatch and good vibes!!! Come hang and play Overwatch with me at twitch.tv/z3r0c0010079 ! Hope to see you there!,Lets go!!! Overwatch and good vibes!!! Come hang and play Overwatch with me at twitch.tv/z3r0c0010079 ! Hope to see you there!,Lets go!!! Overwatch and good vibes!!! Come hang and play Overwatch with me at   ! Hope to see you there!,Lets go!!! Overwatch and good vibes!!! Come hang and play Overwatch with me at   ! Hope to see you there!,Lets go!!! Overwatch and good vibes!!! Come hang and play Overwatch with me at   ! Hope to see you there!,lets go!!! overwatch and good vibes!!! come hang and play overwatch with me at   ! hope to see you there!,let us go!!! overwatch and good vibes!!! come hang and play overwatch with me at   ! hope to see you there!,let us go!! overwatch and good vibes!! come hang and play overwatch with me at  ! hope to see you there!,let us go   overwatch and good vibes   come hang and play overwatch with me at    hope to see you there ,let us go overwatch and good vibes come hang and play overwatch with me at hope to see you there,let us go overwatch and good vibes come hang and play overwatch with me at hope to see you there,let us go overwatch and good vibes come hang and play overwatch with me at hope to see you there,let us go overwatch good vibes come hang play overwatch hope see,let u go overwatch good vibe come hang play overwatch hope see,let go overwatch good vibe come hang play overwatch hope see,let go overwatch good vibe come hang play overwatch hope see
94,Positive,"I'm a bit late but happy that this franchise has changed my life, but I absolutely have it and I adore it with all my heart and soul","I'm a bit late but happy that this franchise has changed my life, but I absolutely have it and I adore it with all my heart and soul","I'm a bit late but happy that this franchise has changed my life, but I absolutely have it and I adore it with all my heart and soul","I'm a bit late but happy that this franchise has changed my life, but I absolutely have it and I adore it with all my heart and soul","I'm a bit late but happy that this franchise has changed my life, but I absolutely have it and I adore it with all my heart and soul","I'm a bit late but happy that this franchise has changed my life, but I absolutely have it and I adore it with all my heart and soul","i'm a bit late but happy that this franchise has changed my life, but i absolutely have it and i adore it with all my heart and soul","i am a bit late but happy that this franchise has changed my life, but i absolutely have it and i adore it with all my heart and soul","i am a bit late but happy that this franchise has changed my life, but i absolutely have it and i adore it with all my heart and soul",i am a bit late but happy that this franchise has changed my life  but i absolutely have it and i adore it with all my heart and soul,i am a bit late but happy that this franchise has changed my life but i absolutely have it and i adore it with all my heart and soul,i am a bit late but happy that this franchise has changed my life but i absolutely have it and i adore it with all my heart and soul,i am a bit late but happy that this franchise has changed my life but i absolutely have it and i adore it with all my heart and soul,bit late but happy franchise changed life but absolutely adore heart soul,bit late but happy franchise change life but absolutely adore heart soul,bit late but happy franchise change life but absolutely adore heart soul,bit late but happy franchise change life but absolutely adore heart soul
95,Negative,looks like even @IGN is reporting wrong as the German version of.. again.be/lr3AWo_xBCA,looks like even @IGN is reporting wrong as the German version of.. again.be/lr3AWo_xBCA,looks like even @IGN is reporting wrong as the German version of.. again.be/lr3AWo_xBCA,looks like even @IGN is reporting wrong as the German version of.. again.be/lr3AWo_xBCA,looks like even   is reporting wrong as the German version of.. again.be/lr3AWo_xBCA,looks like even   is reporting wrong as the German version of.. again.be/lr3AWo_xBCA,looks like even   is reporting wrong as the german version of.. again.be/lr3awo_xbca,looks like even   is reporting wrong as the german version of.. again.be/lr3awo_xbca,looks like even  is reporting wrong as the german version of.. again.be/lr3awo_xbca,looks like even  is reporting wrong as the german version of   again be lr3awo xbca,looks like even is reporting wrong as the german version of again be lr3awo xbca,looks like even is reporting wrong as the german version of again be lr3awo xbca,looks like even is reporting wrong as the german version of again be lr3awo xbca,looks like even reporting wrong german version lr3awo xbca,look like even report wrong german version lr3awo xbca,look like even report wrong german version lr3awo xbca,look like even report wrong german version lr3awo xbca
96,Positive,Welcome Guest Battlefield 1 hacker who knows that,Welcome Guest Battlefield 1 hacker who knows that,Welcome Guest Battlefield 1 hacker who knows that,Welcome Guest Battlefield 1 hacker who knows that,Welcome Guest Battlefield 1 hacker who knows that,Welcome Guest Battlefield 1 hacker who knows that,welcome guest battlefield 1 hacker who knows that,welcome guest battlefield 1 hacker who knows that,welcome guest battlefield 1 hacker who knows that,welcome guest battlefield 1 hacker who knows that,welcome guest battlefield 1 hacker who knows that,welcome guest battlefield 1 hacker who knows that,welcome guest battlefield hacker who knows that,welcome guest battlefield hacker knows,welcome guest battlefield hacker know,welcome guest battlefield hacker know,welcome guest battlefield hacker know
97,Irrelevant,"google your name + horror + aesthetics.. I mean,, hot pic.twitter.com / P2ASNp5Jke","google your name + horror + aesthetics.. I mean,, hot pic.twitter.com / P2ASNp5Jke","google your name + horror + aesthetics.. I mean,, hot pic.twitter.com / P2ASNp5Jke","google your name + horror + aesthetics.. I mean,, hot  ","google your name + horror + aesthetics.. I mean,, hot  ","google your name + horror + aesthetics.. I mean,, hot  ","google your name + horror + aesthetics.. i mean,, hot  ","google your name + horror + aesthetics.. i mean,, hot  ","google your name + horror + aesthetics.. i mean,, hot  ",google your name   horror   aesthetics   i mean   hot  ,google your name horror aesthetics i mean hot,google your name horror aesthetics i mean hot,google your name horror aesthetics i mean hot,google name horror aesthetics mean hot,google name horror aesthetic mean hot,google name horror aesthetic mean hot,google name horror aesthetic mean hot
98,Positive,Loved this sniper section! This mission is so cool. I'm telling you!. Hey guys. Episode 14 is out and you have not watched it yet! So click on this link promptly. . . . youtu.be/ozt2X4AX20M. .,Loved this sniper section! This mission is so cool. I'm telling you!. Hey guys. Episode 14 is out and you have not watched it yet! So click on this link promptly. . . . youtu.be/ozt2X4AX20M. .,Loved this sniper section! This mission is so cool. I'm telling you!. Hey guys. Episode 14 is out and you have not watched it yet! So click on this link promptly. . . . youtu.be/ozt2X4AX20M. .,Loved this sniper section! This mission is so cool. I'm telling you!. Hey guys. Episode 14 is out and you have not watched it yet! So click on this link promptly. . . . youtu.be/ozt2X4AX20M. .,Loved this sniper section! This mission is so cool. I'm telling you!. Hey guys. Episode 14 is out and you have not watched it yet! So click on this link promptly. . . . youtu.be/ozt2X4AX20M. .,Loved this sniper section! This mission is so cool. I'm telling you!. Hey guys. Episode 14 is out and you have not watched it yet! So click on this link promptly. . . . youtu.be/ozt2X4AX20M. .,loved this sniper section! this mission is so cool. i'm telling you!. hey guys. episode 14 is out and you have not watched it yet! so click on this link promptly. . . . youtu.be/ozt2x4ax20m. .,loved this sniper section! this mission is so cool. i am telling you!. hey guys. episode 14 is out and you have not watched it yet! so click on this link promptly. . . . youtu.be/ozt2x4ax20m. .,loved this sniper section! this mission is so cool. i am telling you!. hey guys. episode 14 is out and you have not watched it yet! so click on this link promptly. . . . youtu.be/ozt2x4ax20m. .,loved this sniper section  this mission is so cool  i am telling you   hey guys  episode 14 is out and you have not watched it yet  so click on this link promptly        youtu be ozt2x4ax20m   ,loved this sniper section this mission is so cool i am telling you hey guys episode 14 is out and you have not watched it yet so click on this link promptly youtu be ozt2x4ax20m,loved this sniper section this mission is so cool i am telling you hey guys episode 14 is out and you have not watched it yet so click on this link promptly youtu be ozt 2x4ax20m,loved this sniper section this mission is so cool i am telling you hey guys episode is out and you have not watched it yet so click on this link promptly youtu be ozt 2x4ax20m,loved sniper section mission cool telling hey guys episode not watched yet click link promptly youtu ozt 2x4ax20m,love sniper section mission cool tell hey guy episode not watch yet click link promptly youtu ozt 2x4ax20m,love sniper section mission cool tell hey guy episode not watch yet click link promptly youtu ozt 2x4ax20m,love sniper section mission cool tell hey guy episode not watch yet click link promptly youtu ozt 2x4ax20m
99,Negative,"Super misleading headline. Then course, as always, people jumping any conclusions as a result","Super misleading headline. Then course, as always, people jumping any conclusions as a result","Super misleading headline. Then course, as always, people jumping any conclusions as a result","Super misleading headline. Then course, as always, people jumping any conclusions as a result","Super misleading headline. Then course, as always, people jumping any conclusions as a result","Super misleading headline. Then course, as always, people jumping any conclusions as a result","super misleading headline. then course, as always, people jumping any conclusions as a result","super misleading headline. then course, as always, people jumping any conclusions as a result","super misleading headline. then course, as always, people jumping any conclusions as a result",super misleading headline  then course  as always  people jumping any conclusions as a result,super misleading headline then course as always people jumping any conclusions as a result,super misleading headline then course as always people jumping any conclusions as a result,super misleading headline then course as always people jumping any conclusions as a result,super misleading headline course always people jumping conclusions result,super mislead headline course always people jump conclusion result,super mislead headline course always people jump conclusion result,super mislead headline course always people jump conclusion result
100,Negative,why are guys so obsessed with a girl getting the PS5 for them? get it yourself bb.,why are guys so obsessed with a girl getting the PS5 for them? get it yourself bb.,why are guys so obsessed with a girl getting the PS5 for them? get it yourself bb.,why are guys so obsessed with a girl getting the PS5 for them? get it yourself bb.,why are guys so obsessed with a girl getting the PS5 for them? get it yourself bb.,why are guys so obsessed with a girl getting the PS5 for them? get it yourself bb.,why are guys so obsessed with a girl getting the ps5 for them? get it yourself bb.,why are guys so obsessed with a girl getting the ps5 for them? get it yourself bb.,why are guys so obsessed with a girl getting the ps5 for them? get it yourself bb.,why are guys so obsessed with a girl getting the ps5 for them  get it yourself bb ,why are guys so obsessed with a girl getting the ps5 for them get it yourself bb,why are guys so obsessed with a girl getting the ps5 for them get it yourself bb,why are guys so obsessed with a girl getting the ps5 for them get it yourself bb,guys obsessed girl getting ps5 get bb,guy obsess girl get ps5 get bb,guy obsess girl get ps5 get bb,guy obsess girl get ps5 get bb
101,Negative,@Rainbow6Game . Pls fix your servers i was in a rank match and i got disconnected im already a copper 5 cause of shitty rank trollers and my mmr is going to be really low pls fix the servers thx,@Rainbow6Game . Pls fix your servers i was in a rank match and i got disconnected im already a copper 5 cause of shitty rank trollers and my mmr is going to be really low pls fix the servers thx,@Rainbow6Game . Pls fix your servers i was in a rank match and i got disconnected im already a copper 5 cause of shitty rank trollers and my mmr is going to be really low pls fix the servers thx,@Rainbow6Game . Pls fix your servers i was in a rank match and i got disconnected im already a copper 5 cause of shitty rank trollers and my mmr is going to be really low pls fix the servers thx,  . Pls fix your servers i was in a rank match and i got disconnected im already a copper 5 cause of shitty rank trollers and my mmr is going to be really low pls fix the servers thx,  . Pls fix your servers i was in a rank match and i got disconnected im already a copper 5 cause of shitty rank trollers and my mmr is going to be really low pls fix the servers thx,  . pls fix your servers i was in a rank match and i got disconnected im already a copper 5 cause of shitty rank trollers and my mmr is going to be really low pls fix the servers thx,  . pls fix your servers i was in a rank match and i got disconnected i am already a copper 5 because of shitty rank trollers and my mmr is going to be really low pls fix the servers thanks,  . pls fix your servers i was in a rank match and i got disconnected i am already a copper 5 because of shitty rank trollers and my mmr is going to be really low pls fix the servers thanks,    pls fix your servers i was in a rank match and i got disconnected i am already a copper 5 because of shitty rank trollers and my mmr is going to be really low pls fix the servers thanks,pls fix your servers i was in a rank match and i got disconnected i am already a copper 5 because of shitty rank trollers and my mmr is going to be really low pls fix the servers thanks,pls fix your servers i was in a rank match and i got disconnected i am already a copper 5 because of shitty rank trollers and my mmr is going to be really low pls fix the servers thanks,pls fix your servers i was in a rank match and i got disconnected i am already a copper because of shitty rank trollers and my mmr is going to be really low pls fix the servers thanks,pls fix servers rank match got disconnected already copper shitty rank trollers mmr going really low pls fix servers thanks,pls fix server rank match get disconnect already copper shitty rank troller mmr go really low pls fix server thanks,pls fix server rank match get disconnect already copper shitty rank troller mmr go really low pls fix server thanks,pls fix server rank match get disconnect already copper shitty rank troller mmr go really low pls fix server thanks
102,Negative,was at this fucking unit I’d need to lubricate his tight sockets,was at this fucking unit I’d need to lubricate his tight sockets,was at this fucking unit I’d need to lubricate his tight sockets,was at this fucking unit I’d need to lubricate his tight sockets,was at this fucking unit I’d need to lubricate his tight sockets,was at this fucking unit I’d need to lubricate his tight sockets,was at this fucking unit i’d need to lubricate his tight sockets,was at this fucking unit i would need to lubricate his tight sockets,was at this fucking unit i would need to lubricate his tight sockets,was at this fucking unit i would need to lubricate his tight sockets,was at this fucking unit i would need to lubricate his tight sockets,was at this fucking unit i would need to lubricate his tight sockets,was at this fucking unit i would need to lubricate his tight sockets,fucking unit would need lubricate tight sockets,fuck unit would need lubricate tight socket,fuck unit would need lubricate tight socket,fuck unit would need lubricate tight socket
103,Negative,pubg with taehyung... i hate that game,pubg with taehyung... i hate that game,pubg with taehyung... i hate that game,pubg with taehyung... i hate that game,pubg with taehyung... i hate that game,pubg with taehyung... i hate that game,pubg with taehyung... i hate that game,pubg with taehyung... i hate that game,pubg with taehyung.. i hate that game,pubg with taehyung   i hate that game,pubg with taehyung i hate that game,pubg with taehyung i hate that game,pubg with taehyung i hate that game,pubg taehyung hate game,pubg taehyung hate game,pubg taehyung hate game,pubg taehyung hate game
104,Positive,Couple of shots I took yesterday while playing with @TacStreamDE & @Semirijha & @AgtMorganCreed . Super fun as always :). .,Couple of shots I took yesterday while playing with @TacStreamDE & @Semirijha & @AgtMorganCreed . Super fun as always :). .,Couple of shots I took yesterday while playing with @TacStreamDE & @Semirijha & @AgtMorganCreed . Super fun as always :). .,Couple of shots I took yesterday while playing with @TacStreamDE & @Semirijha & @AgtMorganCreed . Super fun as always :). .,Couple of shots I took yesterday while playing with   &   &   . Super fun as always :). .,Couple of shots I took yesterday while playing with   &   &   . Super fun as always :). .,couple of shots i took yesterday while playing with   &   &   . super fun as always :). .,couple of shots i took yesterday while playing with   &   &   . super fun as always :). .,couple of shots i took yesterday while playing with  &  &  . super fun as always :). .,couple of shots i took yesterday while playing with          super fun as always      ,couple of shots i took yesterday while playing with super fun as always,couple of shots i took yesterday while playing with super fun as always,couple of shots i took yesterday while playing with super fun as always,couple shots took yesterday playing super fun always,couple shot take yesterday play super fun always,couple shot take yesterday play super fun always,couple shot take yesterday play super fun always
105,Negative,Walmart Just Gave Its Workers Another Good Reward to Cancel Their Amazon Prime Membership dlvr.it/Rf21jg<unk>],Walmart Just Gave Its Workers Another Good Reward to Cancel Their Amazon Prime Membership dlvr.it/Rf21jg<unk>],Walmart Just Gave Its Workers Another Good Reward to Cancel Their Amazon Prime Membership dlvr.it/Rf21jg<unk>],Walmart Just Gave Its Workers Another Good Reward to Cancel Their Amazon Prime Membership dlvr.it/Rf21jg<unk>],Walmart Just Gave Its Workers Another Good Reward to Cancel Their Amazon Prime Membership dlvr.it/Rf21jg<unk>],Walmart Just Gave Its Workers Another Good Reward to Cancel Their Amazon Prime Membership dlvr.it/Rf21jg<unk>],walmart just gave its workers another good reward to cancel their amazon prime membership dlvr.it/rf21jg<unk>],walmart just gave its workers another good reward to cancel their amazon prime membership dlvr.it/rf21jg<unk>],walmart just gave its workers another good reward to cancel their amazon prime membership dlvr.it/rf21jg<unk>],walmart just gave its workers another good reward to cancel their amazon prime membership dlvr it rf21jg unk  ,walmart just gave its workers another good reward to cancel their amazon prime membership dlvr it rf21jg unk,walmart just gave its workers another good reward to cancel their amazon prime membership dlvr it rf21jg unk,walmart just gave its workers another good reward to cancel their amazon prime membership dlvr it rf21jg unk,walmart gave workers another good reward cancel amazon prime membership dlvr rf21jg unk,walmart gave workers another good reward cancel amazon prime membership dlvr rf21jg unk,walmart gave workers another good reward cancel amazon prime membership dlvr rf21jg unk,walmart gave workers another good reward cancel amazon prime membership dlvr rf21jg unk
