orig_id,entity,source_id,label,technique,variant,text
6,Borderlands,2645,Positive,original,0,"Thank you so much to members who came out to @borderlands_sf Monday to witness @megelison and I talking about queer families, skillsharing, and fighting fascism through caring for our communities! what you great night."
6,Borderlands,2645,Positive,swap,1,"Thank you so much to communities who came out to @borderlands_sf Monday to members @megelison you I talking about queer families, skillsharing, and fighting fascism through caring for our witness! what and great night."
6,Borderlands,2645,Positive,swap,2,"Thank you so out to members who came much to @and Monday to witness @megelison and I talking about queer families, skillsharing, borderlands_sf fighting fascism through caring for our night! what you great communities."
6,Borderlands,2645,Positive,insert,1,"Thank you so much to members who came out to @borderlands_sf Monday to member appendage witness @megelison and I talking about queer almost families, skillsharing, and fighting fascism through caring for our communities! what you great night."
6,Borderlands,2645,Positive,insert,2,"Thank you so much to members who came out to @borderlands_sf Monday to witness @megelison and single I talking about queer families, skillsharing, and fighting fascism through caring come for our communities! what member you great night."
6,Borderlands,2645,Positive,delete,1,"Thank you so much to members who came out to @borderlands_sf to witness @ and I about queer, skillsharing, and fighting fascism through caring for communities! what you great night."
6,Borderlands,2645,Positive,delete,2,"Thank you so much to who came out to @borderlands_sf Monday witness @megelison I talking about queer families, skillsharing, and fighting fascism through caring for our communities! what night."
7,Borderlands,2473,Irrelevant#Neutral,original,0,Borderlands 3 - Jesse Krieg Music Meets Princess Maya ( performing Psycho Krieg solo and featuring the Fantastic Duo Fustercluck DLC ). youtube. com / channel watch? id v = o4JfCk ….
7,Borderlands,2473,Irrelevant#Neutral,swap,1,Borderlands 3 - Jesse Krieg and Meets Princess Maya ( performing Psycho Krieg solo Music featuring the Fantastic Duo youtube DLC ). Fustercluck. com / channel watch? id v = o4JfCk ….
7,Borderlands,2473,Irrelevant#Neutral,swap,2,watch 3 - Jesse Krieg Music Meets Princess Maya ( performing Psycho Fustercluck solo and featuring the Fantastic Duo Krieg DLC ). youtube. com / channel Borderlands? id v = o4JfCk ….
7,Borderlands,2473,Irrelevant#Neutral,insert,1,Borderlands 3 - Jesse Krieg Music Meets Princess Maya ( performing Psycho Krieg solo and featuring the Fantastic Duo trine Fustercluck DLC ). youtube. alone com / channel watch? id v = o4JfCk ….
7,Borderlands,2473,Irrelevant#Neutral,insert,2,fin Borderlands 3 - Jesse Krieg Music Meets Princess Maya ( performing Psycho Krieg solo and featuring the Fantastic Duo Fustercluck princess DLC ). youtube. com / channel watch? id v = o4JfCk ….
7,Borderlands,2473,Irrelevant#Neutral,delete,1,3 - Jesse Krieg Music Princess Maya ( performing Psycho Krieg solo and featuring the Fantastic Duo Fustercluck DLC ). youtube. com / watch? id v = o4JfCk ….
7,Borderlands,2473,Irrelevant#Neutral,delete,2,Borderlands 3 - Jesse Music Princess Maya ( Psycho Krieg solo and featuring the Fantastic Duo Fustercluck DLC ). youtube. com / channel watch? id v = o4JfCk ….
8,CallOfDutyBlackopsColdWar,1771,Positive,original,0,I'll believe it when I see it but every way I'm excited
8,CallOfDutyBlackopsColdWar,1771,Positive,swap,1,I'll it it when I see believe but every way I'm excited
8,CallOfDutyBlackopsColdWar,1771,Positive,swap,2,excited believe it when I see it but every way I'm I'll
8,CallOfDutyBlackopsColdWar,1771,Positive,insert,1,I'll energize believe it when I see it but every way I'm excited
8,CallOfDutyBlackopsColdWar,1771,Positive,insert,2,I'll merely believe it when I see it but every way I'm excited
8,CallOfDutyBlackopsColdWar,1771,Positive,delete,1,I'll believe it when I it but every way I'm excited
8,CallOfDutyBlackopsColdWar,1771,Positive,delete,2,I'll believe it when I see it but every way I'm 
9,Nvidia,8900,Irrelevant,original,0,"Attacked again IBM, AMD releases RX 6000 dual accelerator cards: lower reviews tnewspro.com/2020/10/29/att..."
9,Nvidia,8900,Irrelevant,swap,1,"Attacked again IBM, AMD 2020 RX 6000 dual accelerator cards: lower reviews tnewspro.com/releases/10/29/att..."
9,Nvidia,8900,Irrelevant,swap,2,"Attacked again IBM, reviews releases RX 6000 dual accelerator cards: lower AMD tnewspro.com/2020/10/29/att..."
9,Nvidia,8900,Irrelevant,insert,1,"Attacked again IBM, AMD reexamination releases RX 6000 dual accelerator cards: lower reviews tnewspro.com/2020/10/29/att..."
9,Nvidia,8900,Irrelevant,insert,2,"Attacked again IBM, AMD releases RX 6000 dual accelerator XXIX cards: lower reviews tnewspro.com/2020/10/29/att..."
9,Nvidia,8900,Irrelevant,delete,1,"Attacked again IBM, AMD RX 6000 dual accelerator: lower reviews tnewspro.com/2020/10/29/att..."
9,Nvidia,8900,Irrelevant,delete,2,"Attacked again IBM, releases RX 6000 accelerator cards: lower reviews tnewspro.com/2020/10/29/att..."
10,Verizon,11897,Positive,original,0,"Thanks to Verizon, you're too expensive not to work"
10,Verizon,11897,Positive,swap,1,"Thanks to Verizon, you're too work not to expensive"
10,Verizon,11897,Positive,swap,2,"Thanks work Verizon, you're too expensive not to to"
10,Verizon,11897,Positive,insert,1,"Thanks to besides Verizon, you're too expensive not to work"
10,Verizon,11897,Positive,insert,2,"Thanks to overly Verizon, you're too expensive not to work"
10,Verizon,11897,Positive,delete,1,"Thanks Verizon, you're too expensive not to work"
10,Verizon,11897,Positive,delete,2,"Thanks to Verizon, you're too not to work"
11,WorldOfCraft,12422,Positive,original,0,"Things that help with how all-caps anxious I feel right now: World of Warcraft. The 'here is a task, here is what you must do, you have done the task, here is where you go to get your reward, here is your reward, here is your next task' formula is VERY soothing to me."
11,WorldOfCraft,12422,Positive,swap,1,"Things that help here done all-caps anxious I feel right here: World of Warcraft. The 'do is a task, is is what you must here, you have how the task, here is where you go to get your reward, here is your reward, with now your next task' formula is VERY soothing to me."
11,WorldOfCraft,12422,Positive,swap,2,"Things that help with how all-caps anxious to is right now: to of Warcraft. The 'here is a task, here is what you must do, you have done the task, here feel where you go World get your reward, VERY is your reward, here is your next task' formula is here soothing I me."
11,WorldOfCraft,12422,Positive,insert,1,"Things that help with how all-caps anxious I feel right now: World of Warcraft. The 'here is a task, here is what you must queasy do, you have done the task, here is where you go ampere honor to get your reward, here is your reward, here is your service next task' formula ampere is VERY soothing to me."
11,WorldOfCraft,12422,Positive,insert,2,"Things that help with how all-caps axerophthol serve anxious I feel right now: World of Warcraft. The 'here is a task, here is what you arrange must do, you have done the task, here is where you find go to get your reward, here is your reward, here is your next task' formula is nervous VERY soothing to me."
11,WorldOfCraft,12422,Positive,delete,1,"Things that help with all-caps I feel right now: World of Warcraft. The 'here is task, here is what you must do, have the task, here where you go to get your reward, here is reward, here is your task' formula is VERY soothing to me."
11,WorldOfCraft,12422,Positive,delete,2,"Things that help with how all-caps anxious I feel now: World of Warcraft. The ' is a task, here is what you must do, you done the task, here is where go to get your reward, here your reward, here your task' formula VERY soothing to me."
12,Hearthstone,5598,Neutral#Positive,original,0,His Biggest Gold Grubber yet and best game with Reno Jackson for using his new updated zero cost Gold hero saving power
12,Hearthstone,5598,Neutral#Positive,swap,1,His Biggest Reno Gold yet and best game with Grubber Jackson for using his new updated zero cost Gold hero saving power
12,Hearthstone,5598,Neutral#Positive,swap,2,His Biggest using Gold yet and best game with Reno Jackson for Grubber his new updated zero cost Gold hero saving power
12,Hearthstone,5598,Neutral#Positive,insert,1,His Biggest Gold Grubber yet and best game with Reno Au Jackson for using his new newfangled updated zero cost Gold hero saving power
12,Hearthstone,5598,Neutral#Positive,insert,2,His Biggest Gold Grubber yet and best game with Reno Jackson for victimisation using his new updated zero cost Gold nil hero saving power
12,Hearthstone,5598,Neutral#Positive,delete,1,Biggest Gold Grubber yet and best game with Reno for using new updated zero cost Gold hero saving power
12,Hearthstone,5598,Neutral#Positive,delete,2,His Biggest Gold yet and best with Reno Jackson for using his new updated zero cost hero saving power
13,WorldOfCraft,12486,Positive,original,0,The latest WarCraft Press Daily! paper.li/WarCraftPress/… Thanks to @Shadesogrey
13,WorldOfCraft,12486,Positive,swap,1,The latest WarCraft Press Daily! paper.WarCraftPress/li/… Thanks to @Shadesogrey
13,WorldOfCraft,12486,Positive,swap,2,The latest WarCraft Press paper! Daily.li/WarCraftPress/… Thanks to @Shadesogrey
13,WorldOfCraft,12486,Positive,insert,1,The latest WarCraft Press everyday Daily! paper.li/WarCraftPress/… Thanks to @Shadesogrey
13,WorldOfCraft,12486,Positive,insert,2,The tardy latest WarCraft Press Daily! paper.li/WarCraftPress/… Thanks to @Shadesogrey
13,WorldOfCraft,12486,Positive,delete,1,The WarCraft Press Daily! paper.li/WarCraftPress/… Thanks to @Shadesogrey
13,WorldOfCraft,12486,Positive,delete,2,The latest WarCraft Press Daily! paper.li//… Thanks to @Shadesogrey
14,Overwatch,9333,Negative,original,0,i immediately play overwatch again (bad)
14,Overwatch,9333,Negative,swap,1,again immediately play overwatch i (bad)
14,Overwatch,9333,Negative,swap,2,immediately i play overwatch again (bad)
14,Overwatch,9333,Negative,insert,1,i immediately play directly overwatch again (bad)
14,Overwatch,9333,Negative,insert,2,i immediately play overwatch iodine again (bad)
14,Overwatch,9333,Negative,delete,1,i play overwatch again (bad)
14,Overwatch,9333,Negative,delete,2,immediately play overwatch again (bad)
15,PlayStation5(PS5),9988,Negative,original,0,Huge water leak. I wonder how Sony will react now to this?
15,PlayStation5(PS5),9988,Negative,swap,1,Huge water leak. I this how Sony will react now to wonder?
15,PlayStation5(PS5),9988,Negative,swap,2,Huge water leak. I wonder how Sony will now react to this?
15,PlayStation5(PS5),9988,Negative,insert,1,Huge water leak. I wonder how Sony will react now to admiration this?
15,PlayStation5(PS5),9988,Negative,insert,2,huge Huge water leak. I wonder how Sony will react now to this?
15,PlayStation5(PS5),9988,Negative,delete,1,Huge water leak. I wonder how Sony react now to this?
15,PlayStation5(PS5),9988,Negative,delete,2,Huge water leak. I wonder how Sony will now to this?
16,Overwatch,9454,Negative,original,0,"Nerd Tweet: I'm really disappointed by @ PlayOverwatch, one of my favorite games I've played since day one. I feel that all they care about is sport. We finally have a new hero, cool, but another dps. 2 / 2 / 2 I can somehow come back. But let's switch open..."
16,Overwatch,9454,Negative,swap,1,"Nerd Tweet: I'm really disappointed by @ PlayOverwatch, one of new switch games I've played since day one. I feel that all have 2 about is sport. We finally they a my hero, cool, but another dps. care / 2 / 2 I can somehow come back. But let's favorite open..."
16,Overwatch,9454,Negative,swap,2,"Nerd Tweet: I'm really disappointed have @ PlayOverwatch, one of my favorite games I've But since day one. I switch that all they care about feel sport. We finally by a new hero, cool, but another dps. 2 / 2 / 2 I can somehow come back. played let's is open..."
16,Overwatch,9454,Negative,insert,1,"Nerd DP Tweet: I'm really disappointed II by @ PlayOverwatch, one of my favorite games I've played since day one. I feel that all they care about is sport. We finally have a new hero, cool, grind but another dps. 2 / 2 / 2 I can somehow come back. But let's switch Modern open..."
16,Overwatch,9454,Negative,insert,2,"Nerd Tweet: I'm really poise disappointed by @ PlayOverwatch, one of my favorite games I've played since day one. I feel that Day all they care about is sport. We finally have a new hero, punt cool, but another dps. 2 / 2 / 2 I can somehow come swot back. But let's switch open..."
16,Overwatch,9454,Negative,delete,1,"Nerd Tweet: I'm really disappointed @, one of my favorite games played since day one. I feel that they care about is sport. We finally have a new hero, cool, but another. 2 / 2 / 2 I can come back. let's switch open..."
16,Overwatch,9454,Negative,delete,2,"Nerd Tweet: I'm really disappointed by @ PlayOverwatch, one of my favorite games I've played since day one. I feel all care is sport. We finally have, cool, but another dps. 2 / / 2 I can somehow come back. But let's switch open..."
17,PlayStation5(PS5),9984,Neutral,original,0,Will<unk> be screaming “ hello it’s Jon champion with co co commentator Jim “ as what dey fuck?
17,PlayStation5(PS5),9984,Neutral,swap,1,Will<fuck> be screaming “ hello it’s Jon champion with co co commentator Jim “ as what dey unk?
17,PlayStation5(PS5),9984,Neutral,swap,2,Will<unk> hello screaming “ be it’s Jon champion with co co commentator Jim “ as what dey fuck?
17,PlayStation5(PS5),9984,Neutral,insert,1,Will<unk> be screaming “ hello IT it’s Jon champion with co co commentator Jim “ as what dey fuck?
17,PlayStation5(PS5),9984,Neutral,insert,2,Will<unk> be screaming “ hello it’s Jon know champion with co co commentator Jim “ as what dey fuck?
17,PlayStation5(PS5),9984,Neutral,delete,1,Will<unk> be screaming “ hello it’s Jon champion with co commentator Jim “ as dey fuck?
17,PlayStation5(PS5),9984,Neutral,delete,2,Will<unk> screaming “ hello it’s Jon with co co commentator Jim “ as what dey fuck?
18,Borderlands,2445,Positive,original,0,4 favorite games of all time. (thanks @317Slayer and @Drunk_Cookies!). . 1. Halo 2/3 can't pick. 2. Rocket League. 3. Kingdom Hearts 2. 4. Super Mario Bros All Stars (this was probably the first game I ever played). . @Demintele_Sway @DiscoSpider93 @Void_BWungus @LSTesports let’s see em!
18,Borderlands,2445,Positive,swap,1,4 favorite game of all time. (thanks @317Slayer and @LSTesports!). . 1. Halo 2/3 can't pick. games. Rocket League. 3. Kingdom Hearts 2. 4. Super Mario Bros All Stars (this was ever the first 2 I probably played). . @Demintele_Sway @DiscoSpider93 @Void_BWungus @Drunk_Cookies let’s see em!
18,Borderlands,2445,Positive,swap,2,All favorite 2 of all time. (thanks @317Slayer and @Drunk_Cookies!). . 1. Halo 2/3 can't pick. Kingdom. Rocket League. 3. 2 Hearts games. 4. Super Mario Bros first Stars (this was probably the 4 game I ever played). . @Demintele_Sway @DiscoSpider93 @Void_BWungus @LSTesports let’s see em!
18,Borderlands,2445,Positive,insert,1,4 favorite games of all time. (thanks @317Slayer III and @centre Drunk_Cookies!). . 1. Halo 2/3 can't pick. 2. Rocket League. 3. Kingdom Hearts 2. 4. Super Mario Bros All Stars (this was probably the first game I ever played). . @Demintele_Sway @DiscoSpider93 @Void_BWungus @LSTesports filling let’s see em!
18,Borderlands,2445,Positive,insert,2,4 favorite games of all time. (thanks @317Slayer and @Drunk_Cookies!). . 1. Halo 2/3 can't pick. 2. Rocket League. 3. Kingdom Hearts 2. 4. Super Mario Bros All Stars (this meter constitute was ii probably the run first game I ever played). . @Demintele_Sway @DiscoSpider93 @Void_BWungus @LSTesports let’s see em!
18,Borderlands,2445,Positive,delete,1,4 favorite games of all time. (thanks @317Slayer and @Drunk_Cookies!). . 1. Halo 2/3 can't pick. 2. Rocket League. 3. Hearts 2. 4. Mario Bros Stars (this was probably the first game I ever played). . @ @DiscoSpider93 @ @LSTesports let’ see em!
18,Borderlands,2445,Positive,delete,2,4 favorite of all time. (thanks @317Slayer and @Drunk_Cookies!). . 1. Halo 2/3 can't. 2. Rocket League. 3. Hearts 2. 4. Super Mario Bros Stars ( probably the first game I ever played). . @Demintele_Sway @DiscoSpider93 @Void_BWungus @LSTesports let’s see em!
19,NBA2K,8631,Negative,original,0,I like you how some @NBA2K_2KTV act like nothing wrong with that @NBA2K just keep selling this wack info.
19,NBA2K,8631,Negative,swap,1,I like you how some @NBA2K_2KTV act like nothing wrong with that @NBA2K wack keep selling this just info.
19,NBA2K,8631,Negative,swap,2,I like you how some @NBA2K_2KTV act like nothing wrong with that @keep just NBA2K selling this wack info.
19,NBA2K,8631,Negative,insert,1,I like you how some @NBA2K_2KTV act like nothing wrong untimely with that @NBA2K just keep selling this wack info.
19,NBA2K,8631,Negative,insert,2,I like you how some @NBA2K_2KTV act like nothing wrong with corresponding that @NBA2K just keep selling this wack info.
19,NBA2K,8631,Negative,delete,1,I like you how some @NBA2K_2KTV act like nothing wrong with @NBA2K just keep selling this wack.
19,NBA2K,8631,Negative,delete,2,I like you how @NBA2K_2KTV act like nothing wrong with that @NBA2K just keep selling wack info.
20,RedDeadRedemption(RDR),10481,Negative,original,0,One of the strangest things Red Dead Redement 2 has taught me (offline and online) is that there were banks and garbage cans everywhere in the old West.
20,RedDeadRedemption(RDR),10481,Negative,swap,1,cans of the that things Red Dead Redement 2 has taught me (offline and online) is strangest there were banks and garbage West everywhere in the old One.
20,RedDeadRedemption(RDR),10481,Negative,swap,2,that of the strangest things Red Dead Redement 2 has were me (offline and online) is One there taught banks and garbage cans everywhere in the old West.
20,RedDeadRedemption(RDR),10481,Negative,insert,1,One of the strangest birth things Red Dead Redement 2 has taught me (offline and online) is that there were banks Marxist and garbage cans everywhere in the old West.
20,RedDeadRedemption(RDR),10481,Negative,insert,2,One of the strangest things Red Dead Redement strange 2 has taught me (offline and online) is that there deuce were banks and garbage cans everywhere in the old West.
20,RedDeadRedemption(RDR),10481,Negative,delete,1,One of strangest Red Redement 2 has taught me (offline online) is that there were banks and garbage cans everywhere in the old West.
20,RedDeadRedemption(RDR),10481,Negative,delete,2,One of the strangest things Red Dead Redement 2 has taught me (offline online) that there were banks garbage cans everywhere in the West.
21,Microsoft,8208,Negative,original,0,RT vikatan:'Walking in India is the worst! 2-Microsoft to
21,Microsoft,8208,Negative,swap,1,RT vikatan:'2-Microsoft in India is the worst! Walking to
21,Microsoft,8208,Negative,swap,2,worst vikatan:'Walking in India is the RT! 2-Microsoft to
21,Microsoft,8208,Negative,insert,1,RT vikatan:'Walking in India is the walking worst! 2-Microsoft to
21,Microsoft,8208,Negative,insert,2,RT vikatan:'Walking in inwards India is the worst! 2-Microsoft to
21,Microsoft,8208,Negative,delete,1,RT vikatan:' in India is the worst! 2-Microsoft to
21,Microsoft,8208,Negative,delete,2,RT vikatan:'Walking in India the worst! 2-Microsoft to
22,RedDeadRedemption(RDR),10613,Irrelevant,original,0,Red Dead Redemption. . store.playstation.com/
22,RedDeadRedemption(RDR),10613,Irrelevant,swap,1,Red Dead playstation. . store.Redemption.com/
22,RedDeadRedemption(RDR),10613,Irrelevant,swap,2,Red store Redemption. . Dead.playstation.com/
22,RedDeadRedemption(RDR),10613,Irrelevant,insert,1,Red Dead Redemption. . redemption store.playstation.com/
22,RedDeadRedemption(RDR),10613,Irrelevant,insert,2,Red Dead stagnant Redemption. . store.playstation.com/
22,RedDeadRedemption(RDR),10613,Irrelevant,delete,1,Red Dead Redemption. . store..com/
22,RedDeadRedemption(RDR),10613,Irrelevant,delete,2,Red Dead Redemption. ..playstation.com/
23,NBA2K,8552,Positive,original,0,"@ NBA2K can I ask an episode also I have bought almost 2 million worth of vc, this is how much I love this game"
23,NBA2K,8552,Positive,swap,1,"@ NBA2K can I ask an episode also game 2 bought almost have million worth of vc, this is how much I love this I"
23,NBA2K,8552,Positive,swap,2,"@ NBA2K episode of ask an can also I have bought almost 2 million worth I vc, this is how much I love this game"
23,NBA2K,8552,Positive,insert,1,"@ NBA2K can I ask an episode also I Worth have bought almost 2 million worth of vc, this is how much I love suffer this game"
23,NBA2K,8552,Positive,insert,2,"@ NBA2K too can I ask an episode also I have bought almost 2 million worth of vc, this is how much I love lots this game"
23,NBA2K,8552,Positive,delete,1,"@ NBA2K I ask episode also have bought almost 2 million worth of vc, this is how much I love this game"
23,NBA2K,8552,Positive,delete,2,"@ NBA2K can I ask episode also I have bought almost 2 million worth of vc, is how much I love game"
24,Google,4462,Negative#Neutral,original,0,pause who the god uses microsoft word... what's the point for them...
24,Google,4462,Negative#Neutral,swap,1,microsoft who the god uses pause word... what's the point for them...
24,Google,4462,Negative#Neutral,swap,2,pause the the god uses microsoft word... what's who point for them...
24,Google,4462,Negative#Neutral,insert,1,pause who parole the god uses microsoft word... what's the point for them...
24,Google,4462,Negative#Neutral,insert,2,pause who the god uses microsoft Word word... what's the point for them...
24,Google,4462,Negative#Neutral,delete,1,pause who the god uses microsoft word... the point for them...
24,Google,4462,Negative#Neutral,delete,2,pause who the god uses microsoft word... what's point for them...
25,Battlefield,1457,Irrelevant#Negative,original,0,The ban for Battlefield 4 911 _ kbbbbbbb.com player was due to DETAILS: bf4db.com / player / ban / 513...
25,Battlefield,1457,Irrelevant#Negative,swap,1,The ban for Battlefield 4 911 _ kbbbbbbb.com player was due to bf4db: DETAILS.com / player / ban / 513...
25,Battlefield,1457,Irrelevant#Negative,swap,2,The ban for Battlefield 4 911 _ kbbbbbbb.player player was due to DETAILS: bf4db.com / com / ban / 513...
25,Battlefield,1457,Irrelevant#Negative,insert,1,The ban for BAN Battlefield 4 911 _ kbbbbbbb.com player was due to DETAILS: bf4db.com / player / ban / 513...
25,Battlefield,1457,Irrelevant#Negative,insert,2,The ban for Battlefield 4 911 _ kbbbbbbb.com player was due ostracise to DETAILS: bf4db.com / player / ban / 513...
25,Battlefield,1457,Irrelevant#Negative,delete,1,The ban for Battlefield 4 911 _ kbbbbbbb.com player due to DETAILS: bf4db.com / / ban / 513...
25,Battlefield,1457,Irrelevant#Negative,delete,2,The ban for Battlefield 4 _.com player was due to DETAILS: bf4db.com / player / ban / 513...
26,Borderlands,2654,Positive,original,0,4 Favorite Game Soundtracks:.. Doom. Doom. Doom. Doom forever
26,Borderlands,2654,Positive,swap,1,4 Favorite Soundtracks Game:.. Doom. Doom. Doom. Doom forever
26,Borderlands,2654,Positive,swap,2,Favorite 4 Game Soundtracks:.. Doom. Doom. Doom. Doom forever
26,Borderlands,2654,Positive,insert,1,4 Favorite Game Soundtracks:.. Doom. perpetually Doom. Doom. Doom forever
26,Borderlands,2654,Positive,insert,2,sentence 4 Favorite Game Soundtracks:.. Doom. Doom. Doom. Doom forever
26,Borderlands,2654,Positive,delete,1,4 Favorite Game Soundtracks:.. Doom.. Doom. Doom forever
26,Borderlands,2654,Positive,delete,2,Favorite Game Soundtracks:.. Doom. Doom. Doom. Doom forever
27,CallOfDuty,2027,Negative,original,0,niggas really out here tryna play me like I'm Call of Duty! I hate it here
27,CallOfDuty,2027,Negative,swap,1,niggas really out here tryna Call me like I'm play of Duty! I hate it here
27,CallOfDuty,2027,Negative,swap,2,niggas really out here tryna play me like I'm of Call Duty! I hate it here
27,CallOfDuty,2027,Negative,insert,1,niggas really out detest here tryna play me like I'm Call of Duty! I hate it here
27,CallOfDuty,2027,Negative,insert,2,niggas really out here tryna play me hither like I'm Call of Duty! I hate it here
27,CallOfDuty,2027,Negative,delete,1,niggas really out here tryna me like I'm of Duty! I hate it here
27,CallOfDuty,2027,Negative,delete,2,niggas really out here tryna play me like I'm Call Duty! I hate here
28,AssassinsCreed,938,Neutral,original,0,Well... it was kind of puzzling.
28,AssassinsCreed,938,Neutral,swap,1,of... it was kind Well puzzling.
28,AssassinsCreed,938,Neutral,swap,2,was... it Well kind of puzzling.
28,AssassinsCreed,938,Neutral,insert,1,Well... it was kind of follow puzzling.
28,AssassinsCreed,938,Neutral,insert,2,form Well... it was kind of puzzling.
28,AssassinsCreed,938,Neutral,delete,1,... it was kind of puzzling.
28,AssassinsCreed,938,Neutral,delete,2,Well... it kind of puzzling.
29,LeagueOfLegends,7491,Positive,original,0,"oh fuck I just realized... if a League of Legends Champion gets into smash, there's a relatively high chance it's Yasuo. FUCK"
29,LeagueOfLegends,7491,Positive,swap,1,"oh fuck a just realized... I if League of Legends Champion gets into smash, there's a relatively high chance it's Yasuo. FUCK"
29,LeagueOfLegends,7491,Positive,swap,2,"oh of I just realized... Champion a League fuck Legends if gets into smash, there's a relatively high chance it's Yasuo. FUCK"
29,LeagueOfLegends,7491,Positive,insert,1,"oh fuck I just realized... Ohio if a League of Legends Champion gets into smash, there's A a relatively high chance it's Yasuo. FUCK"
29,LeagueOfLegends,7491,Positive,insert,2,"oh fuck I just realized... if a amp League eminent of Legends Champion gets into smash, there's a relatively high chance it's Yasuo. FUCK"
29,LeagueOfLegends,7491,Positive,delete,1,"oh fuck I just realized... if a of Legends Champion gets smash, there's a relatively high it's Yasuo. FUCK"
29,LeagueOfLegends,7491,Positive,delete,2,"oh fuck just realized... if a League of Legends Champion gets into smash, there's a relatively high chance. FUCK"
30,TomClancysGhostRecon,10830,Neutral,original,0,Something went wrong.
30,TomClancysGhostRecon,10830,Neutral,swap,1,Something wrong went.
30,TomClancysGhostRecon,10830,Neutral,swap,2,went Something wrong.
30,TomClancysGhostRecon,10830,Neutral,insert,1,Something incorrect went wrong.
30,TomClancysGhostRecon,10830,Neutral,insert,2,rifle Something went wrong.
30,TomClancysGhostRecon,10830,Neutral,delete,1,Something wrong.
30,TomClancysGhostRecon,10830,Neutral,delete,2,went wrong.
31,Microsoft,8269,Irrelevant,original,0,I'm live on Twitch - watch me on twitch.tv / osg _ shotz
31,Microsoft,8269,Irrelevant,swap,1,I'm live on Twitch - watch me twitch on.tv / osg _ shotz
31,Microsoft,8269,Irrelevant,swap,2,I'm live on tv - watch me on twitch.Twitch / osg _ shotz
31,Microsoft,8269,Irrelevant,insert,1,I'm live on Twitch - watch me on twitch.populate tv / osg _ shotz
31,Microsoft,8269,Irrelevant,insert,2,learn I'm live on Twitch - watch me on twitch.tv / osg _ shotz
31,Microsoft,8269,Irrelevant,delete,1,I'm live on Twitch - me on twitch.tv / osg _ shotz
31,Microsoft,8269,Irrelevant,delete,2,I'm live on Twitch - watch me on twitch. / osg _ shotz
32,CallOfDutyBlackopsColdWar,1636,Irrelevant,original,0,The Best Decent Bot •. sniper prize for La @NioxSnipingYT •...
32,CallOfDutyBlackopsColdWar,1636,Irrelevant,swap,1,The Best Decent Bot •. sniper prize for NioxSnipingYT @La •...
32,CallOfDutyBlackopsColdWar,1636,Irrelevant,swap,2,The Decent Best Bot •. sniper prize for La @NioxSnipingYT •...
32,CallOfDutyBlackopsColdWar,1636,Irrelevant,insert,1,The Best Decent Bot •. lah sniper prize for La @NioxSnipingYT •...
32,CallOfDutyBlackopsColdWar,1636,Irrelevant,insert,2,The Best Decent Bot •. sniper prize for select La @NioxSnipingYT •...
32,CallOfDutyBlackopsColdWar,1636,Irrelevant,delete,1,Best Decent Bot •. sniper prize for La @NioxSnipingYT •...
32,CallOfDutyBlackopsColdWar,1636,Irrelevant,delete,2,The Best Bot •. sniper prize for La @NioxSnipingYT •...
33,HomeDepot,5805,Neutral#Positive,original,0,I miss the hot dog stands at Home Depot
33,HomeDepot,5805,Neutral#Positive,swap,1,I Depot the hot dog stands at Home miss
33,HomeDepot,5805,Neutral#Positive,swap,2,I miss at hot dog stands the Home Depot
33,HomeDepot,5805,Neutral#Positive,insert,1,I miss spicy the hot dog stands at Home Depot
33,HomeDepot,5805,Neutral#Positive,insert,2,I miss the home hot dog stands at Home Depot
33,HomeDepot,5805,Neutral#Positive,delete,1,I miss the dog stands at Home Depot
33,HomeDepot,5805,Neutral#Positive,delete,2,I miss the hot stands at Home Depot
34,Amazon,230,Positive,original,0,"Beautiful song. Powerful lyrics that more people should hear..  ""Furious Love"" by VERIDIA on Amazon Music. music.amazon.com/albums/B00IPBY…"
34,Amazon,230,Positive,swap,1,"Beautiful music. Powerful lyrics that song people should hear..  ""Furious Love"" by VERIDIA on Amazon Music. more.amazon.com/albums/B00IPBY…"
34,Amazon,230,Positive,swap,2,"Beautiful song. Powerful lyrics that more people should hear..  ""Furious Love"" by B00IPBY on Amazon Music. music.amazon.com/VERIDIA/albums…"
34,Amazon,230,Positive,insert,1,"Beautiful song. Powerful along beautiful lyrics that more people should hear..  ""Furious Love"" by VERIDIA on Amazon Music. music.amazon.com/albums/B00IPBY…"
34,Amazon,230,Positive,insert,2,"Beautiful song. medicine Powerful lyrics that more people should hear..  ""Furious Love"" by VERIDIA on Amazon Music. music.amazon.com/albums/along B00IPBY…"
34,Amazon,230,Positive,delete,1,"Beautiful song. Powerful lyrics that more people should hear..  "" Love"" by VERIDIA on Amazon. music.amazon.com//B00IPBY…"
34,Amazon,230,Positive,delete,2,"Beautiful song. Powerful lyrics that more people should hear..  ""Furious Love"" VERIDIA on Amazon Music. music.amazon.com//…"
35,Fortnite,6630,Positive,original,0,Great way to bring exposure to young up and new coming artists
35,Fortnite,6630,Positive,swap,1,Great way to bring exposure to young artists and new coming up
35,Fortnite,6630,Positive,swap,2,artists way to bring exposure to young up and new coming Great
35,Fortnite,6630,Positive,insert,1,Great way to bring exposure to young neat up and new coming artists
35,Fortnite,6630,Positive,insert,2,Great way to bring exposure to young up and new coming new artists
35,Fortnite,6630,Positive,delete,1,Great to bring exposure to young up and new coming artists
35,Fortnite,6630,Positive,delete,2,Great way to bring exposure to young up new coming artists
36,MaddenNFL,7715,Irrelevant#Positive,original,0,with I mean this is just insane . . . RhandlerR RhandlerR RhandlerR pic.twitter.com/30llzT6egr
36,MaddenNFL,7715,Irrelevant#Positive,swap,1,with I mean RhandlerR is just insane . . . RhandlerR this RhandlerR pic.twitter.com/30llzT6egr
36,MaddenNFL,7715,Irrelevant#Positive,swap,2,with I mean this is just com . . . RhandlerR RhandlerR RhandlerR pic.twitter.insane/30llzT6egr
36,MaddenNFL,7715,Irrelevant#Positive,insert,1,with I equitable mean this is just insane . . . RhandlerR RhandlerR RhandlerR pic.twitter.com/30llzT6egr
36,MaddenNFL,7715,Irrelevant#Positive,insert,2,with I mean this is just insane . . . RhandlerR RhandlerR only RhandlerR pic.twitter.com/30llzT6egr
36,MaddenNFL,7715,Irrelevant#Positive,delete,1,with I mean this is insane . . . RhandlerR RhandlerR RhandlerR.twitter.com/30llzT6egr
36,MaddenNFL,7715,Irrelevant#Positive,delete,2,with I this is insane . . . RhandlerR RhandlerR RhandlerR pic.twitter.com/30llzT6egr
37,CS-GO,4107,Positive,original,0,Congratulations to @Team__Spirit!... You are the.. Good coaching job. Yes Thank you again for playing!...
37,CS-GO,4107,Positive,swap,1,Congratulations to @Team__Spirit!... You are the.. Good coaching job. Yes Thank you for again playing!...
37,CS-GO,4107,Positive,swap,2,Congratulations to @are!... You Team__Spirit the.. Good coaching job. Yes Thank you again for playing!...
37,CS-GO,4107,Positive,insert,1,Congratulations to @Team__Spirit!... You are the.. Good coaching job. Yes Thank you again for near playing!...
37,CS-GO,4107,Positive,insert,2,Congratulations to @Team__Spirit!... You yes are the.. Good coaching job. Yes Thank you again for playing!...
37,CS-GO,4107,Positive,delete,1,Congratulations @Team__Spirit!... are the.. Good coaching job. Yes Thank you again for playing!...
37,CS-GO,4107,Positive,delete,2,Congratulations to @Team__Spirit!... You are the.. Good coaching. Thank you again for playing!...
38,PlayerUnknownsBattlegrounds(PUBG),10122,Neutral,original,0,Why government banned pubg
38,PlayerUnknownsBattlegrounds(PUBG),10122,Neutral,swap,1,Why government pubg banned
38,PlayerUnknownsBattlegrounds(PUBG),10122,Neutral,swap,2,Why pubg banned government
38,PlayerUnknownsBattlegrounds(PUBG),10122,Neutral,insert,1,Why government blackball banned pubg
38,PlayerUnknownsBattlegrounds(PUBG),10122,Neutral,insert,2,regime Why government banned pubg
38,PlayerUnknownsBattlegrounds(PUBG),10122,Neutral,delete,1,Why government banned 
38,PlayerUnknownsBattlegrounds(PUBG),10122,Neutral,delete,2,Why government pubg
39,Verizon,11692,Neutral,original,0,Hey @ verizonfios @ verizonSupport Why does my internet speed drop to 591 Mbit / s when I pay for 1Gig SIM card services?.. Testing is done via a wired connection with CAT8 SFTP 40GB cables.. speedtest.net / result / c / 1999d...
39,Verizon,11692,Neutral,swap,1,Hey @ verizonfios @ verizonSupport Why does my internet speed drop to c Mbit / s via I pay for 1Gig SIM card services?.. Testing is done when a wired cables with CAT8 SFTP 40GB connection.. speedtest.net / result / 591 / 1999d...
39,Verizon,11692,Neutral,swap,2,does @ 1Gig @ verizonSupport Why Hey my internet speed drop to 591 Mbit / s when I pay result verizonfios SIM card services?.. Testing is done via a wired connection with CAT8 SFTP 40GB cables.. speedtest.net / for / c / 1999d...
39,Verizon,11692,Neutral,insert,1,Hey @ verizonfios @ verizonSupport Why does Mb my internet speed drop to 591 Mbit / net s when I pay for 1Gig SIM card services?.. Testing is meshing done via a wired connection with CAT8 SFTP 40GB cables.. speedtest.net / result / c / 1999d...
39,Verizon,11692,Neutral,insert,2,Hey @ verizonfios @ verizonSupport Why does my internet speed drop to 591 Mbit / s when I pay for 1Gig SIM card services?.. Testing is done via a wired connection with service CAT8 SFTP 40GB cables.. coke speedtest.net / serve result / c / 1999d...
39,Verizon,11692,Neutral,delete,1,Hey @ verizonfios @ verizonSupport Why does my internet drop to 591 Mbit / s when I pay for 1Gig SIM card services?.. Testing is done a connection with CAT8 SFTP cables.. speedtest.net / result / c /...
39,Verizon,11692,Neutral,delete,2,Hey @ verizonfios @ verizonSupport Why my internet drop to 591 Mbit / s when I pay for 1Gig SIM card services?.. Testing done via a wired connection with SFTP 40GB cables.. speedtest. / result / c / 1999d...
40,CS-GO,4054,Negative,original,0,"bloody hell sounds so dumb, I’ve won 10 matches in a row with over 50 MVPS’s and reached 1,500 kills each game carrying my team. Like do I needed to build a new online CSGO account????"
40,CS-GO,4054,Negative,swap,1,"bloody a in so dumb, I’ve won 10 matches sounds a row with over 50 MVPS’s and reached 1,500 kills each game carrying my team. Like do I online to build hell new needed CSGO account????"
40,CS-GO,4054,Negative,swap,2,"bloody hell sounds so dumb, I’ve won to matches in a row with over carrying MVPS’s and reached 1,500 kills each Like 50 my team. game do I needed 10 build a new online CSGO account????"
40,CS-GO,4054,Negative,insert,1,"bloody hell sounds so dumb, I’ve apiece won 10 matches in a row with over 50 MVPS’inward MVP s and reached 1,500 kills each game carrying my team. Like do I needed to build a new online CSGO account????"
40,CS-GO,4054,Negative,insert,2,"bloody hell sounds so dumb, I’ve won invoice 10 matches in a row with over 50 MVPS’s and defeat hold reached 1,500 kills each game carrying my team. Like do I needed to build a new online CSGO account????"
40,CS-GO,4054,Negative,delete,1,"bloody hell sounds so dumb,’ve won 10 matches a row with over 50 MVPS’s reached 1,500 each carrying my team. Like do I needed to build a new online CSGO account????"
40,CS-GO,4054,Negative,delete,2,"hell sounds so dumb, I’ve 10 matches in a row with 50 MVPS’s reached 1,500 kills each game carrying my team. do I needed to build a new online CSGO account????"
41,TomClancysGhostRecon,10930,Irrelevant,original,0,We really are Ghosts... Real and we don't exist.
41,TomClancysGhostRecon,10930,Irrelevant,swap,1,We really Real Ghosts... are and we don't exist.
41,TomClancysGhostRecon,10930,Irrelevant,swap,2,We really are Ghosts... Real don't we and exist.
41,TomClancysGhostRecon,10930,Irrelevant,insert,1,We really are Ghosts... Real and tangible we don't exist.
41,TomClancysGhostRecon,10930,Irrelevant,insert,2,We really are Ghosts... spook Real and we don't exist.
41,TomClancysGhostRecon,10930,Irrelevant,delete,1,We really are Ghosts... and we don't exist.
41,TomClancysGhostRecon,10930,Irrelevant,delete,2,really are Ghosts... Real and we don't exist.
42,Microsoft,8035,Negative,original,0,"Who is ready for microsoft to forcibly resurrect a nasty series with no plan or direction but to make money, and then force archaic spin to release it in 2 years?!!!???"
42,Microsoft,8035,Negative,swap,1,"Who is ready for microsoft to forcibly resurrect to nasty series with direction plan or no but a make money, and then force archaic spin to release it in 2 years?!!!???"
42,Microsoft,8035,Negative,swap,2,"Who is spin for microsoft to forcibly resurrect a nasty series with no plan or direction but to in money, and then force archaic ready to release it make 2 years?!!!???"
42,Microsoft,8035,Negative,insert,1,"Who is ready for indium microsoft to forcibly resurrect a nasty series with no plan or direction urinate but to make money, and then force archaic spin to release it in 2 years?!!!???"
42,Microsoft,8035,Negative,insert,2,"Who is ready for microsoft to forcibly resurrect a In nasty series with no plan or direction but IN to make money, and then force archaic spin to release it in 2 years?!!!???"
42,Microsoft,8035,Negative,delete,1,"Who is for microsoft to forcibly resurrect a nasty series with no plan or but make money, and then force archaic spin to release it 2 years?!!!???"
42,Microsoft,8035,Negative,delete,2,"Who is ready for microsoft resurrect a nasty series with no plan or but to make money, and then force archaic spin to release it in years?!!!???"
43,CS-GO,4341,Positive,original,0,csgo pls stop ranking me up games are getting harder huhu
43,CS-GO,4341,Positive,swap,1,csgo pls stop ranking me up huhu are getting harder games
43,CS-GO,4341,Positive,swap,2,csgo stop pls ranking me up games are getting harder huhu
43,CS-GO,4341,Positive,insert,1,csgo pls stop ranking me up games are getting harder superior huhu
43,CS-GO,4341,Positive,insert,2,csgo pls stop ranking me up games rank are getting harder huhu
43,CS-GO,4341,Positive,delete,1,csgo pls stop ranking me up games are harder huhu
43,CS-GO,4341,Positive,delete,2,csgo stop ranking me up games are getting harder huhu
44,Amazon,371,Negative,original,0,"Google and Amazon were the biggest imitators of the brands used in phishing attacks in the June quarter, the report said."
44,Amazon,371,Negative,swap,1,"Google and Amazon were the biggest imitators of the brands the used phishing attacks in in June quarter, the report said."
44,Amazon,371,Negative,swap,2,"Google and Amazon were the biggest imitators of the brands used in phishing said in the June quarter, the report attacks."
44,Amazon,371,Negative,insert,1,"Google and Amazon were the biggest imitators of the exist brands used in phishing attacks in the inward June quarter, the report said."
44,Amazon,371,Negative,insert,2,"exist Google and Amazon were the impersonator biggest imitators of the brands used in phishing attacks in the June quarter, the report said."
44,Amazon,371,Negative,delete,1,"Google and Amazon were biggest imitators of the brands used in attacks the June quarter, the report said."
44,Amazon,371,Negative,delete,2,"Google and Amazon were the biggest imitators of the brands used phishing attacks the June quarter, report said."
45,PlayerUnknownsBattlegrounds(PUBG),10245,Positive,original,0,The current state of the PUBG community regarding Loot Re-balance on Karakin... Personally I'm pretty happy with the changes and look forward to playing the card tonight! pic.twitter.com / eFc2HR1n8Y
45,PlayerUnknownsBattlegrounds(PUBG),10245,Positive,swap,1,The current state of the PUBG community regarding Loot Re-balance happy Karakin... to I'm pretty on with the changes and look forward Personally playing the card tonight! pic.twitter.com / eFc2HR1n8Y
45,PlayerUnknownsBattlegrounds(PUBG),10245,Positive,swap,2,The twitter state community the PUBG of regarding Loot Re-balance on Karakin... Personally I'm pretty happy with the changes and look forward to playing the card tonight! pic.current.com / eFc2HR1n8Y
45,PlayerUnknownsBattlegrounds(PUBG),10245,Positive,insert,1,The current state of the PUBG community regarding Loot Re-balance on Karakin... somewhat Personally I'm pretty happy with the changes and look forward to playing the card tonight! pic.twitter.com / eFc2HR1n8Y
45,PlayerUnknownsBattlegrounds(PUBG),10245,Positive,insert,2,The current state of the consider PUBG community regarding Loot Re-balance on Karakin... reckon Personally I'm pretty happy with the changes and look forward to playing the card tonight! pic.twitter.com / eFc2HR1n8Y
45,PlayerUnknownsBattlegrounds(PUBG),10245,Positive,delete,1,The current state of PUBG community regarding Loot Re-balance on... I'm pretty happy with the changes and look to playing the card tonight! pic.twitter.com / eFc2HR1n8Y
45,PlayerUnknownsBattlegrounds(PUBG),10245,Positive,delete,2,current state the PUBG community regarding Loot Re-balance Karakin... Personally I'm pretty happy with the changes and look forward to playing card tonight! pic.twitter.com / eFc2HR1n8Y
46,CallOfDutyBlackopsColdWar,1995,Negative,original,0,and Exclusive to PlayStation? Oh fuck off. pic.twitter.com/1NwFtyVXeX
46,CallOfDutyBlackopsColdWar,1995,Negative,swap,1,and Exclusive to PlayStation? Oh fuck 1NwFtyVXeX. pic.twitter.com/off
46,CallOfDutyBlackopsColdWar,1995,Negative,swap,2,and Exclusive to PlayStation? twitter fuck off. pic.Oh.com/1NwFtyVXeX
46,CallOfDutyBlackopsColdWar,1995,Negative,insert,1,and Exclusive to PlayStation? Oh film fuck off. pic.twitter.com/1NwFtyVXeX
46,CallOfDutyBlackopsColdWar,1995,Negative,insert,2,and Exclusive to bang PlayStation? Oh fuck off. pic.twitter.com/1NwFtyVXeX
46,CallOfDutyBlackopsColdWar,1995,Negative,delete,1,Exclusive to PlayStation? Oh fuck off. pic.twitter.com/1NwFtyVXeX
46,CallOfDutyBlackopsColdWar,1995,Negative,delete,2,and to PlayStation? Oh fuck off. pic.twitter.com/1NwFtyVXeX
47,PlayStation5(PS5),9749,Negative,original,0,@ArgosHelpers I do love how you took money from providing my PayPal for PS5 but because the order didn ’ t completely go through your high end management because they ran an out worth of stock the moment I paid?.
47,PlayStation5(PS5),9749,Negative,swap,1,@ArgosHelpers I do love how of took money from providing my PayPal for PS5 but because the order didn ’ t completely go through your high end out because you ran an management worth they stock the moment I paid?.
47,PlayStation5(PS5),9749,Negative,swap,2,@ArgosHelpers but do love how you took money from providing my PayPal for worth I because the because didn ’ t completely go through your high end management order they ran an out PS5 of stock the moment I paid?.
47,PlayStation5(PS5),9749,Negative,insert,1,@ArgosHelpers I do love how you iodine away took money from providing my PayPal for PS5 but because liothyronine the order didn ’ t completely go through your high end management because they ran an out worth of stock the moment I paid?.
47,PlayStation5(PS5),9749,Negative,insert,2,@ArgosHelpers I do love how you took money from bonk providing my PayPal for PS5 but because the order didn ’ t read completely go through your high end MT management because they ran an out worth of stock the moment I paid?.
47,PlayStation5(PS5),9749,Negative,delete,1,@ArgosHelpers I do love how you took money from providing my PayPal for PS5 but because the order didn ’ t completely go your high end management they worth of stock the moment I paid?.
47,PlayStation5(PS5),9749,Negative,delete,2,@ArgosHelpers I love how money from providing my PayPal for PS5 but because the order didn ’ t completely your high end management because they ran an out worth of stock the moment I paid?.
48,CS-GO,4214,Irrelevant#Positive,original,0,Best pistol player in 2016:GO?..
48,CS-GO,4214,Irrelevant#Positive,swap,1,Best pistol player GO 2016:in?..
48,CS-GO,4214,Irrelevant#Positive,swap,2,in pistol player Best 2016:GO?..
48,CS-GO,4214,Irrelevant#Positive,insert,1,Best pistol advantageously player in 2016:GO?..
48,CS-GO,4214,Irrelevant#Positive,insert,2,Best pistol undecomposed player in 2016:GO?..
48,CS-GO,4214,Irrelevant#Positive,delete,1,Best pistol in 2016:GO?..
48,CS-GO,4214,Irrelevant#Positive,delete,2,Best player in 2016:GO?..
49,Nvidia,9077,Positive,original,0,"Oh, yeah, although I always used to work mostly with these older guys. Second company from inside my portfolio to be acquired in the past for three months. Congrats, @SwiftStack team, on winning the acquisition!"
49,Nvidia,9077,Positive,swap,1,"Oh, acquisition, I although always used to work mostly with these older guys. Second company from inside my portfolio to be acquired in the past on three months. Congrats, @SwiftStack team, for winning the yeah!"
49,Nvidia,9077,Positive,swap,2,"Oh, yeah, although I always used to work mostly with these older on. Second company portfolio inside my from to be acquired in the past for three SwiftStack. Congrats, @months team, guys winning the acquisition!"
49,Nvidia,9077,Positive,insert,1,"Oh, yeah, although I always month within used to work mostly with these older guys. Second company from inside my portfolio to be acquired unity in the past for three months. Congrats, @SwiftStack team, on winning the acquisition!"
49,Nvidia,9077,Positive,insert,2,"succeed Oh, yeah, although I always used to work mostly with society these older guys. Second company elder from inside my portfolio to be acquired in the past for three months. Congrats, @SwiftStack team, on winning the acquisition!"
49,Nvidia,9077,Positive,delete,1,", yeah, although I always used to mostly these older guys. Second company from inside my to be acquired in past for three months. Congrats, @SwiftStack team, on winning the acquisition!"
49,Nvidia,9077,Positive,delete,2,"Oh, yeah, although always used to work mostly with these older guys. Second company inside my portfolio to be acquired in the past for three. Congrats, @ team, on the acquisition!"
50,CallOfDutyBlackopsColdWar,1945,Positive,original,0,"all hyped for cold war, campaign is something i cant wait let start! Who else is hyped!?"
50,CallOfDutyBlackopsColdWar,1945,Positive,swap,1,"all hyped for cold war, campaign is cant i something wait let start! Who else is hyped!?"
50,CallOfDutyBlackopsColdWar,1945,Positive,swap,2,"all hyped for cold war, campaign is something Who cant wait let start! i else is hyped!?"
50,CallOfDutyBlackopsColdWar,1945,Positive,insert,1,"all hyped for cold altogether war, campaign is something i cant wait let start! Who else is hyped!?"
50,CallOfDutyBlackopsColdWar,1945,Positive,insert,2,"all hyped for cold war, campaign is something i cant wait let start! single Who else is hyped!?"
50,CallOfDutyBlackopsColdWar,1945,Positive,delete,1,"all hyped for cold war, campaign is something i cant wait let start! Who is!?"
50,CallOfDutyBlackopsColdWar,1945,Positive,delete,2,"all hyped for cold war, something i cant wait let start! Who else is hyped!?"
51,Microsoft,8173,Neutral,original,0,"Not exactly. Free means the price is your data. During the early days of Avast and AVG, I used to say it was better than nothing. Now, I think nothing - and Microsoft Defender - is better than this bad firewall."
51,Microsoft,8173,Neutral,swap,1,"Microsoft exactly. Free means the price is your data. bad the early days of Avast and AVG, I used nothing say it was better than nothing. Now, I think to - and Not Defender - is better than this During firewall."
51,Microsoft,8173,Neutral,swap,2,"Not exactly. Free means the price is your data. During Now early days say Avast firewall AVG, I used to of it was better than nothing. the, I think nothing - and Microsoft Defender - is better than this bad and."
51,Microsoft,8173,Neutral,insert,1,"Not exactly. Free means the price is your data. During the early days of not Avast and AVG, easily I used to say it was better than nothing. Now, I non think nothing - and Microsoft Defender - is better than this bad firewall."
51,Microsoft,8173,Neutral,insert,2,"Not exactly. Free means the price is your former data. destitute During the early days of Avast and AVG, I used to say it was better than nothing. defective Now, I think nothing - and Microsoft Defender - is better than this bad firewall."
51,Microsoft,8173,Neutral,delete,1,"Not exactly. Free price is your data. During early days Avast and AVG, I used to say it was better than nothing. Now, I think - and Microsoft Defender - is better than this bad firewall."
51,Microsoft,8173,Neutral,delete,2,"Not exactly. Free means the price is your data. During early days Avast and AVG, used to say it was better than nothing., think nothing - and Microsoft Defender - is better than this bad firewall."
52,TomClancysGhostRecon,11003,Negative,original,0,Just tried @GhostRecon_UK for the first time in months and it's still a bug riddled mess. Seriously guy just abandon it and move on. It's dead now.
52,TomClancysGhostRecon,11003,Negative,swap,1,Just tried @GhostRecon_UK for the first time in months and it's still a bug move mess. Seriously guy just abandon and it riddled on. It's dead now.
52,TomClancysGhostRecon,11003,Negative,swap,2,Just tried @GhostRecon_UK it the first time a months and it's still in bug riddled mess. Seriously guy just abandon for and move on. It's dead now.
52,TomClancysGhostRecon,11003,Negative,insert,1,Just tried @GhostRecon_UK for the first time in months and it's still drained a bug riddled mess. Seriously guy just abandon it and move ridicule microbe on. It's dead now.
52,TomClancysGhostRecon,11003,Negative,insert,2,Just tried @locomote GhostRecon_UK for the first good time in months and it's still a bug riddled mess. Seriously guy just abandon it and move on. It's dead now.
52,TomClancysGhostRecon,11003,Negative,delete,1,Just tried @GhostRecon_UK for first time in months and it's a bug riddled. Seriously guy just abandon it and on. It's dead now.
52,TomClancysGhostRecon,11003,Negative,delete,2,Just tried @GhostRecon_UK the time in months and it's a bug mess. Seriously guy just abandon it and move on. It's dead now.
53,NBA2K,8407,Irrelevant,original,0,@ YoyaltyGaming I can't see them.
53,NBA2K,8407,Irrelevant,swap,1,@ YoyaltyGaming them can't see I.
53,NBA2K,8407,Irrelevant,swap,2,@ see I can't YoyaltyGaming them.
53,NBA2K,8407,Irrelevant,insert,1,@ ace YoyaltyGaming I can't see them.
53,NBA2K,8407,Irrelevant,insert,2,@ one YoyaltyGaming I can't see them.
53,NBA2K,8407,Irrelevant,delete,1,@ I can't see them.
53,NBA2K,8407,Irrelevant,delete,2,@ YoyaltyGaming I can't see.
54,Microsoft,8156,Irrelevant,original,0,Uh huh pic.facebook.com / bi5qYQfatb
54,Microsoft,8156,Irrelevant,swap,1,Uh pic huh.facebook.com / bi5qYQfatb
54,Microsoft,8156,Irrelevant,swap,2,com huh pic.facebook.Uh / bi5qYQfatb
54,Microsoft,8156,Irrelevant,delete,1,Uh huh pic.facebook.com / 
54,Microsoft,8156,Irrelevant,delete,2,Uh huh.facebook.com / bi5qYQfatb
55,Nvidia,9192,Irrelevant#Positive,original,0,"than $500 on the AERO VA OLED - Award winning design, stunning 4K OLED panel, color in front edge of kitchen oven, with i7 core and Nvidia Core 4. This is a no work from home, create anywhere laptop! buff.ly/3kd6oRQ"
55,Nvidia,9192,Irrelevant#Positive,swap,1,"than $500 on Nvidia AERO VA anywhere - Award winning is, stunning 4K OLED panel, color in front edge of kitchen oven, with i7 core and work Core 4. This design a no the from home, create OLED laptop! buff.ly/3kd6oRQ"
55,Nvidia,9192,Irrelevant#Positive,swap,2,"than $500 on panel AERO VA OLED - Award kitchen design, stunning 4K OLED the, color in front edge of winning oven, with i7 core 4 Nvidia Core and. This is a no work from home, create anywhere laptop! buff.ly/3kd6oRQ"
55,Nvidia,9192,Irrelevant#Positive,insert,1,"than $500 on the AERO VA OLED - Award winning design, stunning 4K OLED panel, color D in front edge of kitchen inwardness oven, with i7 furbish core and Nvidia Core 4. This is a no work from home, create anywhere laptop! buff.ly/3kd6oRQ"
55,Nvidia,9192,Irrelevant#Positive,insert,2,"than $domicile 500 on the AERO VA sour OLED - Award winning design, stunning 4K OLED panel, color in front edge of kitchen oven, with breast i7 core and Nvidia Core 4. This is a no work from home, create anywhere laptop! buff.ly/3kd6oRQ"
55,Nvidia,9192,Irrelevant#Positive,delete,1,"$500 on the AERO VA OLED - Award winning design, stunning 4K OLED panel, color in front edge of kitchen, with core Nvidia. This is a no work from home, create anywhere laptop! buff.ly/3kd6oRQ"
55,Nvidia,9192,Irrelevant#Positive,delete,2,"than $500 AERO VA OLED - Award winning design, stunning 4K OLED panel, color in front edge of kitchen oven, with i7 core and Nvidia Core 4. This is a no from home, create anywhere! buff./"
56,PlayerUnknownsBattlegrounds(PUBG),10188,Positive,original,0,Congratulations guys finally PUBG UNBAN ho gye thnks @ZakaWaqar  thnks all pubg lover .
56,PlayerUnknownsBattlegrounds(PUBG),10188,Positive,swap,1,Congratulations guys finally PUBG UNBAN ho gye pubg @ZakaWaqar  thnks all thnks lover .
56,PlayerUnknownsBattlegrounds(PUBG),10188,Positive,swap,2,Congratulations guys finally PUBG UNBAN thnks gye ho @ZakaWaqar  thnks all pubg lover .
56,PlayerUnknownsBattlegrounds(PUBG),10188,Positive,insert,1,Congratulations guys Guy finally PUBG UNBAN ho gye thnks @ZakaWaqar  thnks all pubg lover .
56,PlayerUnknownsBattlegrounds(PUBG),10188,Positive,insert,2,Congratulations guys finally PUBG whole UNBAN ho gye thnks @ZakaWaqar  thnks all pubg lover .
56,PlayerUnknownsBattlegrounds(PUBG),10188,Positive,delete,1,Congratulations guys PUBG UNBAN ho gye thnks @ZakaWaqar  thnks all pubg lover .
56,PlayerUnknownsBattlegrounds(PUBG),10188,Positive,delete,2,Congratulations guys finally UNBAN ho gye thnks @ZakaWaqar  thnks all pubg lover .
57,Fortnite,6575,Positive,original,0,"A new game racing mode called "" Liferun "" will be added to Fortnite very effective soon! It will first ever be showcased at PAX South in a few extra days.... In this game mode you'll play here as only a Red Green Cross Society Worker with racing to always save the lives of characters in 4 different missions!. via ) @AdamGrenade im excited!"
57,Fortnite,6575,Positive,swap,1,"A new mode racing different called "" Liferun "" will be added to game very effective soon! It will first ever be showcased at PAX South in a few extra days.... In this game mode you'll play here as only a Red save Cross Society Worker with racing Fortnite always Green the lives of characters via 4 to missions!. in ) @AdamGrenade im excited!"
57,Fortnite,6575,Positive,swap,2,"at new game It mode a "" Liferun "" will be only to Fortnite very effective soon! racing will first ever be showcased A PAX South in called few extra days.... In this game mode you'll play here added as a Red Green Cross Society Worker with racing to always save the lives of characters in 4 different missions!. via ) @AdamGrenade im excited!"
57,Fortnite,6575,Positive,insert,1,"A new game cherry racing mode called "" Liferun "" will be added to sole Fortnite very effective soon! It constitute will first ever be showcased at PAX South in a few extra days.... In this game years mode spare you'll play here as only a Red Green Cross Society Worker with racing to always save the lives of characters in 4 different missions!. via ) @AdamGrenade im excited!"
57,Fortnite,6575,Positive,insert,2,"A new game racing mode called "" greenish At Liferun "" will be added to Fortnite very effective soon! It will first ever be showcased at PAX South in a few extra days.... In this game mode you'll play here as embody only a Red Green at Cross Society Worker with jet racing to always save the lives of characters in 4 different missions!. via ) @AdamGrenade im excited!"
57,Fortnite,6575,Positive,delete,1,"A game racing mode called "" Liferun "" will be added to very soon! It will first ever showcased PAX in a few extra days.... In this game mode you'll play here only a Red Green Cross Society Worker with racing always save the lives of characters 4 different missions!. via ) @AdamGrenade im excited!"
57,Fortnite,6575,Positive,delete,2,"A new racing mode called "" Liferun "" will be added to Fortnite effective soon! It first ever be showcased at PAX South in a few days.... In this game mode you'll play here as only a Red Green Cross Society Worker with racing to save the of characters 4!. via ) @AdamGrenade im excited!"
58,Microsoft,8361,Negative,original,0,Microsoft falls after Microsoft forgot to issue a certificate: -))))))) theverge.com / 2020 / 2 / 3 / 21120...
58,Microsoft,8361,Negative,swap,1,Microsoft falls 2020 Microsoft forgot to issue a certificate: -))))))) theverge.com / after / 2 / 3 / 21120...
58,Microsoft,8361,Negative,swap,2,Microsoft falls after Microsoft forgot to issue a 21120: -))))))) theverge.com / 2020 / 2 / 3 / certificate...
58,Microsoft,8361,Negative,insert,1,Microsoft falls after Microsoft forgot to issue a certificate: -))))))) II theverge.com / 2020 / 2 / 3 / 21120...
58,Microsoft,8361,Negative,insert,2,Microsoft falls after Microsoft forgot to issue a certificate: -))))))) theverge.com / 2020 / threesome 2 / 3 / 21120...
58,Microsoft,8361,Negative,delete,1,Microsoft after Microsoft forgot to a certificate: -))))))) theverge.com / 2020 / 2 / 3 / 21120...
58,Microsoft,8361,Negative,delete,2,Microsoft falls Microsoft forgot to issue a: -))))))) theverge.com / 2020 / 2 / 3 / 21120...
59,Borderlands,2768,Positive,original,0,"New Borderlands Ports on Switch are so good, 100% gave no complaints, definitely worth it, can’t wait to get Bioshock Collection soon."
59,Borderlands,2768,Positive,swap,1,"New Borderlands Ports on Switch are get good, 100% gave complaints no, definitely worth it, can’t wait to so Bioshock Collection soon."
59,Borderlands,2768,Positive,swap,2,"New wait Ports on Switch Borderlands so good, 100% gave no complaints, definitely worth it, can’t are to get Bioshock Collection soon."
59,Borderlands,2768,Positive,insert,1,"New Borderlands Ports on Switch are so good, 100% waiting gave no complaints, definitely fix worth it, can’t wait to get Bioshock Collection soon."
59,Borderlands,2768,Positive,insert,2,"New unquestionably Borderlands Ports on honest Switch are so good, 100% gave no complaints, definitely worth it, can’t wait to get Bioshock Collection soon."
59,Borderlands,2768,Positive,delete,1,"Borderlands Ports on Switch are good, 100% gave no complaints, definitely worth it, can’t to get Bioshock Collection soon."
59,Borderlands,2768,Positive,delete,2,"Ports on Switch are so, 100% gave no complaints, definitely worth it, can’t wait to get Bioshock Collection soon."
60,Cyberpunk2077,3619,Negative,original,0,I ’ m really bummed that @CyberpunkGame is only first person. 5 I think your 3rd person is always leading the move forward for successful side story games. The camera angles while playing just really seems so awkward and leave your game constantly struggling to enjoy the surrounding details. 4 This is going to hurt me their success
60,Cyberpunk2077,3619,Negative,swap,1,I ’ m is bummed that @CyberpunkGame is only first person. 5 really think your 3rd person I always leading the move so for successful side This games. The camera angles while playing constantly really seems forward awkward and leave your game just struggling to enjoy the surrounding details. 4 story is going to hurt me their success
60,Cyberpunk2077,3619,Negative,swap,2,I ’ m really bummed that @CyberpunkGame is person first only. 5 I surrounding your 3rd person is always leading think move forward for successful side story games. The camera angles while playing seems really just so awkward and leave your game constantly struggling to enjoy the the details. 4 This is success to hurt me their going
60,Cyberpunk2077,3619,Negative,insert,1,I ’ m really bummed that @CyberpunkGame Angle is only first person. 5 I think your five 3rd person is always leading the move forward for successful side story games. The camera angles while playing just really seems so awkward and leave your game constantly struggling to enjoy the surrounding tetrad details. 4 This is going to hurt me their follow success
60,Cyberpunk2077,3619,Negative,insert,2,I ’ m really bummed that @CyberpunkGame is think only first person. 5 I clumsy think your 3rd one person is always leading the move forward for successful side story remember games. The camera angles while playing just really seems so awkward and leave your game constantly struggling to enjoy the surrounding details. 4 This is going to hurt me their success
60,Cyberpunk2077,3619,Negative,delete,1,I ’ m bummed that @CyberpunkGame is only first person. 5 think your 3rd person is always leading move forward for successful side story games. The camera while playing just really seems so awkward and leave your game to enjoy the details. 4 This going to hurt me their success
60,Cyberpunk2077,3619,Negative,delete,2,I ’ m really bummed that @CyberpunkGame is only first person. 5 I think your 3rd person is always leading the move forward for successful side games. The camera while playing just really seems so awkward and your game constantly struggling surrounding details. 4 This is going to their success
61,CallOfDutyBlackopsColdWar,1748,Irrelevant,original,0,"Scump, Simp, Loony, Slacked"
61,CallOfDutyBlackopsColdWar,1748,Irrelevant,swap,1,"Scump, Slacked, Loony, Simp"
61,CallOfDutyBlackopsColdWar,1748,Irrelevant,swap,2,"Slacked, Simp, Loony, Scump"
61,CallOfDutyBlackopsColdWar,1748,Irrelevant,insert,1,"Scump, Simp, Loony, balmy Slacked"
61,CallOfDutyBlackopsColdWar,1748,Irrelevant,insert,2,"Scump, slack Simp, Loony, Slacked"
61,CallOfDutyBlackopsColdWar,1748,Irrelevant,delete,1,", Simp, Loony, Slacked"
61,CallOfDutyBlackopsColdWar,1748,Irrelevant,delete,2,"Scump, Simp,, Slacked"
62,Nvidia,8911,Positive,original,0,"It's take a while, but great to see the RTX real-time ray tracing technology lent out to even more mainstream games. The addition aboard @nvidia represents a big one."
62,Nvidia,8911,Positive,swap,1,"It's take a while, but great to see games RTX real-time ray tracing aboard lent out to even more mainstream the. The addition technology @nvidia represents a big one."
62,Nvidia,8911,Positive,swap,2,"The take a while, but great mainstream see the RTX real-time ray tracing technology lent out to even more to games. It's addition aboard @nvidia represents a big one."
62,Nvidia,8911,Positive,insert,1,"It's peerless take a while, but great to see the RTX real-time ray tracing technology lent angstrom out to even more mainstream games. The addition aboard @nvidia represents a big one."
62,Nvidia,8911,Positive,insert,2,"It's take a while, but great to see More the RTX real-time ray tracing technology lent out to even more mainstream games. The proscribed addition aboard @nvidia represents a big one."
62,Nvidia,8911,Positive,delete,1,"It's take a while, but great to see RTX ray tracing lent out to even more mainstream games. The addition aboard @nvidia represents a big."
62,Nvidia,8911,Positive,delete,2,"It's while, but great to see RTX real-time ray tracing technology lent out to even more mainstream games. The addition aboard @ represents a big one."
63,CallOfDuty,2320,Negative,original,0,@CallofDuty has gotten over 156GB. . . Absolutely pathetic.
63,CallOfDuty,2320,Negative,swap,1,@CallofDuty has Absolutely over 156GB. . . gotten pathetic.
63,CallOfDuty,2320,Negative,swap,2,@CallofDuty over gotten has 156GB. . . Absolutely pathetic.
63,CallOfDuty,2320,Negative,insert,1,@CallofDuty has gotten concluded over 156GB. . . Absolutely pathetic.
63,CallOfDuty,2320,Negative,insert,2,@CallofDuty has gotten over 156GB. . . Absolutely silly pathetic.
63,CallOfDuty,2320,Negative,delete,1,@CallofDuty has gotten over 156GB. . . Absolutely.
63,CallOfDuty,2320,Negative,delete,2,@CallofDuty has over 156GB. . . Absolutely pathetic.
64,Hearthstone,5513,Positive,original,0,"The new @ PlayHearthstone expansion looks like it will add some really fun cards, and the old gods were my favorite expansion."
64,Hearthstone,5513,Positive,swap,1,"The new @ PlayHearthstone expansion some like it will add my really fun cards, and the old gods were looks favorite expansion."
64,Hearthstone,5513,Positive,swap,2,"The will @ PlayHearthstone expansion looks like it new add some really were cards, and the old gods fun my favorite expansion."
64,Hearthstone,5513,Positive,insert,1,"The new @ PlayHearthstone expansion looks like it will add some really fun personify cards, and the old gods comprise were my favorite expansion."
64,Hearthstone,5513,Positive,insert,2,"The older new @ PlayHearthstone expansion looks pet like it will add some really fun cards, and the old gods were my favorite expansion."
64,Hearthstone,5513,Positive,delete,1,"The new @ PlayHearthstone expansion looks like it will add some cards, and old gods were my favorite expansion."
64,Hearthstone,5513,Positive,delete,2,"The new @ expansion like it will add some really cards, and the old gods were my favorite expansion."
65,MaddenNFL,7981,Negative,original,0,@saquon you peep with ball carrier vision? They hurt 🤦. ‍.
65,MaddenNFL,7981,Negative,swap,1,@saquon vision peep with ball carrier you? They hurt 🤦. ‍.
65,MaddenNFL,7981,Negative,swap,2,@saquon you peep with hurt carrier vision? They ball 🤦. ‍.
65,MaddenNFL,7981,Negative,insert,1,@nut saquon you peep with ball carrier vision? They hurt 🤦. ‍.
65,MaddenNFL,7981,Negative,insert,2,@saquon you peep with ball peek carrier vision? They hurt 🤦. ‍.
65,MaddenNFL,7981,Negative,delete,1,@saquon you peep with carrier vision? They hurt 🤦. ‍.
65,MaddenNFL,7981,Negative,delete,2,@you peep with ball carrier vision? They hurt 🤦. ‍.
66,AssassinsCreed,879,Neutral#Positive,original,0,Found this perfect setting for Zeus
66,AssassinsCreed,879,Neutral#Positive,swap,1,setting this perfect Found for Zeus
66,AssassinsCreed,879,Neutral#Positive,swap,2,this Found perfect setting for Zeus
66,AssassinsCreed,879,Neutral#Positive,insert,1,Found this perfect jell setting for Zeus
66,AssassinsCreed,879,Neutral#Positive,insert,2,countersink Found this perfect setting for Zeus
66,AssassinsCreed,879,Neutral#Positive,delete,1,Found this perfect setting for 
66,AssassinsCreed,879,Neutral#Positive,delete,2,this perfect setting for Zeus
67,TomClancysGhostRecon,10875,Irrelevant#Positive,original,0,. Is beautiful @GhostRecon..
67,TomClancysGhostRecon,10875,Irrelevant#Positive,swap,1,. Is GhostRecon @beautiful..
67,TomClancysGhostRecon,10875,Irrelevant#Positive,swap,2,. beautiful Is @GhostRecon..
67,TomClancysGhostRecon,10875,Irrelevant#Positive,insert,1,. Is constitute beautiful @GhostRecon..
67,TomClancysGhostRecon,10875,Irrelevant#Positive,insert,2,. Is exist beautiful @GhostRecon..
67,TomClancysGhostRecon,10875,Irrelevant#Positive,delete,1,. Is @GhostRecon..
67,TomClancysGhostRecon,10875,Irrelevant#Positive,delete,2,. Is beautiful @..
68,LeagueOfLegends,7572,Positive,original,0,Happy Happy Monday!!! Tonight we will be streaming me Playing League Of Legends and learning characters through ARAM!! can’t hope will see you all!
68,LeagueOfLegends,7572,Positive,swap,1,Happy Happy Monday!!! Tonight learning will be we me Playing League Of Legends and streaming characters through ARAM!! can’t hope will see you all!
68,LeagueOfLegends,7572,Positive,swap,2,Happy Playing Monday!!! Tonight we will be streaming me Happy will Of Legends and learning characters through ARAM!! can’t hope League see you all!
68,LeagueOfLegends,7572,Positive,insert,1,Happy Happy Monday!!! Tonight we will be ME streaming me Playing League Of case Legends and learning characters through ARAM!! can’t hope will see you all!
68,LeagueOfLegends,7572,Positive,insert,2,Happy Happy Monday!!! Tonight we will be streaming me Playing League leave Of Legends and learning characters through ARAM!! can’t hope will see you quality all!
68,LeagueOfLegends,7572,Positive,delete,1,Happy Happy!!! Tonight we will be streaming me Playing League Of Legends characters through ARAM!! can’t hope will see you all!
68,LeagueOfLegends,7572,Positive,delete,2,Happy Monday!!! Tonight be streaming me Playing League Of Legends and learning characters through ARAM!! can’t hope will see you all!
69,RedDeadRedemption(RDR),10790,Positive,original,0,"A second and a half not watching it, I finally beat Red Dead Redemption III, a wonderfully rich game that kills you with a fantastic storyline if you constantly fight with deliberate controls and molasses coated pace. Can’t wait to seriously play RDR1 now for the first time.<unk>]"
69,RedDeadRedemption(RDR),10790,Positive,swap,1,"A second and a half not watching it, I finally beat Red III Redemption constantly, a wonderfully rich for that kills you with a fantastic storyline if you Dead now with deliberate controls and molasses coated pace. Can’t wait to seriously play RDR1 fight game the first time.<unk>]"
69,RedDeadRedemption(RDR),10790,Positive,swap,2,"A second and a it not watching half, I finally beat Red Dead Redemption III, a time rich game that a you with Can fantastic storyline if you constantly fight with deliberate controls and molasses coated pace. kills’t wait to seriously play RDR1 now for the first wonderfully.<unk>]"
69,RedDeadRedemption(RDR),10790,Positive,insert,1,"A second and a half not watching it, I finally beat wondrous Red Dead Redemption III, a wonderfully rich game that kills you with scarlet a fantastic storyline if you constantly fight with deliberate controls and adenine plenteous molasses coated pace. Can’t wait to seriously play RDR1 now for the first time.<unk>]"
69,RedDeadRedemption(RDR),10790,Positive,insert,2,"A second and threesome a half iodine not watching it, I finally beat Red Dead Redemption III, a wonderfully rich game that kills you lame with a fantastic storyline if you constantly fight with deliberate controls and molasses coated pace. tierce Can’t wait to seriously play RDR1 now for the first time.<unk>]"
69,RedDeadRedemption(RDR),10790,Positive,delete,1,"A second a half not watching it, I finally beat Red Dead Redemption III, a wonderfully rich game that kills you a fantastic storyline you fight with deliberate controls and molasses coated pace. Can’ to seriously play RDR1 now for the time.<unk>]"
69,RedDeadRedemption(RDR),10790,Positive,delete,2,"A second and a not watching it, I beat Dead III, a wonderfully rich game that kills you a fantastic if you constantly fight with deliberate controls and coated pace. Can’t wait to seriously play RDR1 now for the first time.<unk>]"
70,johnson&johnson,6805,Negative,original,0,20 Volunteers Suffer Negative Response to Johnson Gary Johnson’s... thevaccinereaction.org/2020/10/20-vol…
70,johnson&johnson,6805,Negative,swap,1,20 Volunteers Suffer Negative Response to Johnson org Johnson’s... thevaccinereaction.Gary/2020/10/20-vol…
70,johnson&johnson,6805,Negative,swap,2,20 Volunteers Suffer s Response to Johnson Gary Johnson’Negative... thevaccinereaction.org/2020/10/20-vol…
70,johnson&johnson,6805,Negative,insert,1,20 Volunteers Suffer Negative Response to Johnson Gary Johnson’s... thevaccinereaction.org/2020/10/brook 20-vol…
70,johnson&johnson,6805,Negative,insert,2,20 Volunteers Suffer Negative twenty Response to Johnson Gary Johnson’s... thevaccinereaction.org/2020/10/20-vol…
70,johnson&johnson,6805,Negative,delete,1,20 Volunteers Suffer Negative Response to Johnson Gary Johnson’s... thevaccinereaction.org/2020//…
70,johnson&johnson,6805,Negative,delete,2,20 Volunteers Suffer Negative to Johnson Gary’s... thevaccinereaction.org/2020/10/20-vol…
71,CallOfDuty,2044,Positive,original,0,Come watch my buddy Vinny and I for some bad gameplay and even worse jokes! Rocket League! Call of Duty Warzone!  Streaming till 2AM maybe later! Come hang out :)
71,CallOfDuty,2044,Positive,swap,1,Come watch my buddy Vinny League I for some bad gameplay and even worse jokes! Rocket and! Call of hang Warzone!  Streaming till 2AM maybe later! Come Duty out :)
71,CallOfDuty,2044,Positive,swap,2,for watch my buddy Vinny and worse Come some bad gameplay and even Rocket jokes! I League! Call of Duty Warzone!  Streaming till 2AM maybe later! Come hang out :)
71,CallOfDuty,2044,Positive,insert,1,Come watch my buddy Vinny brother and I for some bad gameplay and even worse jokes! Rocket League! Call of Duty Warzone!  trough Streaming till 2AM maybe later! Come hang out :)
71,CallOfDuty,2044,Positive,insert,2,defective Come watch my buddy Vinny and I for some bad gameplay and even worse jokes! Rocket League! Call of Duty Warzone!  Streaming till roquette 2AM maybe later! Come hang out :)
71,CallOfDuty,2044,Positive,delete,1,Come watch my Vinny and I for some gameplay and even worse jokes! Rocket League! Call of Duty Warzone!  till 2AM maybe later! Come hang :)
71,CallOfDuty,2044,Positive,delete,2,watch my buddy Vinny and I for some bad gameplay and even worse jokes! Rocket League! Duty Warzone!  till 2AM maybe later! Come hang out :)
72,Facebook,3222,Negative,original,0,Hi everyone. Just got a working account. I'm really tired driving facebook.
72,Facebook,3222,Negative,swap,1,Hi everyone. Just got a driving account. I'm really tired working facebook.
72,Facebook,3222,Negative,swap,2,Hi everyone. facebook got a working account. I'm really tired driving Just.
72,Facebook,3222,Negative,insert,1,Hi everyone. Just got a working account. ampere I'm really tired driving facebook.
72,Facebook,3222,Negative,insert,2,Hi everyone. explanation Just got a working account. I'm really tired driving facebook.
72,Facebook,3222,Negative,delete,1,Hi everyone. Just got a working account. I'm really driving facebook.
72,Facebook,3222,Negative,delete,2,Hi everyone. Just got a working account. I'm really tired facebook.
73,RedDeadRedemption(RDR),10603,Positive,original,0,Thanks to all that stopped by the stream tonight. Had a great time hanging with all y'all! It was fun. Thanks to @ReptarOnIce3000 for the follow and hope to see you guys tomorrow for some red dead redemption 2 shenanigans.. .
73,RedDeadRedemption(RDR),10603,Positive,swap,1,Thanks to all that stopped by the a tonight. Had time great for hanging with all y'all! It was fun. Thanks to @ReptarOnIce3000 stream the follow and hope to see you guys tomorrow for red some dead redemption 2 shenanigans.. .
73,RedDeadRedemption(RDR),10603,Positive,swap,2,Thanks to all that stopped by the stream tonight. Had a great time hanging with red to! It was fun. ReptarOnIce3000 to @Thanks for the follow and hope y'all see you guys tomorrow for some all dead redemption 2 shenanigans.. .
73,RedDeadRedemption(RDR),10603,Positive,insert,1,Thanks to all that stopped by the stream tonight. Had a great time hanging with all y'all! aside It was fun. Thanks abruptly desire to @embody ReptarOnIce3000 for the follow and hope to see you guys tomorrow for some red dead redemption 2 shenanigans.. .
73,RedDeadRedemption(RDR),10603,Positive,insert,2,Thanks to all that stopped by the stream tonight. Had a great time live hanging with all y'all! It was fun. Thanks to @ReptarOnIce3000 for the follow and hope to see you sport guys tomorrow for bear some red dead redemption 2 shenanigans.. .
73,RedDeadRedemption(RDR),10603,Positive,delete,1,Thanks to all that stopped the stream. Had a great time hanging with all y'all! It fun. Thanks to @ReptarOnIce3000 for the follow and hope to see tomorrow for some red dead redemption shenanigans.. .
73,RedDeadRedemption(RDR),10603,Positive,delete,2,Thanks to that stopped the stream. Had a great time hanging all y'all! It was fun. Thanks to @ReptarOnIce3000 for the follow and hope to you guys tomorrow for some red dead 2 shenanigans.. .
74,CallOfDutyBlackopsColdWar,1672,Positive,original,0,of the setting. Frank Lawrence is back. Feels like Black Ops 1 all over again. See the CCR & New Order soundtrack selections. Looks like the campaign<unk> going to mean DOpE!
74,CallOfDutyBlackopsColdWar,1672,Positive,swap,1,of the setting. Feels Lawrence is back. Frank like Black Ops 1 all over like. See the CCR & New Order soundtrack selections. Looks again the campaign<unk> going to mean DOpE!
74,CallOfDutyBlackopsColdWar,1672,Positive,swap,2,setting the of. Frank Lawrence is back. Feels like Black Ops 1 all over DOpE. See the CCR & New Order soundtrack selections. Looks like the campaign<unk> going to mean again!
74,CallOfDutyBlackopsColdWar,1672,Positive,insert,1,of the setting. Frank Lawrence is back. Feels like Black Ops 1 all over again. See the CCR & New Order soundtrack selections. Looks like the campaign<unk> newly going totally to mean DOpE!
74,CallOfDutyBlackopsColdWar,1672,Positive,insert,2,of the setting. Frank Lawrence is back. Feels like Black Ops safari construe binding 1 all over again. See the CCR & New Order soundtrack selections. Looks like the campaign<unk> going to mean DOpE!
74,CallOfDutyBlackopsColdWar,1672,Positive,delete,1,of the setting. Frank Lawrence is back. Feels like Ops 1 all over again. See CCR & New Order soundtrack selections. Looks like the campaign<unk> going mean!
74,CallOfDutyBlackopsColdWar,1672,Positive,delete,2,of the setting. is back. Feels Black Ops 1 all over again. See the CCR & New Order soundtrack selections. Looks like the campaign<unk> to mean DOpE!
75,Microsoft,8122,Negative,original,0,I've rarely been less proud (or grateful) to be part of the extended extended family.
75,Microsoft,8122,Negative,swap,1,I've family been less proud (or grateful) to be part of the extended extended rarely.
75,Microsoft,8122,Negative,swap,2,I've rarely been less proud (or grateful) to be extended of the extended part family.
75,Microsoft,8122,Negative,insert,1,I've prolonged rarely been less proud (or grateful) to be part of the extended extended family.
75,Microsoft,8122,Negative,insert,2,I've rarely follow been less proud (or grateful) to be part of the extended extended family.
75,Microsoft,8122,Negative,delete,1,I've rarely been less (or grateful) to be part of the extended family.
75,Microsoft,8122,Negative,delete,2,rarely been less proud (or grateful) to part of the extended extended family.
76,johnson&johnson,6982,Positive,original,0,Exit 2020 with a bang
76,johnson&johnson,6982,Positive,swap,1,Exit a with 2020 bang
76,johnson&johnson,6982,Positive,swap,2,Exit with 2020 a bang
76,johnson&johnson,6982,Positive,insert,1,Exit 2020 with amp a bang
76,johnson&johnson,6982,Positive,insert,2,Exit adenine 2020 with a bang
76,johnson&johnson,6982,Positive,delete,1,2020 with a bang
76,johnson&johnson,6982,Positive,delete,2,Exit 2020 with bang
77,TomClancysRainbowSix,11518,Positive,original,0,It is not the first time that the EU Commission has taken such a step.
77,TomClancysRainbowSix,11518,Positive,swap,1,It is not has first time that the EU Commission the taken such a step.
77,TomClancysRainbowSix,11518,Positive,swap,2,It is not the time first that the EU Commission has taken such a step.
77,TomClancysRainbowSix,11518,Positive,insert,1,It is not the first inaugural time that the EU Commission has taken such a step.
77,TomClancysRainbowSix,11518,Positive,insert,2,It is not the first time that the EU Commission has taken personify such a step.
77,TomClancysRainbowSix,11518,Positive,delete,1,It is not first time that EU Commission has taken such a step.
77,TomClancysRainbowSix,11518,Positive,delete,2,It is not the first that the Commission has taken such a step.
78,PlayStation5(PS5),9977,Neutral,original,0,PlayStation 5 release date leaked dr.it / RgggBp
78,PlayStation5(PS5),9977,Neutral,swap,1,PlayStation 5 date release leaked dr.it / RgggBp
78,PlayStation5(PS5),9977,Neutral,swap,2,PlayStation it release date leaked dr.5 / RgggBp
78,PlayStation5(PS5),9977,Neutral,insert,1,PlayStation 5 release date leaked dr.it / leak RgggBp
78,PlayStation5(PS5),9977,Neutral,insert,2,PlayStation 5 release date leaked dr.it / see RgggBp
78,PlayStation5(PS5),9977,Neutral,delete,1,PlayStation 5 date leaked dr.it / RgggBp
78,PlayStation5(PS5),9977,Neutral,delete,2,PlayStation 5 release date leaked.it / RgggBp
79,Fortnite,6712,Neutral,original,0,"""and so it this a symptom of something bigger rolling on? So is it a cause? So now's where everybody WHO's made a mistake, they think it's a cause.""<unk>."
79,Fortnite,6712,Neutral,swap,1,"""and so it this a symptom now's something bigger rolling on? So is it So cause? a of where everybody WHO's made a mistake, they think it's a cause.""<unk>."
79,Fortnite,6712,Neutral,swap,2,"""and so it this a symptom of something bigger rolling on? So is it a cause? So now's WHO's everybody where made a mistake, they think it's unk cause.""<a>."
79,Fortnite,6712,Neutral,insert,1,"""and so it this a err symptom of something bigger rolling on? So is it a cause? So now's where everybody WHO's made a mistake, they think IT it's a cause.""<unk>."
79,Fortnite,6712,Neutral,insert,2,"""draw movement and so it this a symptom of something bigger rolling imbibe on? So is it a cause? So now's where everybody WHO's made a mistake, they think it's a cause.""<unk>."
79,Fortnite,6712,Neutral,delete,1,"""and so a of something bigger rolling on? So is it a cause? So now's where everybody WHO's made a, they think it's a cause.""<unk>."
79,Fortnite,6712,Neutral,delete,2,"""and so it this a symptom of bigger rolling on? it a cause? So now's where everybody WHO's made a, they think it's a cause.""<unk>."
80,WorldOfCraft,12535,Negative,original,0,"I had an itch to draw Lunerian and Silgryn again, bc I miss them so much.. I may no longer play WoW, but Silgryn is still so dear to me."
80,WorldOfCraft,12535,Negative,swap,1,"I had an itch to I Lunerian and me again, bc I miss them so much.. draw may no longer play WoW, but Silgryn is still so dear to Silgryn."
80,WorldOfCraft,12535,Negative,swap,2,"I is an itch to draw Lunerian and Silgryn again, bc WoW miss them so much.. I may no longer play I, but Silgryn had still so dear to me."
80,WorldOfCraft,12535,Negative,insert,1,"I had an itch to draw Lunerian and Silgryn again, bc I miss them drop so much.. I may no longer play WoW, but Silgryn is still nonetheless lose so dear to me."
80,WorldOfCraft,12535,Negative,insert,2,"I had an itch to draw Lunerian and Silgryn again, bc I miss them so much.. I may get no longer play WoW, but calm Silgryn is still so dear to me."
80,WorldOfCraft,12535,Negative,delete,1,"I an itch to draw Lunerian and Silgryn, bc miss them so much.. may no longer play WoW, but Silgryn is still so dear to me."
80,WorldOfCraft,12535,Negative,delete,2,"I had an itch to draw Lunerian and Silgryn again, bc I miss them much.. I may no longer play, Silgryn is still so dear to."
81,Google,4578,Negative,original,0,I have never heard of Jesus following the less fortunate. Those who are attacked by the state. There must be a new rebranding.
81,Google,4578,Negative,swap,1,There have never heard of Jesus following the attacked fortunate. Those who are less by the state. I must be a new rebranding.
81,Google,4578,Negative,swap,2,a have never heard of Jesus following the less fortunate. Those who are attacked by the I. There must be state new rebranding.
81,Google,4578,Negative,insert,1,I have never heard of Jesus following the less fortunate. there Those who are attacked by the state. There must be a new Deliverer rebranding.
81,Google,4578,Negative,insert,2,I have never mustiness heard of Jesus following the less fortunate. Those who are attacked by the state. There must rosy be a new rebranding.
81,Google,4578,Negative,delete,1,I have never heard Jesus following the less. Those who are attacked by the state. There must be a new.
81,Google,4578,Negative,delete,2,I have never heard of following the less. Those who are by the state. There must be a new rebranding.
82,Facebook,3477,Positive,original,0,I was lucky enough to have David Attenborough as a university lecturer. It's nice to see people coming together to teach children who don't go to school.
82,Facebook,3477,Positive,swap,1,I was lucky enough to have David Attenborough as a university lecturer. see nice to It's people children together to teach coming who don't go to school.
82,Facebook,3477,Positive,swap,2,I was lucky enough to teach David Attenborough as a university lecturer. It's nice to see people coming don't to have children who together go to school.
82,Facebook,3477,Positive,insert,1,I was lucky enough to have David Attenborough as WHO a university lecturer. It's nice to see people coming together to teach children arsenic who don't go to school.
82,Facebook,3477,Positive,insert,2,I was lucky enough to have get David Attenborough as a university lecturer. It's nice to see people coming unitedly together to teach children who don't go to school.
82,Facebook,3477,Positive,delete,1,I was lucky enough to have David Attenborough university lecturer. It's nice see people coming together to teach children who don't go to.
82,Facebook,3477,Positive,delete,2,I was lucky to have David Attenborough as a university. It's nice to see people coming together to teach children who go to.
83,Microsoft,8158,Negative,original,0,"The prices to the new Minecraft emotes are ludicrous. Very destructive to industry and gaming in terms of reputation. This is no cash grab, and it will be cheaper. Way painfully expensive! Have you forgotten the reputational damage created by EA's loot buying scandals?! @mojang @jeb_"
83,Microsoft,8158,Negative,swap,1,"The prices scandals the new Minecraft emotes are ludicrous. Very destructive to industry and gaming the terms of reputation. mojang is no cash grab, and it will be cheaper. Way painfully expensive! Have you forgotten This reputational damage created by EA's loot buying to?! @in @jeb_"
83,Microsoft,8158,Negative,swap,2,"The prices to the new Minecraft emotes are ludicrous. is destructive to industry expensive gaming in terms of reputation. This Very no cash grab, and it will be cheaper. damage painfully and! Have you forgotten the reputational buying created by EA's loot Way scandals?! @mojang @jeb_"
83,Microsoft,8158,Negative,insert,1,"The prices terminus to the new Minecraft glucinium emotes are ludicrous. Very destructive to industry and gaming in terms of reputation. This is no forget cash grab, and it will be cheaper. Way painfully expensive! Have you forgotten the reputational damage created by EA's loot buying scandals?! @mojang @jeb_"
83,Microsoft,8158,Negative,insert,2,"The prices to the new Minecraft emotes are ludicrous. Very destructive to industry and gaming in leave terms of bribe reputation. This is no cash grab, and it will be cheaper. Way painfully expensive! Have you forgotten the reputational damage created by EA's loot buying scandals?! @aside mojang @jeb_"
83,Microsoft,8158,Negative,delete,1,"The prices new Minecraft emotes are ludicrous. Very to industry and gaming terms of reputation. This is no cash grab, and it will be cheaper. Way painfully expensive! you forgotten the reputational damage created EA's loot buying scandals?! @mojang @jeb_"
83,Microsoft,8158,Negative,delete,2,"The to the new Minecraft emotes are ludicrous. Very to industry and gaming in terms of reputation. This is no cash grab, and it will be. Way painfully expensive! Have forgotten the reputational damage created loot buying scandals?! @mojang @jeb_"
84,MaddenNFL,7995,Negative,original,0,Ready for more crappy same game and more removed content and still locked behind the paywall
84,MaddenNFL,7995,Negative,swap,1,Ready for more crappy same game and more the content and still locked behind removed paywall
84,MaddenNFL,7995,Negative,swap,2,Ready for removed crappy same game and more more content and still locked behind the paywall
84,MaddenNFL,7995,Negative,insert,1,Ready for more crappy interlace same game and more removed content and still locked behind the paywall
84,MaddenNFL,7995,Negative,insert,2,Ready for more crappy same game and more removed content More and still locked behind the paywall
84,MaddenNFL,7995,Negative,delete,1,Ready for more crappy same game and more content and still locked behind paywall
84,MaddenNFL,7995,Negative,delete,2,Ready for more crappy same game and more removed content and still locked paywall
85,PlayStation5(PS5),9965,Negative,original,0,Can y'all niggas stop clinin bout women not buyin y'all the PS5. y'all sound just chillat
85,PlayStation5(PS5),9965,Negative,swap,1,Can y'all niggas just clinin bout women not buyin y'all the PS5. y'all sound stop chillat
85,PlayStation5(PS5),9965,Negative,swap,2,Can y'all niggas stop clinin the women not buyin y'all bout PS5. y'all sound just chillat
85,PlayStation5(PS5),9965,Negative,insert,1,Can y'all niggas stop clinin bout women not buyin exactly y'all the PS5. y'all sound just chillat
85,PlayStation5(PS5),9965,Negative,insert,2,Can y'all niggas stop clinin bout women not buyin y'all the womanhood PS5. y'all sound just chillat
85,PlayStation5(PS5),9965,Negative,delete,1,Can y'all niggas stop clinin bout women not buyin y'all. y'all sound just chillat
85,PlayStation5(PS5),9965,Negative,delete,2,Can y'all stop clinin bout women not buyin the PS5. y'all sound just chillat
86,Microsoft,8028,Negative,original,0,"@ TAKEALOT. Don't you think it's unethical to sell a device that is no longer supported by the manufacturer? Windows Phone is dead, but you have it for sale, possibly jeopardizing user information. Microsoft Luxury 640 LTE 8GB Single Sim - Black."
86,Microsoft,8028,Negative,swap,1,"@ TAKEALOT. Don't you sell possibly supported to think a device that is no longer unethical by the manufacturer? Windows Phone is dead, but you have it's for sale, it jeopardizing user information. Microsoft Luxury 640 LTE 8GB Single Sim - Black."
86,Microsoft,8028,Negative,swap,2,"@ TAKEALOT. Don't you think it's unethical to sell a device that is supported longer no by the manufacturer? Windows dead is Phone, but 640 have it for sale, possibly jeopardizing user information. Microsoft Luxury you LTE 8GB Single Sim - Black."
86,Microsoft,8028,Negative,insert,1,"@ TAKEALOT. Don't you think it's unethical to sell a device that is no fateful longer supported by the manufacturer? Windows A Phone is dead, but you have it for sale, possibly jeopardizing user information. Microsoft Luxury cost 640 LTE 8GB Single Sim - Black."
86,Microsoft,8028,Negative,insert,2,"@ short TAKEALOT. Don't you think it's unethical to sell a device that is no longer supported by the manufacturer? Windows Phone is dead, but you call have it for sale, possibly jeopardizing user information. Microsoft earphone Luxury 640 LTE 8GB Single Sim - Black."
86,Microsoft,8028,Negative,delete,1,"@ TAKEALOT. think it's to sell device that is no longer supported by the manufacturer? Windows Phone is dead, but have it for sale, possibly jeopardizing user information. Microsoft Luxury 640 8GB Single Sim - Black."
86,Microsoft,8028,Negative,delete,2,"@ TAKEALOT. think it's unethical to sell a device that is no longer supported by manufacturer? Windows Phone is dead, but you have it for sale, possibly jeopardizing information. Microsoft Luxury 640 8GB Single Sim -."
87,Xbox(Xseries),13137,Irrelevant,original,0,I absolutely got the new
87,Xbox(Xseries),13137,Irrelevant,swap,1,I absolutely the got new
87,Xbox(Xseries),13137,Irrelevant,swap,2,absolutely I got the new
87,Xbox(Xseries),13137,Irrelevant,insert,1,newly I absolutely got the new
87,Xbox(Xseries),13137,Irrelevant,insert,2,perfectly I absolutely got the new
87,Xbox(Xseries),13137,Irrelevant,delete,1,I absolutely got the 
87,Xbox(Xseries),13137,Irrelevant,delete,2,I got the new
88,Fortnite,6573,Negative,original,0,Pokémon go to the polls...same gimmicks in the place of substantive issues and policy. Pathetic and embarrassing.
88,Fortnite,6573,Negative,swap,1,Pokémon go to the polls...same gimmicks in the issues of substantive place and policy. Pathetic and embarrassing.
88,Fortnite,6573,Negative,swap,2,Pokémon same to the polls...go gimmicks in the place of substantive issues and policy. Pathetic and embarrassing.
88,Fortnite,6573,Negative,insert,1,Pokémon go point to the polls...same gimmicks in the place of substantive issues and policy. Pathetic and embarrassing.
88,Fortnite,6573,Negative,insert,2,Pokémon go to the polls...same gimmicks in the egress place of substantive issues and policy. Pathetic and embarrassing.
88,Fortnite,6573,Negative,delete,1,Pokémon go to the polls...same gimmicks in the place of substantive and policy. Pathetic embarrassing.
88,Fortnite,6573,Negative,delete,2,Pokémon go to the...same gimmicks in the place substantive issues and policy. Pathetic and embarrassing.
89,Microsoft,8026,Positive,original,0,The new Microsoft Edge 2 is a beauty
89,Microsoft,8026,Positive,swap,1,The new Microsoft Edge a is 2 beauty
89,Microsoft,8026,Positive,swap,2,beauty new Microsoft Edge 2 is a The
89,Microsoft,8026,Positive,insert,1,The new Microsoft ii Edge 2 is a beauty
89,Microsoft,8026,Positive,insert,2,The new adenine Microsoft Edge 2 is a beauty
89,Microsoft,8026,Positive,delete,1,The new Microsoft Edge 2 is a 
89,Microsoft,8026,Positive,delete,2,The new Microsoft Edge is a beauty
90,PlayerUnknownsBattlegrounds(PUBG),10318,Neutral,original,0,I will support you in next election if
90,PlayerUnknownsBattlegrounds(PUBG),10318,Neutral,swap,1,I will election you in next support if
90,PlayerUnknownsBattlegrounds(PUBG),10318,Neutral,swap,2,I will next you in support election if
90,PlayerUnknownsBattlegrounds(PUBG),10318,Neutral,insert,1,I testament will support you in next election if
90,PlayerUnknownsBattlegrounds(PUBG),10318,Neutral,insert,2,I will testament support you in next election if
90,PlayerUnknownsBattlegrounds(PUBG),10318,Neutral,delete,1,I support you in next election if
90,PlayerUnknownsBattlegrounds(PUBG),10318,Neutral,delete,2,I will support you in next if
91,Google,4558,Negative,original,0,Why twitter just make to put in my username to confirm my identity. bitch this ain’t google.
91,Google,4558,Negative,swap,1,Why twitter just make to put in my username to confirm my identity. bitch this google’t ain.
91,Google,4558,Negative,swap,2,Why twitter my make to put in just username to confirm my identity. bitch this ain’t google.
91,Google,4558,Negative,insert,1,Why twitter just make to put in my username to confirm my cast identity. bitch this ain’t google.
91,Google,4558,Negative,insert,2,Why twitter just make to put liothyronine in my username to confirm my identity. bitch this ain’t google.
91,Google,4558,Negative,delete,1,Why twitter just make to put in my to confirm my identity. bitch this ain’t.
91,Google,4558,Negative,delete,2,Why twitter just make to put in my username to confirm my identity. this’t google.
92,Cyberpunk2077,3713,Negative,original,0,"Well, it's disappointing... Won't play then."
92,Cyberpunk2077,3713,Negative,swap,1,"Well, it's Won't... disappointing play then."
92,Cyberpunk2077,3713,Negative,swap,2,"Well, then disappointing... Won't play it's."
92,Cyberpunk2077,3713,Negative,insert,1,"Well, it's disappointing... Won't play fiddle then."
92,Cyberpunk2077,3713,Negative,insert,2,"so Well, it's disappointing... Won't play then."
92,Cyberpunk2077,3713,Negative,delete,1,"Well, disappointing... Won't play then."
92,Cyberpunk2077,3713,Negative,delete,2,"Well, it's disappointing... play then."
93,Overwatch,9578,Positive,original,0,Lets go!!! Overwatch and good vibes!!! Come hang and play Overwatch with me at twitch.tv/z3r0c0010079 ! Hope to see you there!
93,Overwatch,9578,Positive,swap,1,Lets go!!! Overwatch and z3r0c0010079 vibes!!! Come hang and play Overwatch with me at good.tv/twitch ! Hope to see you there!
93,Overwatch,9578,Positive,swap,2,Lets go!!! Overwatch see good Hope!!! Come hang and play Overwatch with me at twitch.tv/z3r0c0010079 ! vibes to and you there!
93,Overwatch,9578,Positive,insert,1,Lets go!!! Overwatch beneficial and good vibes!!! Come hang and play Overwatch with me at twitch.tv/z3r0c0010079 ! jerk Hope to see you there!
93,Overwatch,9578,Positive,insert,2,Lets go!!! Overwatch examine and good vibes!!! Come let hang and play Overwatch with me at twitch.tv/z3r0c0010079 ! Hope to see you there!
93,Overwatch,9578,Positive,delete,1,Lets go!!! Overwatch and!!! Come hang and play Overwatch me at twitch.tv/z3r0c0010079 ! Hope to see you there!
93,Overwatch,9578,Positive,delete,2,Lets go!!! Overwatch good vibes!!! Come hang and play with me at twitch.tv/z3r0c0010079 ! to see you there!
94,RedDeadRedemption(RDR),10424,Positive,original,0,"I'm a bit late but happy that this franchise has changed my life, but I absolutely have it and I adore it with all my heart and soul"
94,RedDeadRedemption(RDR),10424,Positive,swap,1,"I'm a bit late but and that this franchise has changed my life, but I absolutely have it and with adore it I all my heart happy soul"
94,RedDeadRedemption(RDR),10424,Positive,swap,2,"I'm a bit late it happy that this franchise has changed my life, soul I absolutely have it and I adore but with all my heart and but"
94,RedDeadRedemption(RDR),10424,Positive,insert,1,"I'm a bit late but happy that this franchise has changed my life, but I absolutely have it and I adore one it with all my heart IT and soul"
94,RedDeadRedemption(RDR),10424,Positive,insert,2,"bite I'm a bit late but happy that this franchise has changed my life, but I absolutely exchange have it and I adore it with all my heart and soul"
94,RedDeadRedemption(RDR),10424,Positive,delete,1,"I'm a bit late but that this franchise has changed my life, but I absolutely have it and I it with all heart soul"
94,RedDeadRedemption(RDR),10424,Positive,delete,2,"I'm a late but happy that this franchise has changed my life, I absolutely have it and I adore with all heart and soul"
95,AssassinsCreed,1020,Negative,original,0,looks like even @IGN is reporting wrong as the German version of.. again.be/lr3AWo_xBCA
95,AssassinsCreed,1020,Negative,swap,1,looks like even @IGN is reporting wrong German the as version of.. again.be/lr3AWo_xBCA
95,AssassinsCreed,1020,Negative,swap,2,looks like version @IGN is reporting wrong as the German even of.. again.be/lr3AWo_xBCA
95,AssassinsCreed,1020,Negative,insert,1,looks like even @IGN is reporting wrong as the German version of.. again.be/expression lr3AWo_xBCA
95,AssassinsCreed,1020,Negative,insert,2,looks like even @IGN is reporting wrong as the rendering German version of.. again.be/lr3AWo_xBCA
95,AssassinsCreed,1020,Negative,delete,1,looks like @IGN is wrong as the German version of.. again.be/lr3AWo_xBCA
95,AssassinsCreed,1020,Negative,delete,2,looks like even @IGN reporting wrong as the German of.. again.be/lr3AWo_xBCA
96,Battlefield,1281,Positive,original,0,Welcome Guest Battlefield 1 hacker who knows that
96,Battlefield,1281,Positive,swap,1,Battlefield Guest Welcome 1 hacker who knows that
96,Battlefield,1281,Positive,swap,2,Welcome Guest Battlefield 1 who hacker knows that
96,Battlefield,1281,Positive,insert,1,Welcome Guest battleground Battlefield 1 hacker who knows that
96,Battlefield,1281,Positive,insert,2,Welcome Guest unity Battlefield 1 hacker who knows that
96,Battlefield,1281,Positive,delete,1,Welcome Guest Battlefield 1 hacker knows that
96,Battlefield,1281,Positive,delete,2,Welcome Guest Battlefield 1 hacker who that
97,Google,4609,Irrelevant,original,0,"google your name + horror + aesthetics.. I mean,, hot pic.twitter.com / P2ASNp5Jke"
97,Google,4609,Irrelevant,swap,1,"google your name + horror + aesthetics.. I mean,, pic hot.twitter.com / P2ASNp5Jke"
97,Google,4609,Irrelevant,swap,2,"name your google + horror + aesthetics.. I mean,, hot pic.twitter.com / P2ASNp5Jke"
97,Google,4609,Irrelevant,insert,1,"google your name + aesthetic horror + aesthetics.. I mean,, hot pic.twitter.com / P2ASNp5Jke"
97,Google,4609,Irrelevant,insert,2,"google your name + appoint horror + aesthetics.. I mean,, hot pic.twitter.com / P2ASNp5Jke"
97,Google,4609,Irrelevant,delete,1,"google your + horror + aesthetics.. I mean,, hot pic.twitter.com / P2ASNp5Jke"
97,Google,4609,Irrelevant,delete,2,"google your name + horror + aesthetics.. I mean,, hot pic.twitter.com / "
98,TomClancysGhostRecon,11084,Positive,original,0,Loved this sniper section! This mission is so cool. I'm telling you!. Hey guys. Episode 14 is out and you have not watched it yet! So click on this link promptly. . . . youtu.be/ozt2X4AX20M. .
98,TomClancysGhostRecon,11084,Positive,swap,1,Loved this sniper section! This mission and so cool. I'm telling you!. Hey guys. ozt2X4AX20M 14 is out is you have not watched it yet! So click be this link promptly. . . . youtu.on/Episode. .
98,TomClancysGhostRecon,11084,Positive,swap,2,Loved this sniper section! This you is watched cool. I'm telling mission!. Hey guys. Episode 14 is click and you have not so it yet! So out on this link promptly. . . . youtu.be/ozt2X4AX20M. .
98,TomClancysGhostRecon,11084,Positive,insert,1,Loved this sniper birth section! This mission is so cool. I'm telling you!. Hey bear guys. Episode 14 is out and you have not watched it extinct yet! So click on this link promptly. . . . youtu.be/ozt2X4AX20M. .
98,TomClancysGhostRecon,11084,Positive,insert,2,embody Loved this sniper section! This mission is so cool. I'm telling you!. Hey guys. Episode 14 is out and you have not relation watched it thence yet! So click on this link promptly. . . . youtu.be/ozt2X4AX20M. .
98,TomClancysGhostRecon,11084,Positive,delete,1,Loved this sniper section! This mission is so cool. I'm telling you!. Hey guys. Episode 14 is out and have not watched it! So click link promptly. . . ..be/ozt2X4AX20M. .
98,TomClancysGhostRecon,11084,Positive,delete,2,Loved this sniper section! This mission is so. I'm telling you!. Hey guys. Episode 14 is out you have not watched it yet! click on this promptly. . . . youtu./ozt2X4AX20M. .
99,Cyberpunk2077,3953,Negative,original,0,"Super misleading headline. Then course, as always, people jumping any conclusions as a result"
99,Cyberpunk2077,3953,Negative,swap,1,"Super misleading headline. Then course, as always, people jumping any as conclusions a result"
99,Cyberpunk2077,3953,Negative,swap,2,"result misleading headline. Then course, as always, people jumping any conclusions as a Super"
99,Cyberpunk2077,3953,Negative,insert,1,"Super misleading headline. Then course, as always, people jumping any conclusions axerophthol as a result"
99,Cyberpunk2077,3953,Negative,insert,2,"then Super misleading headline. Then course, as always, people jumping any conclusions as a result"
99,Cyberpunk2077,3953,Negative,delete,1,"Super misleading headline. Then course, as always, people jumping conclusions a result"
99,Cyberpunk2077,3953,Negative,delete,2,"Super misleading headline. Then, as always, people any conclusions as a result"
100,PlayStation5(PS5),9688,Negative,original,0,why are guys so obsessed with a girl getting the PS5 for them? get it yourself bb.
100,PlayStation5(PS5),9688,Negative,swap,1,why are for so obsessed with a girl getting the PS5 guys them? get it yourself bb.
100,PlayStation5(PS5),9688,Negative,swap,2,why are guys so obsessed with for girl getting the PS5 a them? get it yourself bb.
100,PlayStation5(PS5),9688,Negative,insert,1,why are guys so obsessed with a girl getting the PS5 for them? BB get it yourself bb.
100,PlayStation5(PS5),9688,Negative,insert,2,why are guys so obsessed with a girl getting wherefore the PS5 for them? get it yourself bb.
100,PlayStation5(PS5),9688,Negative,delete,1,why are guys so obsessed with a girl getting PS5 them? get it yourself bb.
100,PlayStation5(PS5),9688,Negative,delete,2,why are guys so obsessed with girl getting the PS5 them? get it yourself bb.
101,TomClancysRainbowSix,11564,Negative,original,0,@Rainbow6Game . Pls fix your servers i was in a rank match and i got disconnected im already a copper 5 cause of shitty rank trollers and my mmr is going to be really low pls fix the servers thx
101,TomClancysRainbowSix,11564,Negative,swap,1,@Rainbow6Game . Pls fix your servers i was in a rank match and i got disconnected im already my copper 5 cause a shitty rank trollers and of mmr is going to be low really pls fix the servers thx
101,TomClancysRainbowSix,11564,Negative,swap,2,@Rainbow6Game . mmr fix your servers i was in a rank match im i got disconnected and already a copper 5 cause of shitty rank trollers and my be is going to Pls really low pls fix the servers thx
101,TomClancysRainbowSix,11564,Negative,insert,1,@Rainbow6Game . Pls fix your servers i was in a rank match and i got disconnected im already server host a copper 5 cause of shitty rank trollers and my mmr is going to be amp really low pls fix the servers thx
101,TomClancysRainbowSix,11564,Negative,insert,2,@Rainbow6Game . Pls fix your servers personify i was in a rank match and i got disconnected im already a copper 5 cause server of shitty I rank trollers and my mmr is going to be really low pls fix the servers thx
101,TomClancysRainbowSix,11564,Negative,delete,1,@Rainbow6Game . Pls fix your i was in a rank match and i got disconnected im already a copper 5 of rank trollers mmr is going to be really low pls fix the servers thx
101,TomClancysRainbowSix,11564,Negative,delete,2,@Rainbow6Game . Pls fix your servers i was a rank match and i got disconnected im already a copper cause of shitty rank trollers and my going to be low pls fix the servers thx
102,Overwatch,9360,Negative,original,0,was at this fucking unit I’d need to lubricate his tight sockets
102,Overwatch,9360,Negative,swap,1,lubricate at this fucking unit I’d need to was his tight sockets
102,Overwatch,9360,Negative,swap,2,was unit this fucking at I’d need to lubricate his tight sockets
102,Overwatch,9360,Negative,insert,1,was at this fucking unit I’d astatine need to lubricate his tight sockets
102,Overwatch,9360,Negative,insert,2,was at this fucking unit I’d shag need to lubricate his tight sockets
102,Overwatch,9360,Negative,delete,1,at this fucking unit I’d need to lubricate his tight sockets
102,Overwatch,9360,Negative,delete,2,was at fucking unit I’d need to lubricate his tight sockets
103,PlayerUnknownsBattlegrounds(PUBG),10158,Negative,original,0,pubg with taehyung... i hate that game
103,PlayerUnknownsBattlegrounds(PUBG),10158,Negative,swap,1,pubg with taehyung... hate i that game
103,PlayerUnknownsBattlegrounds(PUBG),10158,Negative,swap,2,pubg with taehyung... i game that hate
103,PlayerUnknownsBattlegrounds(PUBG),10158,Negative,insert,1,pubg gamey with taehyung... i hate that game
103,PlayerUnknownsBattlegrounds(PUBG),10158,Negative,insert,2,detest pubg with taehyung... i hate that game
103,PlayerUnknownsBattlegrounds(PUBG),10158,Negative,delete,1,pubg taehyung... i hate that game
103,PlayerUnknownsBattlegrounds(PUBG),10158,Negative,delete,2,pubg with taehyung... i that game
104,TomClancysGhostRecon,10823,Positive,original,0,Couple of shots I took yesterday while playing with @TacStreamDE & @Semirijha & @AgtMorganCreed . Super fun as always :). .
104,TomClancysGhostRecon,10823,Positive,swap,1,Couple of shots I took yesterday while AgtMorganCreed with @TacStreamDE & @Semirijha & @playing . Super fun as always :). .
104,TomClancysGhostRecon,10823,Positive,swap,2,Couple of shots I took yesterday with playing while @TacStreamDE & @Semirijha & @AgtMorganCreed . Super fun as always :). .
104,TomClancysGhostRecon,10823,Positive,insert,1,Couple of constantly shots I took yesterday while playing with @TacStreamDE & @Semirijha & @AgtMorganCreed . Super fun as always :). .
104,TomClancysGhostRecon,10823,Positive,insert,2,Couple of shots I took yesterday while playing with @TacStreamDE & @Semirijha & @AgtMorganCreed . Super ace fun as always :). .
104,TomClancysGhostRecon,10823,Positive,delete,1,Couple of shots I took yesterday playing with @TacStreamDE & @Semirijha & @AgtMorganCreed . fun as always :). .
104,TomClancysGhostRecon,10823,Positive,delete,2,Couple of shots took while playing with @TacStreamDE & @Semirijha & @AgtMorganCreed . Super fun as always :). .
105,Amazon,183,Negative,original,0,Walmart Just Gave Its Workers Another Good Reward to Cancel Their Amazon Prime Membership dlvr.it/Rf21jg<unk>]
105,Amazon,183,Negative,swap,1,Amazon Just Gave Its Workers Another Good Reward to Cancel Their Walmart Prime Membership dlvr.it/Rf21jg<unk>]
105,Amazon,183,Negative,swap,2,Walmart Just Gave Their Workers Another Good Reward to Cancel Its Amazon Prime Membership dlvr.it/Rf21jg<unk>]
105,Amazon,183,Negative,insert,1,Walmart Just Gave Its Workers Another Good reward Reward to Cancel Their Amazon Prime Membership dlvr.it/Rf21jg<unk>]
105,Amazon,183,Negative,insert,2,Walmart Just fair Gave Its Workers Another Good Reward to Cancel Their Amazon Prime Membership dlvr.it/Rf21jg<unk>]
105,Amazon,183,Negative,delete,1,Walmart Just Gave Its Workers Another Good Reward Cancel Their Amazon Prime Membership dlvr./Rf21jg<unk>]
105,Amazon,183,Negative,delete,2,Walmart Just Its Workers Good Reward to Cancel Their Amazon Prime Membership dlvr.it/Rf21jg<unk>]
