orig_id,entity,source_id,label,technique,variant,text
6,Borderlands,2645,Positive,original,0,"Thank you so much to members who came out to @borderlands_sf Monday to witness @megelison and I talking about queer families, skillsharing, and fighting fascism through caring for our communities! what you great night."
6,Borderlands,2645,Positive,swap,1,"Thank you so much to communities who came out to @borderlands_sf Monday to members @megelison you I talking about queer families, skillsharing, and fighting fascism through caring for our witness! what and great night."
6,Borderlands,2645,Positive,swap,2,"Thank you so out to members who came much to @and Monday to witness @megelison and I talking about queer families, skillsharing, borderlands_sf fighting fascism through caring for our night! what you great communities."
6,Borderlands,2645,Positive,insert,1,"Thank you so much to members who came out to @borderlands_sf Monday to member extremity witness @megelison and I talking about queer some families, skillsharing, and fighting fascism through caring for our communities! what you great night."
6,Borderlands,2645,Positive,insert,2,"Thank you so much to members who came out to @borderlands_sf Monday to witness @megelison and ace I talking about queer families, skillsharing, and fighting fascism through caring come for our communities! what member you great night."
6,Borderlands,2645,Positive,delete,1,"Thank you so much to members who came out to @borderlands_sf to witness @ and I about queer, skillsharing, and fighting fascism through caring for communities! what you great night."
6,Borderlands,2645,Positive,delete,2,"Thank you so much to who came out to @borderlands_sf Monday witness @megelison I talking about queer families, skillsharing, and fighting fascism through caring for our communities! what night."
7,Borderlands,2473,Irrelevant#Neutral,original,0,Borderlands 3 - Jesse Krieg Music Meets Princess Maya ( performing Psycho Krieg solo and featuring the Fantastic Duo Fustercluck DLC ). youtube. com / channel watch? id v = o4JfCk ….
7,Borderlands,2473,Irrelevant#Neutral,swap,1,Borderlands 3 - Jesse Krieg and Meets Princess Maya ( performing Psycho Krieg solo Music featuring the Fantastic Duo youtube DLC ). Fustercluck. com / channel watch? id v = o4JfCk ….
7,Borderlands,2473,Irrelevant#Neutral,swap,2,watch 3 - Jesse Krieg Music Meets Princess Maya ( performing Psycho Fustercluck solo and featuring the Fantastic Duo Krieg DLC ). youtube. com / channel Borderlands? id v = o4JfCk ….
7,Borderlands,2473,Irrelevant#Neutral,insert,1,Borderlands 3 - Jesse Krieg Music Meets Princess Maya ( performing Psycho Krieg solo and featuring the Fantastic Duo trinity Fustercluck DLC ). youtube. unaccompanied com / channel watch? id v = o4JfCk ….
7,Borderlands,2473,Irrelevant#Neutral,insert,2,Phoebe Borderlands 3 - Jesse Krieg Music Meets Princess Maya ( performing Psycho Krieg solo and featuring the Fantastic Duo Fustercluck princess DLC ). youtube. com / channel watch? id v = o4JfCk ….
7,Borderlands,2473,Irrelevant#Neutral,delete,1,3 - Jesse Krieg Music Princess Maya ( performing Psycho Krieg solo and featuring the Fantastic Duo Fustercluck DLC ). youtube. com / watch? id v = o4JfCk ….
7,Borderlands,2473,Irrelevant#Neutral,delete,2,Borderlands 3 - Jesse Music Princess Maya ( Psycho Krieg solo and featuring the Fantastic Duo Fustercluck DLC ). youtube. com / channel watch? id v = o4JfCk ….
8,CallOfDutyBlackopsColdWar,1771,Positive,original,0,I'll believe it when I see it but every way I'm excited
8,CallOfDutyBlackopsColdWar,1771,Positive,swap,1,I'll it it when I see believe but every way I'm excited
8,CallOfDutyBlackopsColdWar,1771,Positive,swap,2,excited believe it when I see it but every way I'm I'll
8,CallOfDutyBlackopsColdWar,1771,Positive,insert,1,I'll just believe it when I see it but every way I'm excited
8,CallOfDutyBlackopsColdWar,1771,Positive,insert,2,I'll shake believe it when I see it but every way I'm excited
8,CallOfDutyBlackopsColdWar,1771,Positive,delete,1,I'll believe it when I it but every way I'm excited
8,CallOfDutyBlackopsColdWar,1771,Positive,delete,2,I'll believe it when I see it but every way I'm 
9,Nvidia,8900,Irrelevant,original,0,"Attacked again IBM, AMD releases RX 6000 dual accelerator cards: lower reviews tnewspro.com/2020/10/29/att..."
9,Nvidia,8900,Irrelevant,swap,1,"Attacked again IBM, AMD 2020 RX 6000 dual accelerator cards: lower reviews tnewspro.com/releases/10/29/att..."
9,Nvidia,8900,Irrelevant,swap,2,"Attacked again IBM, reviews releases RX 6000 dual accelerator cards: lower AMD tnewspro.com/2020/10/29/att..."
9,Nvidia,8900,Irrelevant,insert,1,"Attacked again IBM, AMD critique releases RX 6000 dual accelerator cards: lower reviews tnewspro.com/2020/10/29/att..."
9,Nvidia,8900,Irrelevant,insert,2,"Attacked again IBM, AMD releases RX 6000 dual accelerator XXIX cards: lower reviews tnewspro.com/2020/10/29/att..."
9,Nvidia,8900,Irrelevant,delete,1,"Attacked again IBM, AMD RX 6000 dual accelerator: lower reviews tnewspro.com/2020/10/29/att..."
9,Nvidia,8900,Irrelevant,delete,2,"Attacked again IBM, releases RX 6000 accelerator cards: lower reviews tnewspro.com/2020/10/29/att..."
10,Verizon,11897,Positive,original,0,"Thanks to Verizon, you're too expensive not to work"
10,Verizon,11897,Positive,swap,1,"Thanks to Verizon, you're too work not to expensive"
10,Verizon,11897,Positive,swap,2,"Thanks work Verizon, you're too expensive not to to"
10,Verizon,11897,Positive,insert,1,"Thanks to also Verizon, you're too expensive not to work"
10,Verizon,11897,Positive,insert,2,"Thanks to excessively Verizon, you're too expensive not to work"
10,Verizon,11897,Positive,delete,1,"Thanks Verizon, you're too expensive not to work"
10,Verizon,11897,Positive,delete,2,"Thanks to Verizon, you're too not to work"
11,WorldOfCraft,12422,Positive,original,0,"Things that help with how all-caps anxious I feel right now: World of Warcraft. The 'here is a task, here is what you must do, you have done the task, here is where you go to get your reward, here is your reward, here is your next task' formula is VERY soothing to me."
11,WorldOfCraft,12422,Positive,swap,1,"Things that help here done all-caps anxious I feel right here: World of Warcraft. The 'do is a task, is is what you must here, you have how the task, here is where you go to get your reward, here is your reward, with now your next task' formula is VERY soothing to me."
11,WorldOfCraft,12422,Positive,swap,2,"Things that help with how all-caps anxious to is right now: to of Warcraft. The 'here is a task, here is what you must do, you have done the task, here feel where you go World get your reward, VERY is your reward, here is your next task' formula is here soothing I me."
11,WorldOfCraft,12422,Positive,insert,1,"Things that help with how all-caps adenine serve anxious I feel right now: World of Warcraft. The 'here is a task, here is what you dress must do, you have done the task, here is where you flavor go to get your reward, here is your reward, here is your next task' formula is dying VERY soothing to me."
11,WorldOfCraft,12422,Positive,insert,2,"Things that help with how all-caps anxious I feel right now: World of Warcraft. The 'here is a task, here is what you must nervous do, straightaway you have done the task, here is where you go honor to get your reward, here is your reward, here is your next task' personify formula is VERY soothing to me."
11,WorldOfCraft,12422,Positive,delete,1,"Things that help with how all-caps anxious I feel right: of Warcraft. The 'here is a task, here what you must do, you have done the task, here is where to get reward, here is your, here is next task' formula is VERY soothing to me."
11,WorldOfCraft,12422,Positive,delete,2,"Things that help with how all-caps anxious I right now: World Warcraft. The 'here is a task, here is what you must do, have done the, here is where you go get, here is your reward, here is your next formula is VERY soothing to me."
12,Hearthstone,5598,Neutral#Positive,original,0,His Biggest Gold Grubber yet and best game with Reno Jackson for using his new updated zero cost Gold hero saving power
12,Hearthstone,5598,Neutral#Positive,swap,1,Biggest His for Grubber yet and best game with Reno Jackson Gold using his new updated zero cost Gold hero saving power
12,Hearthstone,5598,Neutral#Positive,swap,2,His Biggest Gold Grubber yet power best game Reno with Jackson for using his new updated zero cost Gold hero saving and
12,Hearthstone,5598,Neutral#Positive,insert,1,His Biggest Gold Grubber yet and wedge best game with Reno Jackson update for using his new updated zero cost Gold hero saving power
12,Hearthstone,5598,Neutral#Positive,insert,2,His nonetheless Biggest Gold Grubber yet and best game with Reno Jackson for using his submarine new updated zero cost Gold hero saving power
12,Hearthstone,5598,Neutral#Positive,delete,1,His Biggest Gold Grubber yet and best with Jackson for using his updated zero cost Gold hero saving power
12,Hearthstone,5598,Neutral#Positive,delete,2,His Biggest Grubber yet and best game with Reno Jackson for using his new updated zero cost hero saving 
13,WorldOfCraft,12486,Positive,original,0,The latest WarCraft Press Daily! paper.li/WarCraftPress/… Thanks to @Shadesogrey
13,WorldOfCraft,12486,Positive,swap,1,The Daily WarCraft Press latest! paper.li/WarCraftPress/… Thanks to @Shadesogrey
13,WorldOfCraft,12486,Positive,swap,2,WarCraft latest The Press Daily! paper.li/WarCraftPress/… Thanks to @Shadesogrey
13,WorldOfCraft,12486,Positive,insert,1,The latest WarCraft Press Daily! paper.li/tardy WarCraftPress/… Thanks to @Shadesogrey
13,WorldOfCraft,12486,Positive,insert,2,daily The latest WarCraft Press Daily! paper.li/WarCraftPress/… Thanks to @Shadesogrey
13,WorldOfCraft,12486,Positive,delete,1,The latest WarCraft Press Daily!.li/WarCraftPress/… Thanks to @Shadesogrey
13,WorldOfCraft,12486,Positive,delete,2,The latest WarCraft Press! paper.li/WarCraftPress/… Thanks to @Shadesogrey
14,Overwatch,9333,Negative,original,0,i immediately play overwatch again (bad)
14,Overwatch,9333,Negative,swap,1,i immediately overwatch play again (bad)
14,Overwatch,9333,Negative,swap,2,immediately i play overwatch again (bad)
14,Overwatch,9333,Negative,insert,1,badness i immediately play overwatch again (bad)
14,Overwatch,9333,Negative,insert,2,i immediately play overwatch again (encounter bad)
14,Overwatch,9333,Negative,delete,1,i immediately overwatch again (bad)
14,Overwatch,9333,Negative,delete,2,immediately play overwatch again (bad)
15,PlayStation5(PS5),9988,Negative,original,0,Huge water leak. I wonder how Sony will react now to this?
15,PlayStation5(PS5),9988,Negative,swap,1,Huge water leak. I will how Sony wonder react now to this?
15,PlayStation5(PS5),9988,Negative,swap,2,Huge water leak. I wonder how Sony will react this to now?
15,PlayStation5(PS5),9988,Negative,insert,1,Huge water leak. I wonder how Sony will react now to escape this?
15,PlayStation5(PS5),9988,Negative,insert,2,Huge water leakage leak. I wonder how Sony will react now to this?
15,PlayStation5(PS5),9988,Negative,delete,1,Huge water leak. I wonder how Sony react now to this?
15,PlayStation5(PS5),9988,Negative,delete,2,Huge water leak. wonder how Sony will react now to this?
16,Overwatch,9454,Negative,original,0,"Nerd Tweet: I'm really disappointed by @ PlayOverwatch, one of my favorite games I've played since day one. I feel that all they care about is sport. We finally have a new hero, cool, but another dps. 2 / 2 / 2 I can somehow come back. But let's switch open..."
16,Overwatch,9454,Negative,swap,1,"Nerd Tweet: I'm really disappointed by @ PlayOverwatch, let's of my favorite games I've played open day one. dps feel that all they 2 about is sport. We finally have a new hero, cool, but another I. care / 2 / 2 I can somehow come back. But one switch since..."
16,Overwatch,9454,Negative,swap,2,"Nerd Tweet: I'm really disappointed by @ PlayOverwatch, one of back games favorite 2 played since day one. I feel that all they care about is sport. We finally have a new hero, cool, but another 2. dps / 2 / I've I can somehow come my. But let's switch open..."
16,Overwatch,9454,Negative,insert,1,"Nerd Tweet: I'm really disappointed by @ darling PlayOverwatch, one of my favorite games I've played since day one. I feel that all they care about is sport. We finally have a receive new hero, cool, but another dps. nerd 2 / 2 / 2 I foiled can somehow come back. But let's switch open..."
16,Overwatch,9454,Negative,insert,2,"Nerd exchange Tweet: someway I'm really disappointed by @ PlayOverwatch, one of my favorite games two I've played since day one. I feel that all they care about is sport. We finally unfold have a new hero, cool, but another dps. 2 / 2 / 2 I can somehow come back. But let's switch open..."
16,Overwatch,9454,Negative,delete,1,"Nerd Tweet: really by @, one of my favorite games I've played since day one. I feel that all they care about is. We finally have a new hero, cool, but another dps. / 2 / I can somehow come back. But let's switch..."
16,Overwatch,9454,Negative,delete,2,"Tweet: I'm really disappointed by @ PlayOverwatch, of my favorite games I've played since day one. I feel that all they care about sport. We finally have a new hero, cool, but another dps. / 2 / 2 I can somehow come. let's open..."
17,PlayStation5(PS5),9984,Neutral,original,0,Will<unk> be screaming “ hello it’s Jon champion with co co commentator Jim “ as what dey fuck?
17,PlayStation5(PS5),9984,Neutral,swap,1,hello<unk> be screaming “ Will it’s Jon champion with co co commentator Jim “ as what dey fuck?
17,PlayStation5(PS5),9984,Neutral,swap,2,screaming<unk> be Will “ hello it’s Jon champion with co co commentator Jim “ as what dey fuck?
17,PlayStation5(PS5),9984,Neutral,insert,1,Will<unk> be screaming “ hello it’s Jon champion with co co commentator Jim “ Colorado as what dey fuck?
17,PlayStation5(PS5),9984,Neutral,insert,2,Will<unk> be screaming “ hello it’s Jon champion with co co commentator Jim “ hi as what dey fuck?
17,PlayStation5(PS5),9984,Neutral,delete,1,Will<unk> be screaming “ hello’ Jon champion with co co commentator Jim “ as what dey fuck?
17,PlayStation5(PS5),9984,Neutral,delete,2,Will<unk> be screaming “ it’s Jon champion with co co commentator Jim “ as what fuck?
18,Borderlands,2445,Positive,original,0,4 favorite games of all time. (thanks @317Slayer and @Drunk_Cookies!). . 1. Halo 2/3 can't pick. 2. Rocket League. 3. Kingdom Hearts 2. 4. Super Mario Bros All Stars (this was probably the first game I ever played). . @Demintele_Sway @DiscoSpider93 @Void_BWungus @LSTesports let’s see em!
18,Borderlands,2445,Positive,swap,1,317Slayer favorite games of all time. (thanks @4 and @League!). . 1. Halo 2/3 Drunk_Cookies pick. 2. Rocket can't. 3. Kingdom Hearts 2. 4. Super Mario Bros All Stars (this was probably Demintele_Sway first game I ever played). . @the @DiscoSpider93 @Void_BWungus @LSTesports let’s see em!
18,Borderlands,2445,Positive,swap,2,4 favorite games of all time. (Demintele_Sway @317Slayer and @Drunk_Cookies!). . League. Halo 2/3 can't pick. 2. Rocket 1. 3. Kingdom Hearts 2. 4. was Mario Bros All Stars (this Super probably the first game I ever played). . @thanks @DiscoSpider93 @Void_BWungus @LSTesports let’s see em!
18,Borderlands,2445,Positive,insert,1,4 favorite games of all time. (thanks @317Slayer and @Drunk_Cookies!). . 1. Halo 2/3 can't pick. 2. sentence Rocket examine League. 3. Kingdom Hearts 2. 4. Super Mario Bros All Stars (this maven was probably the first game I ever played). . @Demintele_Sway @DiscoSpider93 @Void_BWungus @LSTesports let’s see em!
18,Borderlands,2445,Positive,insert,2,thank 4 favorite games of all time. (thanks @317Slayer and @Drunk_Cookies!). . 1. Halo 2/altogether 3 can't pick. 2. Rocket League. 3. Kingdom Hearts 2. 4. Super Mario Bros All Stars (this was probably the first game I ever played). . @Demintele_Sway @DiscoSpider93 @arugula Void_BWungus @LSTesports let’s see em!
18,Borderlands,2445,Positive,delete,1,4 favorite games of all time. ( @317Slayer and @!). . 1. Halo 2/3 can't pick. 2. Rocket League. 3. Kingdom Hearts 2. 4. Super Mario Bros All Stars (this was probably first game I played). . @ @ @Void_BWungus @LSTesports let’s see em!
18,Borderlands,2445,Positive,delete,2,4 games of all time. (thanks @317Slayer and @Drunk_Cookies!). . 1. Halo 2/ pick. 2. Rocket League. 3. Hearts. 4. Super Mario Bros All Stars (this was probably the first game I ever played). . @Demintele_Sway @DiscoSpider93 @ @LSTesports let’s see em!
19,NBA2K,8631,Negative,original,0,I like you how some @NBA2K_2KTV act like nothing wrong with that @NBA2K just keep selling this wack info.
19,NBA2K,8631,Negative,swap,1,I like you how some @NBA2K_2KTV act like nothing wrong with that @NBA2K just keep info this wack selling.
19,NBA2K,8631,Negative,swap,2,I wack you how some @NBA2K_2KTV act like nothing wrong with that @NBA2K just keep selling this like info.
19,NBA2K,8631,Negative,insert,1,I iodin like you how some @NBA2K_2KTV act like nothing wrong with that @NBA2K just keep selling this wack info.
19,NBA2K,8631,Negative,insert,2,I like you how some @NBA2K_2KTV act like nothing wrong with about that @NBA2K just keep selling this wack info.
19,NBA2K,8631,Negative,delete,1,I like how some @NBA2K_2KTV act like nothing wrong with that @NBA2K keep selling this wack info.
19,NBA2K,8631,Negative,delete,2,like you how some @NBA2K_2KTV act like nothing wrong with that @NBA2K just selling this wack info.
20,RedDeadRedemption(RDR),10481,Negative,original,0,One of the strangest things Red Dead Redement 2 has taught me (offline and online) is that there were banks and garbage cans everywhere in the old West.
20,RedDeadRedemption(RDR),10481,Negative,swap,1,One of the me things and Dead Redement 2 has taught strangest (offline Red online) is that there were banks and garbage cans everywhere in the old West.
20,RedDeadRedemption(RDR),10481,Negative,swap,2,One of the strangest things Red Dead taught 2 has offline me (Redement and online) is that garbage were banks and there cans everywhere in the old West.
20,RedDeadRedemption(RDR),10481,Negative,insert,1,One feature of the strangest things Red Dead Redement 2 has thither taught me (offline and online) is that there were banks and garbage cans everywhere in the old West.
20,RedDeadRedemption(RDR),10481,Negative,insert,2,One of the strangest things Occident Red Dead Redement 2 has taught me (offline and westward online) is that there were banks and garbage cans everywhere in the old West.
20,RedDeadRedemption(RDR),10481,Negative,delete,1,One of the strangest things Red Redement 2 has taught me (offline and online) is that were banks and cans everywhere in the West.
20,RedDeadRedemption(RDR),10481,Negative,delete,2,of the strangest things Red Dead 2 has taught me (offline and online) is that there were banks and cans everywhere in old West.
21,Microsoft,8208,Negative,original,0,RT vikatan:'Walking in India is the worst! 2-Microsoft to
21,Microsoft,8208,Negative,swap,1,RT vikatan:'Walking in India to the worst! 2-Microsoft is
21,Microsoft,8208,Negative,swap,2,Walking vikatan:'RT in India is the worst! 2-Microsoft to
21,Microsoft,8208,Negative,insert,1,RT vikatan:'Walking exist in India is the worst! 2-Microsoft to
21,Microsoft,8208,Negative,insert,2,RT vikatan:'Walking in inch India is the worst! 2-Microsoft to
21,Microsoft,8208,Negative,delete,1,RT vikatan:'Walking in India is the worst! to
21,Microsoft,8208,Negative,delete,2,RT vikatan:'Walking in India the worst! 2-Microsoft to
22,RedDeadRedemption(RDR),10613,Irrelevant,original,0,Red Dead Redemption. . store.playstation.com/
22,RedDeadRedemption(RDR),10613,Irrelevant,swap,1,Red Dead Redemption. . store.com.playstation/
22,RedDeadRedemption(RDR),10613,Irrelevant,swap,2,Redemption Dead Red. . store.playstation.com/
22,RedDeadRedemption(RDR),10613,Irrelevant,insert,1,Red Dead repurchase Redemption. . store.playstation.com/
22,RedDeadRedemption(RDR),10613,Irrelevant,insert,2,deadened Red Dead Redemption. . store.playstation.com/
22,RedDeadRedemption(RDR),10613,Irrelevant,delete,1,Red Dead Redemption. . store..com/
22,RedDeadRedemption(RDR),10613,Irrelevant,delete,2,Red Dead Redemption. . store.playstation./
23,NBA2K,8552,Positive,original,0,"@ NBA2K can I ask an episode also I have bought almost 2 million worth of vc, this is how much I love this game"
23,NBA2K,8552,Positive,swap,1,"@ NBA2K can I ask an bought also I have episode game 2 million worth of vc, this is how much I love this almost"
23,NBA2K,8552,Positive,swap,2,"@ NBA2K can I ask love episode also I have bought almost 2 million worth vc of, this is how much I an this game"
23,NBA2K,8552,Positive,insert,1,"@ NBA2K can I ask an posterior episode also I have bought almost 2 million worth of vc, birth this is how much I love this game"
23,NBA2K,8552,Positive,insert,2,"@ NBA2K can I ask cost an episode also I have bought almost 2 million worth of vc, bonk this is how much I love this game"
23,NBA2K,8552,Positive,delete,1,"@ NBA2K can I ask an also I have bought almost million worth vc, this is how much I love this game"
23,NBA2K,8552,Positive,delete,2,"@ NBA2K can I ask episode also I have bought almost 2 million worth of vc, this is much I love this "
24,Google,4462,Negative#Neutral,original,0,pause who the god uses microsoft word... what's the point for them...
24,Google,4462,Negative#Neutral,swap,1,pause uses the god who microsoft word... what's the point for them...
24,Google,4462,Negative#Neutral,swap,2,pause who the god uses word microsoft... what's the point for them...
24,Google,4462,Negative#Neutral,insert,1,employment pause who the god uses microsoft word... what's the point for them...
24,Google,4462,Negative#Neutral,insert,2,pause watchword who the god uses microsoft word... what's the point for them...
24,Google,4462,Negative#Neutral,delete,1,pause who the god uses microsoft word... what's the for them...
24,Google,4462,Negative#Neutral,delete,2,pause who the god uses microsoft word... what's the point for...
25,Battlefield,1457,Irrelevant#Negative,original,0,The ban for Battlefield 4 911 _ kbbbbbbb.com player was due to DETAILS: bf4db.com / player / ban / 513...
25,Battlefield,1457,Irrelevant#Negative,swap,1,The ban for Battlefield 4 bf4db _ kbbbbbbb.com player was due to DETAILS: 911.com / player / ban / 513...
25,Battlefield,1457,Irrelevant#Negative,swap,2,The ban for Battlefield bf4db 911 _ kbbbbbbb.com player was due to DETAILS: 4.com / player / ban / 513...
25,Battlefield,1457,Irrelevant#Negative,insert,1,The ban for Battlefield 4 911 _ kbbbbbbb.com player was due to DETAILS: bf4db.ascribable com / player / ban / 513...
25,Battlefield,1457,Irrelevant#Negative,insert,2,The ban for Battlefield histrion 4 911 _ kbbbbbbb.com player was due to DETAILS: bf4db.com / player / ban / 513...
25,Battlefield,1457,Irrelevant#Negative,delete,1,The for Battlefield 4 911 _ kbbbbbbb.com player was to DETAILS: bf4db.com / player / ban / 513...
25,Battlefield,1457,Irrelevant#Negative,delete,2,ban for Battlefield 4 911 _.com player was due to DETAILS: bf4db.com / player / ban / 513...
26,Borderlands,2654,Positive,original,0,4 Favorite Game Soundtracks:.. Doom. Doom. Doom. Doom forever
26,Borderlands,2654,Positive,swap,1,4 Favorite Doom Soundtracks:.. Doom. Doom. Doom. Game forever
26,Borderlands,2654,Positive,swap,2,4 Soundtracks Game Favorite:.. Doom. Doom. Doom. Doom forever
26,Borderlands,2654,Positive,insert,1,4 Favorite Game Soundtracks:.. Doom. Doom. lame Doom. Doom forever
26,Borderlands,2654,Positive,insert,2,4 Favorite gimpy Game Soundtracks:.. Doom. Doom. Doom. Doom forever
26,Borderlands,2654,Positive,delete,1,4 Favorite Game:.. Doom. Doom. Doom. Doom forever
26,Borderlands,2654,Positive,delete,2,4 Favorite Soundtracks:.. Doom. Doom. Doom. Doom forever
27,CallOfDuty,2027,Negative,original,0,niggas really out here tryna play me like I'm Call of Duty! I hate it here
27,CallOfDuty,2027,Negative,swap,1,niggas really out here tryna play me like Call I'm of Duty! I hate it here
27,CallOfDuty,2027,Negative,swap,2,niggas really out here tryna play me of I'm Call like Duty! I hate it here
27,CallOfDuty,2027,Negative,insert,1,niggas really out here tryna play me like I'm Call of Duty! I hate actually it here
27,CallOfDuty,2027,Negative,insert,2,niggas really out here tryna play me like I'm Call spiel of Duty! I hate it here
27,CallOfDuty,2027,Negative,delete,1,niggas really here tryna play me like I'm Call of Duty! I it here
27,CallOfDuty,2027,Negative,delete,2,niggas really out tryna play me like I'm Call Duty! I hate it here
28,AssassinsCreed,938,Neutral,original,0,Well... it was kind of puzzling.
28,AssassinsCreed,938,Neutral,swap,1,Well... it was of kind puzzling.
28,AssassinsCreed,938,Neutral,swap,2,Well... of was kind it puzzling.
28,AssassinsCreed,938,Neutral,insert,1,Well... it was kind of sort puzzling.
28,AssassinsCreed,938,Neutral,insert,2,Well... live it was kind of puzzling.
28,AssassinsCreed,938,Neutral,delete,1,... it was kind of puzzling.
28,AssassinsCreed,938,Neutral,delete,2,Well... it was kind puzzling.
29,LeagueOfLegends,7491,Positive,original,0,"oh fuck I just realized... if a League of Legends Champion gets into smash, there's a relatively high chance it's Yasuo. FUCK"
29,LeagueOfLegends,7491,Positive,swap,1,"oh fuck I just realized... if a League of Legends Champion gets into smash, relatively a there's high it's chance Yasuo. FUCK"
29,LeagueOfLegends,7491,Positive,swap,2,"oh fuck I just realized... if a League of Legends Champion gets into smash, there's chance relatively a high it's Yasuo. FUCK"
29,LeagueOfLegends,7491,Positive,insert,1,"oh adenine fuck I just realized... if a League of Legends equitable Champion gets into smash, there's a relatively high chance it's Yasuo. FUCK"
29,LeagueOfLegends,7491,Positive,insert,2,"oh fuck I just realized... if a League of Legends Champion gets into smash, drive there's a relatively high comparatively chance it's Yasuo. FUCK"
29,LeagueOfLegends,7491,Positive,delete,1,"oh fuck I just realized... if a League of Legends Champion gets into smash, relatively high it's Yasuo. FUCK"
29,LeagueOfLegends,7491,Positive,delete,2,"oh fuck I just realized... if a League of gets into smash, there's a relatively high chance Yasuo. FUCK"
30,TomClancysGhostRecon,10830,Neutral,original,0,Something went wrong.
30,TomClancysGhostRecon,10830,Neutral,swap,1,went Something wrong.
30,TomClancysGhostRecon,10830,Neutral,swap,2,wrong went Something.
30,TomClancysGhostRecon,10830,Neutral,insert,1,Something went blend wrong.
30,TomClancysGhostRecon,10830,Neutral,insert,2,incorrect Something went wrong.
30,TomClancysGhostRecon,10830,Neutral,delete,1,Something went.
30,TomClancysGhostRecon,10830,Neutral,delete,2,Something wrong.
31,Microsoft,8269,Irrelevant,original,0,I'm live on Twitch - watch me on twitch.tv / osg _ shotz
31,Microsoft,8269,Irrelevant,swap,1,me live on Twitch - watch I'm on twitch.tv / osg _ shotz
31,Microsoft,8269,Irrelevant,swap,2,watch live on Twitch - I'm me on twitch.tv / osg _ shotz
31,Microsoft,8269,Irrelevant,insert,1,I'm live along on Twitch - watch me on twitch.tv / osg _ shotz
31,Microsoft,8269,Irrelevant,insert,2,I'm live on Twitch - watch me on twitch.tv / picket osg _ shotz
31,Microsoft,8269,Irrelevant,delete,1,I'm live on Twitch - watch me on twitch. / osg _ shotz
31,Microsoft,8269,Irrelevant,delete,2,I'm live on Twitch - watch on twitch.tv / osg _ shotz
32,CallOfDutyBlackopsColdWar,1636,Irrelevant,original,0,The Best Decent Bot •. sniper prize for La @NioxSnipingYT •...
32,CallOfDutyBlackopsColdWar,1636,Irrelevant,swap,1,Decent Best The Bot •. sniper prize for La @NioxSnipingYT •...
32,CallOfDutyBlackopsColdWar,1636,Irrelevant,swap,2,sniper Best Decent Bot •. The prize for La @NioxSnipingYT •...
32,CallOfDutyBlackopsColdWar,1636,Irrelevant,insert,1,The Best Decent Bot •. sniper prize right for La @NioxSnipingYT •...
32,CallOfDutyBlackopsColdWar,1636,Irrelevant,insert,2,The Best beneficial Decent Bot •. sniper prize for La @NioxSnipingYT •...
32,CallOfDutyBlackopsColdWar,1636,Irrelevant,delete,1,The Best Decent Bot •. prize for La @NioxSnipingYT •...
32,CallOfDutyBlackopsColdWar,1636,Irrelevant,delete,2,The Best Decent •. sniper prize for La @NioxSnipingYT •...
33,HomeDepot,5805,Neutral#Positive,original,0,I miss the hot dog stands at Home Depot
33,HomeDepot,5805,Neutral#Positive,swap,1,I miss the hot Depot stands at Home dog
33,HomeDepot,5805,Neutral#Positive,swap,2,I miss the hot dog stands at Depot Home
33,HomeDepot,5805,Neutral#Positive,insert,1,I miss spicy the hot dog stands at Home Depot
33,HomeDepot,5805,Neutral#Positive,insert,2,I miss the hot dog stands astatine at Home Depot
33,HomeDepot,5805,Neutral#Positive,delete,1,I miss the hot dog at Home Depot
33,HomeDepot,5805,Neutral#Positive,delete,2,I miss the hot dog stands at Home 
34,Amazon,230,Positive,original,0,"Beautiful song. Powerful lyrics that more people should hear..  ""Furious Love"" by VERIDIA on Amazon Music. music.amazon.com/albums/B00IPBY…"
34,Amazon,230,Positive,swap,1,"B00IPBY song. Powerful lyrics that more people VERIDIA hear..  ""Furious Love"" by should on Amazon Music. music.amazon.com/albums/Beautiful…"
34,Amazon,230,Positive,swap,2,"albums song. Powerful on that more people should hear..  ""Furious Love"" by VERIDIA lyrics Amazon Music. music.amazon.com/Beautiful/B00IPBY…"
34,Amazon,230,Positive,insert,1,"Beautiful song. Powerful Song lyrics that more people should herculean hear..  ""Furious Love"" by VERIDIA on Amazon Music. music.amazon.com/albums/B00IPBY…"
34,Amazon,230,Positive,insert,2,"Beautiful song. Powerful lyrics that more people should hear..  ""Furious jazz Love"" by VERIDIA on Amazon Music. music.past amazon.com/albums/B00IPBY…"
34,Amazon,230,Positive,delete,1,"Beautiful song. Powerful lyrics that more people hear..  "" Love"" by VERIDIA on Amazon. music.amazon.com/albums/B00IPBY…"
34,Amazon,230,Positive,delete,2,"Beautiful song. Powerful lyrics that more people should hear..  ""Furious"" by VERIDIA on Music. music.amazon./albums/B00IPBY…"
35,Fortnite,6630,Positive,original,0,Great way to bring exposure to young up and new coming artists
35,Fortnite,6630,Positive,swap,1,Great way to young exposure to bring up and new coming artists
35,Fortnite,6630,Positive,swap,2,to way to bring exposure Great young up and new coming artists
35,Fortnite,6630,Positive,insert,1,Great new way to bring exposure to young up and new coming artists
35,Fortnite,6630,Positive,insert,2,Great way to bring exposure to young up upward and new coming artists
35,Fortnite,6630,Positive,delete,1,Great way bring exposure to young up and new coming artists
35,Fortnite,6630,Positive,delete,2,Great way to bring to young up and new coming artists
36,MaddenNFL,7715,Irrelevant#Positive,original,0,with I mean this is just insane . . . RhandlerR RhandlerR RhandlerR pic.twitter.com/30llzT6egr
36,MaddenNFL,7715,Irrelevant#Positive,swap,1,with I 30llzT6egr this is just insane . . . RhandlerR RhandlerR RhandlerR pic.twitter.com/mean
36,MaddenNFL,7715,Irrelevant#Positive,swap,2,with I mean this is just 30llzT6egr . . . RhandlerR RhandlerR RhandlerR pic.twitter.com/insane
36,MaddenNFL,7715,Irrelevant#Positive,insert,1,with I mean this is just insane . . . RhandlerR RhandlerR RhandlerR pic.ace twitter.com/30llzT6egr
36,MaddenNFL,7715,Irrelevant#Positive,insert,2,with I mean this is just insane . . . RhandlerR RhandlerR RhandlerR pic.harebrained twitter.com/30llzT6egr
36,MaddenNFL,7715,Irrelevant#Positive,delete,1,with I mean this just insane . . . RhandlerR RhandlerR pic.twitter.com/30llzT6egr
36,MaddenNFL,7715,Irrelevant#Positive,delete,2,with this is just insane . . . RhandlerR RhandlerR RhandlerR pic.twitter.com/30llzT6egr
37,CS-GO,4107,Positive,original,0,Congratulations to @Team__Spirit!... You are the.. Good coaching job. Yes Thank you again for playing!...
37,CS-GO,4107,Positive,swap,1,Congratulations to @job!... You are the.. Good coaching Team__Spirit. Yes Thank you again for playing!...
37,CS-GO,4107,Positive,swap,2,Yes to @Team__Spirit!... You are the.. Good coaching job. Congratulations Thank you again for playing!...
37,CS-GO,4107,Positive,insert,1,Congratulations to @Team__Spirit!... You are the.. Good coaching job. thank Yes Thank you again for playing!...
37,CS-GO,4107,Positive,insert,2,Congratulations to @caper Team__Spirit!... You are the.. Good coaching job. Yes Thank you again for playing!...
37,CS-GO,4107,Positive,delete,1,to @Team__Spirit!... You are the.. Good coaching job. Yes you again for playing!...
37,CS-GO,4107,Positive,delete,2,to @Team__Spirit!... You are.. Good coaching job. Yes Thank you again for playing!...
38,PlayerUnknownsBattlegrounds(PUBG),10122,Neutral,original,0,Why government banned pubg
38,PlayerUnknownsBattlegrounds(PUBG),10122,Neutral,swap,1,Why pubg banned government
38,PlayerUnknownsBattlegrounds(PUBG),10122,Neutral,swap,2,government Why banned pubg
38,PlayerUnknownsBattlegrounds(PUBG),10122,Neutral,insert,1,Why government ban banned pubg
38,PlayerUnknownsBattlegrounds(PUBG),10122,Neutral,insert,2,why Why government banned pubg
38,PlayerUnknownsBattlegrounds(PUBG),10122,Neutral,delete,1,Why government banned 
38,PlayerUnknownsBattlegrounds(PUBG),10122,Neutral,delete,2,Why government pubg
39,Verizon,11692,Neutral,original,0,Hey @ verizonfios @ verizonSupport Why does my internet speed drop to 591 Mbit / s when I pay for 1Gig SIM card services?.. Testing is done via a wired connection with CAT8 SFTP 40GB cables.. speedtest.net / result / c / 1999d...
39,Verizon,11692,Neutral,swap,1,Hey @ c @ verizonSupport Why does my verizonfios speed drop to 591 Mbit / s when I pay for 1Gig 40GB card services?.. Testing is done via a wired connection with CAT8 SFTP SIM cables.. speedtest.net / result / internet / 1999d...
39,Verizon,11692,Neutral,swap,2,Hey @ verizonfios @ verizonSupport Why does my Mbit speed CAT8 to 591 internet / s when I pay for 1Gig SIM wired services?.. Testing is done via a card connection with drop SFTP 40GB cables.. speedtest.net / result / c / 1999d...
39,Verizon,11692,Neutral,insert,1,Hey @ hurrying verizonfios @ verizonSupport Why does my internet speed drop to 591 Mbit / s when I pay for 1Gig SIM card speed services?.. Testing is done via a wired connection with CAT8 SFTP 40GB cables.. speedtest.net / result / hurry c / 1999d...
39,Verizon,11692,Neutral,insert,2,Hey @ verizonfios @ verizonSupport Why does my internet speed drop to 591 Mbit / s when I pay for 1Gig SIM serve card services?.. Testing is done via C a wired connection with CAT8 SFTP 40GB cables.. speedtest.amp net / result / c / 1999d...
39,Verizon,11692,Neutral,delete,1,Hey @ verizonfios @ verizonSupport Why does my internet speed drop to 591 Mbit / when I pay for 1Gig SIM card services?.. Testing via a wired connection with CAT8 cables.. speedtest.net / result / c / 1999d...
39,Verizon,11692,Neutral,delete,2,Hey @ verizonfios @ verizonSupport Why does my speed drop to Mbit / s when I pay for 1Gig SIM services?.. Testing done via a wired with CAT8 SFTP 40GB cables.. speedtest.net / result / c / 1999d...
40,CS-GO,4054,Negative,original,0,"bloody hell sounds so dumb, I’ve won 10 matches in a row with over 50 MVPS’s and reached 1,500 kills each game carrying my team. Like do I needed to build a new online CSGO account????"
40,CS-GO,4054,Negative,swap,1,"bloody 500 sounds so dumb, I’ve won matches 10 in a row with over 50 MVPS’s and I 1,hell kills each game carrying my team. Like do reached needed to build a new online CSGO account????"
40,CS-GO,4054,Negative,swap,2,"bloody hell sounds so dumb, I’ve won 10 matches in a row with over 50 MVPS’s and reached 1,500 kills each game build my team. to do I needed Like carrying a new account CSGO online????"
40,CS-GO,4054,Negative,insert,1,"bloody hell ampere sounds so dumb, I’ve won 10 matches in a row with over 50 MVPS’s and gain reached 1,500 apiece kills each game carrying my team. Like do I needed to build a new online CSGO account????"
40,CS-GO,4054,Negative,insert,2,"bloody hell sounds so dumb, I’ve won 10 matches in a row crippled with over 50 MVPS’l s and reached 1,500 kills each game carrying my team. Like do I needed to build a new online ilk CSGO account????"
40,CS-GO,4054,Negative,delete,1,"bloody hell sounds so dumb, I’ve won 10 matches in a row with over 50 MVPS’s and reached 1, each game carrying my team. do to build a new online CSGO account????"
40,CS-GO,4054,Negative,delete,2,"hell sounds so dumb, I’ve won 10 matches in a row with over 50 MVPS’s reached 1,500 kills each game my team. Like do I needed to a new CSGO account????"
41,TomClancysGhostRecon,10930,Irrelevant,original,0,We really are Ghosts... Real and we don't exist.
41,TomClancysGhostRecon,10930,Irrelevant,swap,1,We really are Ghosts... Real don't we and exist.
41,TomClancysGhostRecon,10930,Irrelevant,swap,2,and really are Ghosts... Real We we don't exist.
41,TomClancysGhostRecon,10930,Irrelevant,insert,1,We really are Ghosts... Real and represent we don't exist.
41,TomClancysGhostRecon,10930,Irrelevant,insert,2,We really obsess are Ghosts... Real and we don't exist.
41,TomClancysGhostRecon,10930,Irrelevant,delete,1,We really are Ghosts... and we don't exist.
41,TomClancysGhostRecon,10930,Irrelevant,delete,2,We really are... Real and we don't exist.
42,Microsoft,8035,Negative,original,0,"Who is ready for microsoft to forcibly resurrect a nasty series with no plan or direction but to make money, and then force archaic spin to release it in 2 years?!!!???"
42,Microsoft,8035,Negative,swap,1,"Who is ready for microsoft to forcibly resurrect a nasty make with no plan or direction but to series money, and then force years spin to release it in 2 archaic?!!!???"
42,Microsoft,8035,Negative,swap,2,"Who is ready for microsoft to forcibly resurrect a nasty series with no plan or archaic but release make money, and then force direction spin to to it in 2 years?!!!???"
42,Microsoft,8035,Negative,insert,1,"Who is ready for microsoft to forcibly resurrect a nasty antediluvian series with no plan or direction but to make money, axerophthol and then force archaic spin to release it in 2 years?!!!???"
42,Microsoft,8035,Negative,insert,2,"Who is ready for microsoft to forcibly resurrect a nasty series with no plan or direction but to make antiquated money, and then force surgery archaic spin to release it in 2 years?!!!???"
42,Microsoft,8035,Negative,delete,1,"Who is ready for microsoft to forcibly resurrect a series with no plan or direction to money, and then force archaic spin to release it 2 years?!!!???"
42,Microsoft,8035,Negative,delete,2,"Who ready microsoft to forcibly resurrect a nasty series with no plan or direction but to money, and then force archaic spin to it in 2 years?!!!???"
43,CS-GO,4341,Positive,original,0,csgo pls stop ranking me up games are getting harder huhu
43,CS-GO,4341,Positive,swap,1,csgo pls are ranking me up games stop getting harder huhu
43,CS-GO,4341,Positive,swap,2,csgo pls stop ranking me up harder are getting games huhu
43,CS-GO,4341,Positive,insert,1,csgo pls stop ranking back me up games are getting harder huhu
43,CS-GO,4341,Positive,insert,2,csgo pls stop ranking me up astir games are getting harder huhu
43,CS-GO,4341,Positive,delete,1,csgo pls stop ranking me games are getting harder huhu
43,CS-GO,4341,Positive,delete,2,pls stop ranking me up games are getting harder huhu
44,Amazon,371,Negative,original,0,"Google and Amazon were the biggest imitators of the brands used in phishing attacks in the June quarter, the report said."
44,Amazon,371,Negative,swap,1,"Google and Amazon were the imitators quarter of the brands used in phishing attacks in the June biggest, the report said."
44,Amazon,371,Negative,swap,2,"of and Amazon were the biggest imitators Google used brands the in phishing attacks in the June quarter, the report said."
44,Amazon,371,Negative,insert,1,"Google and Amazon were the biggest cover imitators of the brands used in phishing attacks in the composition June quarter, the report said."
44,Amazon,371,Negative,insert,2,"Google and Amazon were the biggest imitators of the brands round used in phishing attacks cost in the June quarter, the report said."
44,Amazon,371,Negative,delete,1,"Google and Amazon were biggest imitators of the brands used in attacks in the June quarter, report said."
44,Amazon,371,Negative,delete,2,"Google and Amazon were the biggest imitators the brands used in phishing attacks June quarter, the report said."
45,PlayerUnknownsBattlegrounds(PUBG),10245,Positive,original,0,The current state of the PUBG community regarding Loot Re-balance on Karakin... Personally I'm pretty happy with the changes and look forward to playing the card tonight! pic.twitter.com / eFc2HR1n8Y
45,PlayerUnknownsBattlegrounds(PUBG),10245,Positive,swap,1,The current com of the PUBG community regarding the Re-balance on Karakin... Personally I'm pretty happy with Loot changes and look forward to playing the card tonight! pic.twitter.state / eFc2HR1n8Y
45,PlayerUnknownsBattlegrounds(PUBG),10245,Positive,swap,2,The current state of the PUBG community regarding Loot Re-balance on Karakin... com I'm pretty happy with the changes and look forward pic playing the card tonight! to.twitter.Personally / eFc2HR1n8Y
45,PlayerUnknownsBattlegrounds(PUBG),10245,Positive,insert,1,The consider current shekels state of the PUBG community regarding Loot Re-balance on Karakin... Personally I'm pretty happy with the changes and look forward to playing the card tonight! pic.twitter.com / eFc2HR1n8Y
45,PlayerUnknownsBattlegrounds(PUBG),10245,Positive,insert,2,The current state of the PUBG community regarding Loot Re-balance fairly on Karakin... Personally I'm pretty happy with the changes and look forward to playing the card tonight! pic.twitter.along com / eFc2HR1n8Y
45,PlayerUnknownsBattlegrounds(PUBG),10245,Positive,delete,1,The current state of the PUBG community regarding Loot Re-balance on... Personally I'm pretty happy with the changes and look forward to playing the tonight!.twitter. / eFc2HR1n8Y
45,PlayerUnknownsBattlegrounds(PUBG),10245,Positive,delete,2,The state of the PUBG regarding Loot Re-balance on Karakin... Personally pretty happy the changes and look forward to playing the card tonight! pic.twitter.com / eFc2HR1n8Y
46,CallOfDutyBlackopsColdWar,1995,Negative,original,0,and Exclusive to PlayStation? Oh fuck off. pic.twitter.com/1NwFtyVXeX
46,CallOfDutyBlackopsColdWar,1995,Negative,swap,1,Exclusive and to PlayStation? Oh fuck off. pic.twitter.com/1NwFtyVXeX
46,CallOfDutyBlackopsColdWar,1995,Negative,swap,2,and Exclusive to Oh? PlayStation fuck off. pic.twitter.com/1NwFtyVXeX
46,CallOfDutyBlackopsColdWar,1995,Negative,insert,1,and Exclusive to PlayStation? Oh fuck off. know pic.twitter.com/1NwFtyVXeX
46,CallOfDutyBlackopsColdWar,1995,Negative,insert,2,and Exclusive to PlayStation? Oh fuck off. pic.twitter.com/nookie 1NwFtyVXeX
46,CallOfDutyBlackopsColdWar,1995,Negative,delete,1,and Exclusive to PlayStation? Oh fuck off. pic.twitter.com/
46,CallOfDutyBlackopsColdWar,1995,Negative,delete,2,and Exclusive to PlayStation? Oh fuck off..twitter.com/1NwFtyVXeX
47,PlayStation5(PS5),9749,Negative,original,0,@ArgosHelpers I do love how you took money from providing my PayPal for PS5 but because the order didn ’ t completely go through your high end management because they ran an out worth of stock the moment I paid?.
47,PlayStation5(PS5),9749,Negative,swap,1,@ArgosHelpers I do from how you took money love providing my PayPal for PS5 moment I the order didn ’ t completely go through your high end management because they ran an out worth of stock the but because paid?.
47,PlayStation5(PS5),9749,Negative,swap,2,@ArgosHelpers I do love how you they money from providing my PayPal for PS5 but because the order didn ’ t completely go of your management end high because took ran an out worth through stock the moment I paid?.
47,PlayStation5(PS5),9749,Negative,insert,1,@ArgosHelpers predominate I do love how you took done money from providing my PayPal for PS5 but because the order didn ’ prevail t completely go through your high end management because they ran an out worth of stock the moment I paid?.
47,PlayStation5(PS5),9749,Negative,insert,2,@paying ArgosHelpers I do love how you took money from providing my PayPal instant for PS5 but because the order didn ’ t completely go through your high end management provide because they ran an out worth of stock the moment I paid?.
47,PlayStation5(PS5),9749,Negative,delete,1,@ArgosHelpers I do love how you took money from providing my PayPal PS5 because the order ’ t completely go through your high end management because ran an worth of stock the moment I paid?.
47,PlayStation5(PS5),9749,Negative,delete,2,@ArgosHelpers I do love how you took money from providing my PayPal but because the order ’ t completely go through your high end management because they ran an out worth of stock I paid?.
48,CS-GO,4214,Irrelevant#Positive,original,0,Best pistol player in 2016:GO?..
48,CS-GO,4214,Irrelevant#Positive,swap,1,2016 pistol player in Best:GO?..
48,CS-GO,4214,Irrelevant#Positive,swap,2,player pistol Best in 2016:GO?..
48,CS-GO,4214,Irrelevant#Positive,insert,1,Best Indiana pistol player in 2016:GO?..
48,CS-GO,4214,Irrelevant#Positive,insert,2,Best pistol player inch in 2016:GO?..
48,CS-GO,4214,Irrelevant#Positive,delete,1,Best pistol player in 2016:?..
48,CS-GO,4214,Irrelevant#Positive,delete,2,pistol player in 2016:GO?..
49,Nvidia,9077,Positive,original,0,"Oh, yeah, although I always used to work mostly with these older guys. Second company from inside my portfolio to be acquired in the past for three months. Congrats, @SwiftStack team, on winning the acquisition!"
49,Nvidia,9077,Positive,swap,1,"Oh, the, from I always used to work mostly with these older guys. Second company although inside my portfolio to in acquired be yeah past for three months. Congrats, @SwiftStack team, on winning the acquisition!"
49,Nvidia,9077,Positive,swap,2,"Oh, yeah, although I always used to work mostly with these older guys. my company from inside Second portfolio to be acquired in the past for team months. Congrats, @the three, on winning SwiftStack acquisition!"
49,Nvidia,9077,Positive,insert,1,"Oh, yeah, although I always Be used to work mostly with these older guys. Second company from inside my portfolio to be acquired OH in the past for three months. Congrats, @SwiftStack team, on winning acquirement the acquisition!"
49,Nvidia,9077,Positive,insert,2,"Oh, yeah, although I always used to work mostly with these older guys. Second company from inside my portfolio to companion be acquired in the past for minute three months. Congrats, @SwiftStack team, Old on winning the acquisition!"
49,Nvidia,9077,Positive,delete,1,", yeah, although I used to work mostly with these older guys. Second company from inside my portfolio be acquired in the past months. Congrats, @SwiftStack team, on winning the acquisition!"
49,Nvidia,9077,Positive,delete,2,"Oh, yeah, although I always used to work with older guys. Second company from inside my portfolio to be acquired in the past three months. Congrats, @SwiftStack team, winning acquisition!"
50,CallOfDutyBlackopsColdWar,1945,Positive,original,0,"all hyped for cold war, campaign is something i cant wait let start! Who else is hyped!?"
50,CallOfDutyBlackopsColdWar,1945,Positive,swap,1,"all hyped for cold war, campaign is something i cant else let start! Who wait is hyped!?"
50,CallOfDutyBlackopsColdWar,1945,Positive,swap,2,"all hyped for cold war, hyped is something i cant wait let start! Who else is campaign!?"
50,CallOfDutyBlackopsColdWar,1945,Positive,insert,1,"all hyped for cold pitch war, campaign is something i cant wait let start! Who else is hyped!?"
50,CallOfDutyBlackopsColdWar,1945,Positive,insert,2,"all hyped for hype cold war, campaign is something i cant wait let start! Who else is hyped!?"
50,CallOfDutyBlackopsColdWar,1945,Positive,delete,1,"all hyped for cold war, campaign is something i cant wait start! else is hyped!?"
50,CallOfDutyBlackopsColdWar,1945,Positive,delete,2,"hyped for cold war, is something i cant wait let start! Who else is hyped!?"
51,Microsoft,8173,Neutral,original,0,"Not exactly. Free means the price is your data. During the early days of Avast and AVG, I used to say it was better than nothing. Now, I think nothing - and Microsoft Defender - is better than this bad firewall."
51,Microsoft,8173,Neutral,swap,1,"Not exactly. Free means the I nothing your data. During nothing early days of Avast and AVG, I used to say it was better than the. Now, price think is - and Microsoft Defender - is better than this bad firewall."
51,Microsoft,8173,Neutral,swap,2,"Not exactly. your means the price is used data. During the of days early Avast and AVG, I Free to say it was better than nothing. Now, I think nothing - and Microsoft Defender - is better than this bad firewall."
51,Microsoft,8173,Neutral,insert,1,"Not exactly. Free means the price is iodin not your data. During the early days of Avast and AVG, I used to say it was better than nothing. Now, today I think nothing - and Microsoft Defender - is better than this bad firewall."
51,Microsoft,8173,Neutral,insert,2,"Not exactly. Free means the price is your data. During the early days of Avast just and AVG, I used to say it was better than nothing. Now, I think victimised nothing - and Microsoft Defender - is better nil than this bad firewall."
51,Microsoft,8173,Neutral,delete,1,"Not exactly. Free means the price is your data. During the days of Avast and AVG, I used to say it better than nothing. Now, I think nothing - and Defender - better this bad firewall."
51,Microsoft,8173,Neutral,delete,2,"Not exactly. Free means the price is your data. During the early days of Avast AVG, I to say it better than nothing. Now, I think nothing - and Microsoft Defender - is better this bad."
52,TomClancysGhostRecon,11003,Negative,original,0,Just tried @GhostRecon_UK for the first time in months and it's still a bug riddled mess. Seriously guy just abandon it and move on. It's dead now.
52,TomClancysGhostRecon,11003,Negative,swap,1,Just tried @GhostRecon_UK for the first time in months and abandon still a bug riddled mess. Seriously It's just it's it and move on. guy dead now.
52,TomClancysGhostRecon,11003,Negative,swap,2,Just tried @GhostRecon_UK for the first time in months just dead still a bug riddled mess. Seriously guy and abandon it and move on. It's it's now.
52,TomClancysGhostRecon,11003,Negative,insert,1,Just tried @GhostRecon_UK for month the first time in months and it's still a bug riddled mess. Seriously guy just abandon it and move on. It's dead mussiness now.
52,TomClancysGhostRecon,11003,Negative,insert,2,Just tried @GhostRecon_UK for the first time in months and interpenetrate it's still a bug riddled mess. Seriously guy just IT abandon it and move on. It's dead now.
52,TomClancysGhostRecon,11003,Negative,delete,1,Just tried @ for the first months and it's still a riddled mess. Seriously guy just abandon it and move on. It's dead now.
52,TomClancysGhostRecon,11003,Negative,delete,2,Just tried @GhostRecon_UK for the first time in months and it's a bug riddled mess. just abandon it and move on. It's now.
53,NBA2K,8407,Irrelevant,original,0,@ YoyaltyGaming I can't see them.
53,NBA2K,8407,Irrelevant,swap,1,@ can't I YoyaltyGaming see them.
53,NBA2K,8407,Irrelevant,swap,2,@ see I can't YoyaltyGaming them.
53,NBA2K,8407,Irrelevant,insert,1,@ YoyaltyGaming assure I can't see them.
53,NBA2K,8407,Irrelevant,insert,2,@ YoyaltyGaming i I can't see them.
53,NBA2K,8407,Irrelevant,delete,1,@ YoyaltyGaming I can't see.
53,NBA2K,8407,Irrelevant,delete,2,@ YoyaltyGaming can't see them.
54,Microsoft,8156,Irrelevant,original,0,Uh huh pic.facebook.com / bi5qYQfatb
54,Microsoft,8156,Irrelevant,swap,1,Uh facebook pic.huh.com / bi5qYQfatb
54,Microsoft,8156,Irrelevant,swap,2,facebook huh pic.Uh.com / bi5qYQfatb
54,Microsoft,8156,Irrelevant,delete,1,Uh huh pic.facebook. / bi5qYQfatb
54,Microsoft,8156,Irrelevant,delete,2,Uh pic.facebook.com / bi5qYQfatb
55,Nvidia,9192,Irrelevant#Positive,original,0,"than $500 on the AERO VA OLED - Award winning design, stunning 4K OLED panel, color in front edge of kitchen oven, with i7 core and Nvidia Core 4. This is a no work from home, create anywhere laptop! buff.ly/3kd6oRQ"
55,Nvidia,9192,Irrelevant#Positive,swap,1,"than $500 anywhere create AERO VA OLED - Award winning design, stunning 4K OLED panel, color in front edge of kitchen oven, with i7 core and Nvidia Core 4. This is a no work buff home, the on laptop! from.ly/3kd6oRQ"
55,Nvidia,9192,Irrelevant#Positive,swap,2,"than $500 on the AERO VA OLED - laptop winning Nvidia, stunning 4K OLED panel, color in front edge of kitchen oven, with i7 4 and design Core core. This is a no work from home, create anywhere Award! buff.ly/3kd6oRQ"
55,Nvidia,9192,Irrelevant#Positive,insert,1,"than $500 national on the AERO VA OLED - Award winning design, stunning 4K OLED panel, color in front edge of kitchen oven, with i7 core and Nvidia Core 4. d This is a no work from taking home, create anywhere laptop! buff.ly/3kd6oRQ"
55,Nvidia,9192,Irrelevant#Positive,insert,2,"than $500 on the AERO VA OLED - Award stun winning design, stunning 4K OLED panel, color in front edge of kitchen oven, with i7 core and Nvidia Core 4. This is a no work from adenine home, A create anywhere laptop! buff.ly/3kd6oRQ"
55,Nvidia,9192,Irrelevant#Positive,delete,1,"than $ on the AERO VA OLED - Award winning design, stunning OLED panel, color in front edge of kitchen oven, with i7 core Nvidia Core 4. This a no work from, create anywhere laptop! buff.ly/"
55,Nvidia,9192,Irrelevant#Positive,delete,2,"than $500 on the OLED - Award winning design, 4K OLED, color in front edge of kitchen oven, i7 core and Core 4. This is a no work from home, create anywhere laptop! buff.ly/3kd6oRQ"
56,PlayerUnknownsBattlegrounds(PUBG),10188,Positive,original,0,Congratulations guys finally PUBG UNBAN ho gye thnks @ZakaWaqar  thnks all pubg lover .
56,PlayerUnknownsBattlegrounds(PUBG),10188,Positive,swap,1,Congratulations ho finally PUBG UNBAN guys gye thnks @ZakaWaqar  thnks all pubg lover .
56,PlayerUnknownsBattlegrounds(PUBG),10188,Positive,swap,2,all guys finally PUBG UNBAN ho gye thnks @ZakaWaqar  thnks Congratulations pubg lover .
56,PlayerUnknownsBattlegrounds(PUBG),10188,Positive,insert,1,Congratulations guys finally PUBG UNBAN ho gye thnks @ZakaWaqar  thnks all buff pubg lover .
56,PlayerUnknownsBattlegrounds(PUBG),10188,Positive,insert,2,Congratulations guys finally PUBG UNBAN ho ultimately gye thnks @ZakaWaqar  thnks all pubg lover .
56,PlayerUnknownsBattlegrounds(PUBG),10188,Positive,delete,1,Congratulations guys finally PUBG UNBAN ho gye thnks @ZakaWaqar  thnks all pubg .
56,PlayerUnknownsBattlegrounds(PUBG),10188,Positive,delete,2,guys finally PUBG UNBAN ho gye thnks @ZakaWaqar  thnks all pubg lover .
57,Fortnite,6575,Positive,original,0,"A new game racing mode called "" Liferun "" will be added to Fortnite very effective soon! It will first ever be showcased at PAX South in a few extra days.... In this game mode you'll play here as only a Red Green Cross Society Worker with racing to always save the lives of characters in 4 different missions!. via ) @AdamGrenade im excited!"
57,Fortnite,6575,Positive,swap,1,"A new game racing Red added "" Liferun "" will be this to Fortnite very effective soon! It will first ever be showcased at PAX South in a few a called.... In days game mode you'll play here as only extra mode Green Cross Society Worker racing with to always save the lives of characters in 4 different missions!. via ) @AdamGrenade im excited!"
57,Fortnite,6575,Positive,swap,2,"A new game racing will called "" Liferun "" will be Red to Fortnite very effective soon! It mode first ever be extra at PAX South in a few showcased you'll.... In this excited mode days play here as only a added Green Cross Society Worker with racing to always save the lives of characters in 4 different missions!. via ) @AdamGrenade im game!"
57,Fortnite,6575,Positive,insert,1,"A new game racing mode called "" Liferun "" will be added visit to Fortnite very effective soon! It will bequeath first ever be showcased at PAX South in a few extra days.... In this game mode you'll play here as only a Red Green Cross Society Worker with racing to always save the lives of characters in 4 different missions!. shortly via ) @constitute AdamGrenade im incessantly excited!"
57,Fortnite,6575,Positive,insert,2,"Confederacy always A new game racing mode called "" Liferun "" will be added to Fortnite very effective soon! It will first ever be showcased at PAX South in a few extra days.... In this game mode you'll play amp here as only a Red sprightliness Green Cross Society Worker with racing to always save the lives of characters in 4 different missions!. southward via ) @AdamGrenade im excited!"
57,Fortnite,6575,Positive,delete,1,"A new game racing mode "" Liferun "" be added to Fortnite very effective soon! It will first be showcased at PAX South in few extra days.... In this you'll play here as only a Red Green Cross Worker with to always save the lives of characters in 4 different!. via ) @AdamGrenade im excited!"
57,Fortnite,6575,Positive,delete,2,"A new game racing mode "" Liferun "" will be added to Fortnite effective! It will first ever showcased at PAX in a few days.... In this game mode you'll play here as only a Green Cross Society Worker with racing to always save the of characters in 4 different!. via ) @AdamGrenade im excited!"
58,Microsoft,8361,Negative,original,0,Microsoft falls after Microsoft forgot to issue a certificate: -))))))) theverge.com / 2020 / 2 / 3 / 21120...
58,Microsoft,8361,Negative,swap,1,Microsoft 2 after Microsoft forgot to issue a certificate: -))))))) theverge.com / 2020 / falls / 3 / 21120...
58,Microsoft,8361,Negative,swap,2,Microsoft falls certificate Microsoft forgot to issue a after: -))))))) theverge.com / 2020 / 2 / 3 / 21120...
58,Microsoft,8361,Negative,insert,1,Microsoft falls after Microsoft forgot to issue a certificate: -))))))) afterward theverge.com / 2020 / 2 / 3 / 21120...
58,Microsoft,8361,Negative,insert,2,number Microsoft falls after Microsoft forgot to issue a certificate: -))))))) theverge.com / 2020 / 2 / 3 / 21120...
58,Microsoft,8361,Negative,delete,1,Microsoft after Microsoft forgot to issue a certificate: -))))))) theverge.com / 2020 / / 3 / 21120...
58,Microsoft,8361,Negative,delete,2,Microsoft falls after forgot to issue a certificate: -))))))) theverge. / 2020 / 2 / 3 / 21120...
59,Borderlands,2768,Positive,original,0,"New Borderlands Ports on Switch are so good, 100% gave no complaints, definitely worth it, can’t wait to get Bioshock Collection soon."
59,Borderlands,2768,Positive,swap,1,"New Borderlands Ports on Switch are so get, definitely% gave no complaints, 100 worth it, can’t wait to good Bioshock Collection soon."
59,Borderlands,2768,Positive,swap,2,"New Ports to on Switch are so good, 100% gave no complaints, definitely worth it, can’t wait Borderlands get Bioshock Collection soon."
59,Borderlands,2768,Positive,insert,1,"New Borderlands Ports on Switch are so good, 100% gave no complaints, definitely worth it, can’t wait equal to along get Bioshock Collection soon."
59,Borderlands,2768,Positive,insert,2,"ill New Borderlands Ports on Switch are so good, 100% gave no complaints, shortly definitely worth it, can’t wait to get Bioshock Collection soon."
59,Borderlands,2768,Positive,delete,1,"New Borderlands Ports on Switch are good, 100% gave no complaints, definitely worth, can’t wait get Bioshock Collection soon."
59,Borderlands,2768,Positive,delete,2,"New Borderlands on Switch are so good,% gave no, definitely worth it, can’t wait to get Bioshock Collection soon."
60,Cyberpunk2077,3619,Negative,original,0,I ’ m really bummed that @CyberpunkGame is only first person. 5 I think your 3rd person is always leading the move forward for successful side story games. The camera angles while playing just really seems so awkward and leave your game constantly struggling to enjoy the surrounding details. 4 This is going to hurt me their success
60,Cyberpunk2077,3619,Negative,swap,1,I ’ m really story that @CyberpunkGame is only first person. 5 I think your 3rd success is and leading the is forward for successful side bummed games. The camera angles while playing just really seems so awkward always leave your game constantly struggling to enjoy the surrounding details. 4 This move going to hurt me their person
60,Cyberpunk2077,3619,Negative,swap,2,I ’ to really bummed games @CyberpunkGame is only first person. 5 I think your 3rd person is always leading the move forward for successful side story that. This camera angles while playing just really details so awkward and leave your game constantly struggling to enjoy the surrounding seems. 4 The is going m hurt me their success
60,Cyberpunk2077,3619,Negative,insert,1,I ’ m really bummed that @CyberpunkGame is only first person. 5 I think your 3rd person is always leading the move forward for successful side story games. The camera angles seem while playing just firstly really seems so awkward and leave your game constantly struggling to enjoy the environ surrounding blend details. 4 This is going to hurt me their success
60,Cyberpunk2077,3619,Negative,insert,2,I ’ m really bummed that @entirely CyberpunkGame is only first person. 5 I think your 3rd allow expire person is always leading the move forward for successful side story games. The camera exclusively angles while playing just really seems so awkward and leave your game constantly struggling to enjoy the surrounding details. 4 This is going very to hurt me their success
60,Cyberpunk2077,3619,Negative,delete,1,I ’ m really bummed @CyberpunkGame is only. 5 I think your person is leading the move forward for successful side. The camera angles while playing just really seems so awkward and leave your game constantly struggling to enjoy surrounding details. 4 This is going to hurt me their success
60,Cyberpunk2077,3619,Negative,delete,2,’ m really @CyberpunkGame is only first person. 5 I think your person is always leading the move forward for side games. The camera angles while playing just really seems awkward and leave your constantly struggling to enjoy the surrounding details. 4 This is going to hurt me their success
61,CallOfDutyBlackopsColdWar,1748,Irrelevant,original,0,"Scump, Simp, Loony, Slacked"
61,CallOfDutyBlackopsColdWar,1748,Irrelevant,swap,1,"Scump, Slacked, Loony, Simp"
61,CallOfDutyBlackopsColdWar,1748,Irrelevant,swap,2,"Simp, Scump, Loony, Slacked"
61,CallOfDutyBlackopsColdWar,1748,Irrelevant,insert,1,"Scump, Simp, Loony, slow Slacked"
61,CallOfDutyBlackopsColdWar,1748,Irrelevant,insert,2,"Scump, slake Simp, Loony, Slacked"
61,CallOfDutyBlackopsColdWar,1748,Irrelevant,delete,1,", Simp, Loony, Slacked"
61,CallOfDutyBlackopsColdWar,1748,Irrelevant,delete,2,"Scump, Simp, Loony, "
62,Nvidia,8911,Positive,original,0,"It's take a while, but great to see the RTX real-time ray tracing technology lent out to even more mainstream games. The addition aboard @nvidia represents a big one."
62,Nvidia,8911,Positive,swap,1,"It's take a more, but aboard to see the RTX real-time ray tracing technology lent out to even while mainstream games. The addition great @nvidia represents a big one."
62,Nvidia,8911,Positive,swap,2,"one take a while, but great to see the RTX out ray tracing technology lent real-time to even more mainstream games. The addition aboard @nvidia represents a big It's."
62,Nvidia,8911,Positive,insert,1,"It's take a while, but bighearted great merely to see the RTX real-time ray tracing technology lent out to even more mainstream games. The addition aboard @nvidia represents a big one."
62,Nvidia,8911,Positive,insert,2,"It's take a while, but great to see the RTX real-time ray tracing punt technology lent out to yet even more mainstream games. The addition aboard @nvidia represents a big one."
62,Nvidia,8911,Positive,delete,1,"It's take a while, great to see the real-time ray tracing lent out to even more games. The addition aboard @nvidia represents a big one."
62,Nvidia,8911,Positive,delete,2,"It's take a while, to see the RTX ray tracing technology lent out to even more mainstream games. addition aboard @nvidia represents a big one."
63,CallOfDuty,2320,Negative,original,0,@CallofDuty has gotten over 156GB. . . Absolutely pathetic.
63,CallOfDuty,2320,Negative,swap,1,@CallofDuty has gotten over 156GB. . . pathetic Absolutely.
63,CallOfDuty,2320,Negative,swap,2,@CallofDuty has gotten pathetic 156GB. . . Absolutely over.
63,CallOfDuty,2320,Negative,insert,1,@CallofDuty has ended gotten over 156GB. . . Absolutely pathetic.
63,CallOfDuty,2320,Negative,insert,2,@dumbfound CallofDuty has gotten over 156GB. . . Absolutely pathetic.
63,CallOfDuty,2320,Negative,delete,1,@CallofDuty gotten over 156GB. . . Absolutely pathetic.
63,CallOfDuty,2320,Negative,delete,2,@CallofDuty has gotten over. . . Absolutely pathetic.
64,Hearthstone,5513,Positive,original,0,"The new @ PlayHearthstone expansion looks like it will add some really fun cards, and the old gods were my favorite expansion."
64,Hearthstone,5513,Positive,swap,1,"PlayHearthstone new @ The expansion looks like it cards add some really fun will, and the old gods were my favorite expansion."
64,Hearthstone,5513,Positive,swap,2,"The new @ PlayHearthstone expansion looks like it old cards some really fun add, and the will gods were my favorite expansion."
64,Hearthstone,5513,Positive,insert,1,"The new @ PlayHearthstone God expansion looks like it will add some really fun cards, sport and the old gods were my favorite expansion."
64,Hearthstone,5513,Positive,insert,2,"The new @ constitute PlayHearthstone expansion looks like it will add some really fun cards, and the elaboration old gods were my favorite expansion."
64,Hearthstone,5513,Positive,delete,1,"The new @ PlayHearthstone expansion looks like it will add really fun cards, and the old were my expansion."
64,Hearthstone,5513,Positive,delete,2,"new @ PlayHearthstone expansion looks like it will add some really fun cards, and old gods were my expansion."
65,MaddenNFL,7981,Negative,original,0,@saquon you peep with ball carrier vision? They hurt 🤦. ‍.
65,MaddenNFL,7981,Negative,swap,1,@ball you peep with saquon carrier vision? They hurt 🤦. ‍.
65,MaddenNFL,7981,Negative,swap,2,@saquon you carrier with ball peep vision? They hurt 🤦. ‍.
65,MaddenNFL,7981,Negative,insert,1,@saquon you peep with ball carrier vision? sight They hurt 🤦. ‍.
65,MaddenNFL,7981,Negative,insert,2,@saquon you peep with ball mailman carrier vision? They hurt 🤦. ‍.
65,MaddenNFL,7981,Negative,delete,1,@saquon you peep with ball carrier? They hurt 🤦. ‍.
65,MaddenNFL,7981,Negative,delete,2,@saquon you peep with ball vision? They hurt 🤦. ‍.
66,AssassinsCreed,879,Neutral#Positive,original,0,Found this perfect setting for Zeus
66,AssassinsCreed,879,Neutral#Positive,swap,1,Found this Zeus setting for perfect
66,AssassinsCreed,879,Neutral#Positive,swap,2,Found this setting perfect for Zeus
66,AssassinsCreed,879,Neutral#Positive,insert,1,Found this perfect dress setting for Zeus
66,AssassinsCreed,879,Neutral#Positive,insert,2,Found this perfect setting incur for Zeus
66,AssassinsCreed,879,Neutral#Positive,delete,1,Found this perfect setting Zeus
66,AssassinsCreed,879,Neutral#Positive,delete,2,Found this perfect setting for 
67,TomClancysGhostRecon,10875,Irrelevant#Positive,original,0,. Is beautiful @GhostRecon..
67,TomClancysGhostRecon,10875,Irrelevant#Positive,swap,1,. GhostRecon beautiful @Is..
67,TomClancysGhostRecon,10875,Irrelevant#Positive,swap,2,. beautiful Is @GhostRecon..
67,TomClancysGhostRecon,10875,Irrelevant#Positive,insert,1,. Is represent beautiful @GhostRecon..
67,TomClancysGhostRecon,10875,Irrelevant#Positive,insert,2,. comprise Is beautiful @GhostRecon..
67,TomClancysGhostRecon,10875,Irrelevant#Positive,delete,1,. Is beautiful @..
67,TomClancysGhostRecon,10875,Irrelevant#Positive,delete,2,. beautiful @GhostRecon..
68,LeagueOfLegends,7572,Positive,original,0,Happy Happy Monday!!! Tonight we will be streaming me Playing League Of Legends and learning characters through ARAM!! can’t hope will see you all!
68,LeagueOfLegends,7572,Positive,swap,1,Happy Happy Monday!!! Tonight all will me streaming be Playing League Of Legends and learning characters through ARAM!! can’t hope will see you we!
68,LeagueOfLegends,7572,Positive,swap,2,Happy will Monday!!! Tonight we Happy be League me Playing streaming Of Legends and learning characters through ARAM!! can’t hope will see you all!
68,LeagueOfLegends,7572,Positive,insert,1,Happy Happy Monday!!! Tonight we will be streaming me Playing League Of Legends and learning characters through ARAM!! can’t personify conference hope will see you all!
68,LeagueOfLegends,7572,Positive,insert,2,Happy Happy Monday!!! Tonight we will be streaming me Playing League check Of Legends and learning characters through ARAM!! can’t hope will see you felicitous all!
68,LeagueOfLegends,7572,Positive,delete,1,Happy Happy Monday!!! Tonight we be streaming Playing League Of Legends and learning characters through!! can’t hope will see you all!
68,LeagueOfLegends,7572,Positive,delete,2,Happy Happy Monday!!! will be streaming me League Of Legends and learning characters through ARAM!! can’t hope will see you all!
69,RedDeadRedemption(RDR),10790,Positive,original,0,"A second and a half not watching it, I finally beat Red Dead Redemption III, a wonderfully rich game that kills you with a fantastic storyline if you constantly fight with deliberate controls and molasses coated pace. Can’t wait to seriously play RDR1 now for the first time.<unk>]"
69,RedDeadRedemption(RDR),10790,Positive,swap,1,"A second and a half not watching fight, I finally beat Red Dead Redemption now, a wonderfully rich game that kills you with a coated storyline if you constantly it with deliberate controls and molasses fantastic pace. Can’t wait to seriously first RDR1 III for the play time.<unk>]"
69,RedDeadRedemption(RDR),10790,Positive,swap,2,"A second controls a Redemption not the it, I finally beat Red Dead half III, a wonderfully rich game that kills you with a fantastic storyline if you constantly fight with deliberate and and wait coated pace. Can’t molasses to seriously play RDR1 now for watching first time.<unk>]"
69,RedDeadRedemption(RDR),10790,Positive,insert,1,"A second and a half not watching it, I finally beat Red Dead Redemption III, a wonderfully rich game that kills you with a toppingly fantastic storyline if you constantly fight with deliberate controls and molasses coated mastery pace. Can’t wait single to seriously play RDR1 now directly for the first time.<unk>]"
69,RedDeadRedemption(RDR),10790,Positive,insert,2,"shortsighted A second and a half not watching it, I finally beat amp Red Dead Redemption III, a wonderfully rich game that kills you with a fantastic storyline if you constantly fight with deliberate controls and molasses coated pace. Can’t wait to seriously play RDR1 now for the A first time.<short unk>]"
69,RedDeadRedemption(RDR),10790,Positive,delete,1,"A second and a not it, I beat Red Dead Redemption, wonderfully rich game kills you with a fantastic storyline if you fight with deliberate controls and molasses coated pace. Can’t wait to seriously play RDR1 now for the first time.<unk>]"
69,RedDeadRedemption(RDR),10790,Positive,delete,2,"and a half not watching it, I finally beat Red Dead Redemption III, a wonderfully rich that kills with a fantastic if you constantly fight with deliberate controls and molasses coated pace. Can’ wait to seriously play RDR1 now for the first time.<>]"
70,johnson&johnson,6805,Negative,original,0,20 Volunteers Suffer Negative Response to Johnson Gary Johnson’s... thevaccinereaction.org/2020/10/20-vol…
70,johnson&johnson,6805,Negative,swap,1,20 Volunteers Gary Negative Response to Johnson Suffer Johnson’s... thevaccinereaction.org/2020/10/20-vol…
70,johnson&johnson,6805,Negative,swap,2,20 Volunteers Suffer Negative Response to Johnson Gary Johnson’2020... thevaccinereaction.org/s/10/20-vol…
70,johnson&johnson,6805,Negative,insert,1,20 Volunteers Suffer LBJ Negative Response to Johnson Gary Johnson’s... thevaccinereaction.org/2020/10/20-vol…
70,johnson&johnson,6805,Negative,insert,2,minus 20 Volunteers Suffer Negative Response to Johnson Gary Johnson’s... thevaccinereaction.org/2020/10/20-vol…
70,johnson&johnson,6805,Negative,delete,1,20 Suffer Negative Response to Johnson Gary’s... thevaccinereaction.org/2020/10/20-vol…
70,johnson&johnson,6805,Negative,delete,2,20 Volunteers Suffer Response to Johnson Gary Johnson’s... thevaccinereaction./2020/10/20-vol…
71,CallOfDuty,2044,Positive,original,0,Come watch my buddy Vinny and I for some bad gameplay and even worse jokes! Rocket League! Call of Duty Warzone!  Streaming till 2AM maybe later! Come hang out :)
71,CallOfDuty,2044,Positive,swap,1,2AM watch my hang Vinny and I for some bad gameplay and even worse jokes! Rocket League! Call of Duty Warzone!  Streaming till Come maybe later! Come buddy out :)
71,CallOfDuty,2044,Positive,swap,2,Come watch my buddy Vinny Rocket I for some bad gameplay later even worse jokes! and League! Call of Duty Warzone!  Streaming till 2AM maybe and! Come hang out :)
71,CallOfDuty,2044,Positive,insert,1,Come watch my buddy Vinny and I for some bad gameplay and even worse jokes! Rocket League! Call of Duty Warzone!  Streaming crony till 2AM maybe claim later! Come hang out :)
71,CallOfDuty,2044,Positive,insert,2,arrive Come watch my buddy Vinny and I for some bad gameplay and even worse jokes! Rocket League! Call of Duty Warzone!  Streaming till 2AM maybe rocket later! Come hang out :)
71,CallOfDuty,2044,Positive,delete,1,Come watch my buddy Vinny I for some bad and even worse jokes! Rocket League! Call Duty Warzone!  till 2AM maybe later! Come hang out :)
71,CallOfDuty,2044,Positive,delete,2,Come watch my buddy Vinny and I for some bad gameplay and even worse jokes! Rocket! Call of Duty Warzone!  Streaming 2AM maybe! Come hang :)
72,Facebook,3222,Negative,original,0,Hi everyone. Just got a working account. I'm really tired driving facebook.
72,Facebook,3222,Negative,swap,1,Hi everyone. Just got a working driving. I'm really tired account facebook.
72,Facebook,3222,Negative,swap,2,really everyone. Just got a working account. I'm Hi tired driving facebook.
72,Facebook,3222,Negative,insert,1,Hi everyone. Just got a working account. I'm really tired driving barely facebook.
72,Facebook,3222,Negative,insert,2,history Hi everyone. Just got a working account. I'm really tired driving facebook.
72,Facebook,3222,Negative,delete,1,Hi everyone. Just a working account. I'm really tired driving facebook.
72,Facebook,3222,Negative,delete,2,Hi everyone. Just got a working. I'm really tired driving facebook.
73,RedDeadRedemption(RDR),10603,Positive,original,0,Thanks to all that stopped by the stream tonight. Had a great time hanging with all y'all! It was fun. Thanks to @ReptarOnIce3000 for the follow and hope to see you guys tomorrow for some red dead redemption 2 shenanigans.. .
73,RedDeadRedemption(RDR),10603,Positive,swap,1,Thanks stream all that 2 by the to tonight. Had a great time hanging with redemption y'all! It was fun. Thanks to @ReptarOnIce3000 for the follow and hope to see you guys tomorrow for some red dead all stopped shenanigans.. .
73,RedDeadRedemption(RDR),10603,Positive,swap,2,Thanks to the that stopped by all stream tonight. Had a great time for with all y'all! It was fun. guys to @ReptarOnIce3000 hanging the follow and hope to see you Thanks tomorrow for some red dead redemption 2 shenanigans.. .
73,RedDeadRedemption(RDR),10603,Positive,insert,1,Thanks to all that stopped by the stream tonight. Had a great away time hanging with all y'all! It was fun. Thanks to @ReptarOnIce3000 for the follow aside and hope to outside see you guys tomorrow for some red dead redemption 2 shenanigans.. .
73,RedDeadRedemption(RDR),10603,Positive,insert,2,come Thanks to all that stopped by the stream tonight. Had a great time hanging with all check y'all! It was fun. Thanks to @ReptarOnIce3000 for the follow and hope to see you guys tomorrow for some red past dead redemption 2 shenanigans.. .
73,RedDeadRedemption(RDR),10603,Positive,delete,1,Thanks to that stopped by the tonight. Had great hanging with all y'all! It was fun. Thanks to @ReptarOnIce3000 for the follow and hope see you guys tomorrow for red dead redemption 2 shenanigans.. .
73,RedDeadRedemption(RDR),10603,Positive,delete,2,to all that stopped by the stream tonight. Had great hanging with all y'all! It was fun. Thanks to @ for the follow hope to see you guys tomorrow some red dead redemption 2 shenanigans.. .
74,CallOfDutyBlackopsColdWar,1672,Positive,original,0,of the setting. Frank Lawrence is back. Feels like Black Ops 1 all over again. See the CCR & New Order soundtrack selections. Looks like the campaign<unk> going to mean DOpE!
74,CallOfDutyBlackopsColdWar,1672,Positive,swap,1,1 over setting. Frank Lawrence is back. Feels like Black Ops of all the again. See the CCR & New Order soundtrack selections. Looks like the campaign<unk> going to mean DOpE!
74,CallOfDutyBlackopsColdWar,1672,Positive,swap,2,of the setting. Frank Lawrence is CCR. Feels like Black Ops DOpE all over again. See the back & New Order soundtrack selections. Looks like the campaign<unk> going to mean 1!
74,CallOfDutyBlackopsColdWar,1672,Positive,insert,1,of the setting. Frank Lawrence is back. Feels like Black Ops 1 all over again. See the society CCR & raw New Order soundtrack selections. Looks like the campaign<unk> going to mean DOpE!
74,CallOfDutyBlackopsColdWar,1672,Positive,insert,2,of the setting. unity Frank Lawrence is back. Feels like Black Ops 1 all over again. ordering See the CCR & New Order soundtrack selections. Looks like the campaign<unk> going to mean DOpE!
74,CallOfDutyBlackopsColdWar,1672,Positive,delete,1,of the setting. Frank Lawrence is back. Feels like Black Ops 1 all over. See the CCR & Order soundtrack selections. Looks the campaign<> going to mean DOpE!
74,CallOfDutyBlackopsColdWar,1672,Positive,delete,2,of the. Frank back. Feels like Black Ops 1 all over again. See the & New Order soundtrack selections. Looks like the campaign<unk> going to mean DOpE!
75,Microsoft,8122,Negative,original,0,I've rarely been less proud (or grateful) to be part of the extended extended family.
75,Microsoft,8122,Negative,swap,1,I've rarely part less proud (or grateful) to be been of the extended extended family.
75,Microsoft,8122,Negative,swap,2,proud rarely been less I've (or grateful) to be part of the extended extended family.
75,Microsoft,8122,Negative,insert,1,I've rarely been less proud (or grateful) cover to be part of the extended extended family.
75,Microsoft,8122,Negative,insert,2,I've rarely been less proud (or grateful) to be seldom part of the extended extended family.
75,Microsoft,8122,Negative,delete,1,I've rarely been less proud (or grateful) to be part of the extended.
75,Microsoft,8122,Negative,delete,2,rarely been less proud (or grateful) to be part of extended extended family.
76,johnson&johnson,6982,Positive,original,0,Exit 2020 with a bang
76,johnson&johnson,6982,Positive,swap,1,Exit with 2020 a bang
76,johnson&johnson,6982,Positive,swap,2,a 2020 with Exit bang
76,johnson&johnson,6982,Positive,insert,1,Exit 2020 choke with a bang
76,johnson&johnson,6982,Positive,insert,2,Exit 2020 with a know bang
76,johnson&johnson,6982,Positive,delete,1,Exit 2020 with a 
76,johnson&johnson,6982,Positive,delete,2,Exit 2020 with bang
77,TomClancysRainbowSix,11518,Positive,original,0,It is not the first time that the EU Commission has taken such a step.
77,TomClancysRainbowSix,11518,Positive,swap,1,It is not the first Commission that the EU time has taken such a step.
77,TomClancysRainbowSix,11518,Positive,swap,2,It is not the first time such the EU Commission has taken that a step.
77,TomClancysRainbowSix,11518,Positive,insert,1,It is not the maiden first time that the EU Commission has taken such a step.
77,TomClancysRainbowSix,11518,Positive,insert,2,It is personify not the first time that the EU Commission has taken such a step.
77,TomClancysRainbowSix,11518,Positive,delete,1,It is not first time that EU Commission has taken such a step.
77,TomClancysRainbowSix,11518,Positive,delete,2,is not the first that the EU Commission has taken such a step.
78,PlayStation5(PS5),9977,Neutral,original,0,PlayStation 5 release date leaked dr.it / RgggBp
78,PlayStation5(PS5),9977,Neutral,swap,1,PlayStation 5 release it leaked dr.date / RgggBp
78,PlayStation5(PS5),9977,Neutral,swap,2,PlayStation leaked release date 5 dr.it / RgggBp
78,PlayStation5(PS5),9977,Neutral,insert,1,PlayStation 5 release date fivesome leaked dr.it / RgggBp
78,PlayStation5(PS5),9977,Neutral,insert,2,PlayStation 5 release date leaked leak dr.it / RgggBp
78,PlayStation5(PS5),9977,Neutral,delete,1,PlayStation 5 release date leaked dr.it / 
78,PlayStation5(PS5),9977,Neutral,delete,2,PlayStation release date leaked dr.it / RgggBp
79,Fortnite,6712,Neutral,original,0,"""and so it this a symptom of something bigger rolling on? So is it a cause? So now's where everybody WHO's made a mistake, they think it's a cause.""<unk>."
79,Fortnite,6712,Neutral,swap,1,"""and so it it's a symptom of something a rolling on? So is it bigger cause? So now's where everybody WHO's made a mistake, they think this a cause.""<unk>."
79,Fortnite,6712,Neutral,swap,2,"""and so it this a it's of something cause rolling on? So is it a bigger? So now's where everybody WHO's made a mistake, they think symptom a cause.""<unk>."
79,Fortnite,6712,Neutral,insert,1,"""and so it this a IT symptom of something bigger rolling on? adenine So is it a cause? So now's where everybody WHO's made a mistake, they think it's a cause.""<unk>."
79,Fortnite,6712,Neutral,insert,2,"""and so it this a symptom of A something bigger rolling on? So is it a cause? So axerophthol now's where everybody WHO's made a mistake, they think it's a cause.""<unk>."
79,Fortnite,6712,Neutral,delete,1,"""and so it this a symptom of bigger rolling on? So it a? So now's where everybody WHO's a mistake, they think it's a cause.""<unk>."
79,Fortnite,6712,Neutral,delete,2,"""and so it this a symptom of something bigger on? So is it a cause? So now's where everybody WHO's made a, it's a cause.""<unk>."
80,WorldOfCraft,12535,Negative,original,0,"I had an itch to draw Lunerian and Silgryn again, bc I miss them so much.. I may no longer play WoW, but Silgryn is still so dear to me."
80,WorldOfCraft,12535,Negative,swap,1,"I had an itch may draw Lunerian and Silgryn again, bc I miss is so much.. I to no longer play WoW, but Silgryn them still so dear to me."
80,WorldOfCraft,12535,Negative,swap,2,"I had them itch to draw Lunerian and still an, bc I miss again so much.. I may no longer play WoW, but Silgryn is Silgryn so dear to me."
80,WorldOfCraft,12535,Negative,insert,1,"I had an itch to draw Lunerian and personify Silgryn misfire again, bc I miss them so much.. I may no longer play WoW, but Silgryn is still so dear to me."
80,WorldOfCraft,12535,Negative,insert,2,"I merely had an itch to draw Lunerian and Silgryn again, bc I miss them Maine so much.. I may no longer play WoW, but Silgryn is still so dear to me."
80,WorldOfCraft,12535,Negative,delete,1,"I had an draw Lunerian and Silgryn again, bc I miss them so much.. I may no longer play WoW, but Silgryn is still so me."
80,WorldOfCraft,12535,Negative,delete,2,"had an itch to draw Lunerian and Silgryn again, bc I them so much.. I may no longer play WoW, but Silgryn still so to me."
81,Google,4578,Negative,original,0,I have never heard of Jesus following the less fortunate. Those who are attacked by the state. There must be a new rebranding.
81,Google,4578,Negative,swap,1,I have never heard are Jesus the following less fortunate. Those who of attacked by the state. There must be a new rebranding.
81,Google,4578,Negative,swap,2,I have never less of Jesus following the heard fortunate. Those who are attacked by the There. state must be a new rebranding.
81,Google,4578,Negative,insert,1,I axerophthol have never heard of away Jesus following the less fortunate. Those who are attacked by the state. There must be a new rebranding.
81,Google,4578,Negative,insert,2,I have never heard of Jesus following the less fortunate. one WHO Those who are attacked by the state. There must be a new rebranding.
81,Google,4578,Negative,delete,1,I have never heard of Jesus following the fortunate. Those who attacked by the state. There must be a new.
81,Google,4578,Negative,delete,2,I have never heard of Jesus following the less fortunate. Those who are attacked by state. There be a new.
82,Facebook,3477,Positive,original,0,I was lucky enough to have David Attenborough as a university lecturer. It's nice to see people coming together to teach children who don't go to school.
82,Facebook,3477,Positive,swap,1,I as lucky enough to have David Attenborough children a university lecturer. It's nice to see people coming together to teach go who don't was to school.
82,Facebook,3477,Positive,swap,2,I was lucky enough coming have David Attenborough as a university lecturer. It's nice to who people to together to teach children see don't go to school.
82,Facebook,3477,Positive,insert,1,I was lucky adenine enough to have David Attenborough as a university unitedly lecturer. It's nice to see people coming together to teach children who don't go to school.
82,Facebook,3477,Positive,insert,2,I was lucky enough to have David Attenborough as a university lecturer. It's nice to see people unitedly coming together to teach children who don't go to induce school.
82,Facebook,3477,Positive,delete,1,I was lucky enough to have David Attenborough as university. It's nice to see people coming together to teach children who to school.
82,Facebook,3477,Positive,delete,2,I was lucky enough to have David as a university. It's nice to see people coming together teach children who don't to school.
83,Microsoft,8158,Negative,original,0,"The prices to the new Minecraft emotes are ludicrous. Very destructive to industry and gaming in terms of reputation. This is no cash grab, and it will be cheaper. Way painfully expensive! Have you forgotten the reputational damage created by EA's loot buying scandals?! @mojang @jeb_"
83,Microsoft,8158,Negative,swap,1,"The prices to the new Minecraft it are jeb_. Very destructive to industry and gaming in terms is reputation. This of no cash grab, and emotes will be cheaper. Way painfully expensive! Have you forgotten the reputational damage created by EA's loot buying scandals?! @mojang @ludicrous"
83,Microsoft,8158,Negative,swap,2,"The prices to the new created emotes are ludicrous. Very destructive to industry and gaming and terms of reputation. forgotten is no cash grab, in it will be cheaper. Way painfully expensive! Have you This the reputational damage Minecraft by EA's loot buying scandals?! @mojang @jeb_"
83,Microsoft,8158,Negative,insert,1,"The prices to the new Minecraft emotes are ludicrous. Very destructive to industry and gaming in terms dirt of reputation. This is no be cash grab, and it will be cheaper. Way painfully expensive! Have you forgotten the reputational damage created by EA's loot buying scandals?! @mojang @snaffle jeb_"
83,Microsoft,8158,Negative,insert,2,"The prices to the new Minecraft emotes are ludicrous. Very destructive to industry and gaming in terms of reputation. past This is no cash grab, and it will be cheaper. Way painfully expensive! constitute Have you forgotten the reputational damage purchasing created by EA's loot buying scandals?! @mojang @jeb_"
83,Microsoft,8158,Negative,delete,1,"The prices to new Minecraft emotes are. Very destructive industry and gaming in terms of reputation. This is no cash grab, and it will be cheaper. Way painfully! Have you forgotten the damage created by EA's loot buying scandals?! @ @jeb_"
83,Microsoft,8158,Negative,delete,2,"The prices to the new Minecraft emotes are ludicrous. Very destructive and gaming in of reputation. This is no cash grab, and it be cheaper. Way painfully expensive! Have you forgotten reputational damage created by loot buying scandals?! @mojang @jeb_"
84,MaddenNFL,7995,Negative,original,0,Ready for more crappy same game and more removed content and still locked behind the paywall
84,MaddenNFL,7995,Negative,swap,1,Ready for more crappy same game and and removed content more still locked behind the paywall
84,MaddenNFL,7995,Negative,swap,2,Ready for more crappy same game more and removed content and still locked behind the paywall
84,MaddenNFL,7995,Negative,insert,1,Ready for more crappy same game and more removed Lapp content and still locked behind the paywall
84,MaddenNFL,7995,Negative,insert,2,Ready substance for more crappy same game and more removed content and still locked behind the paywall
84,MaddenNFL,7995,Negative,delete,1,Ready for more crappy game and more removed content and still locked behind the 
84,MaddenNFL,7995,Negative,delete,2,Ready for more crappy same game more removed content and locked behind the paywall
85,PlayStation5(PS5),9965,Negative,original,0,Can y'all niggas stop clinin bout women not buyin y'all the PS5. y'all sound just chillat
85,PlayStation5(PS5),9965,Negative,swap,1,Can sound niggas stop clinin bout women not buyin y'all the PS5. y'all y'all just chillat
85,PlayStation5(PS5),9965,Negative,swap,2,Can y'all niggas stop clinin bout women chillat buyin y'all the PS5. y'all sound just not
85,PlayStation5(PS5),9965,Negative,insert,1,Can y'all niggas stop clinin bout women not buyin tear y'all the PS5. y'all sound just chillat
85,PlayStation5(PS5),9965,Negative,insert,2,Can y'all niggas stop clinin bout women not buyin y'all the non PS5. y'all sound just chillat
85,PlayStation5(PS5),9965,Negative,delete,1,Can y'all niggas clinin bout not buyin y'all the PS5. y'all sound just chillat
85,PlayStation5(PS5),9965,Negative,delete,2,Can y'all stop clinin bout women not buyin y'all the PS5. sound just chillat
86,Microsoft,8028,Negative,original,0,"@ TAKEALOT. Don't you think it's unethical to sell a device that is no longer supported by the manufacturer? Windows Phone is dead, but you have it for sale, possibly jeopardizing user information. Microsoft Luxury 640 LTE 8GB Single Sim - Black."
86,Microsoft,8028,Negative,swap,1,"@ Black. Don't you think it's unethical to sell a device that is no longer supported by the manufacturer? Windows Phone is dead, user you have it 8GB sale, possibly jeopardizing but information. Microsoft Luxury 640 LTE for Single Sim - TAKEALOT."
86,Microsoft,8028,Negative,swap,2,"@ by. Don't you think it's unethical to sell a Windows that is no longer supported TAKEALOT the manufacturer? device Phone is dead, but you have it for sale, possibly jeopardizing user Black. Microsoft Luxury 640 LTE 8GB Single Sim - information."
86,Microsoft,8028,Negative,insert,1,"@ TAKEALOT. Don't you aside think it's unethical to sell a device that is no longer supported by the manufacturer? Windows Phone peradventure is dead, but you have it foresightful for sale, possibly jeopardizing user information. Microsoft Luxury 640 LTE 8GB Single Sim - Black."
86,Microsoft,8028,Negative,insert,2,"@ TAKEALOT. Don't you think nobelium it's unethical to sell a device that is no longer supported by the manufacturer? Windows Phone is dead, but you have it for sale, possibly jeopardizing user information. Microsoft Luxury 640 mayhap LTE 8GB A Single Sim - Black."
86,Microsoft,8028,Negative,delete,1,"@ TAKEALOT. Don't it's unethical to sell a device that is no longer supported by the manufacturer? Windows is dead, you have it for sale, possibly user information. Microsoft Luxury 640 LTE 8GB Single Sim -."
86,Microsoft,8028,Negative,delete,2,"@ TAKEALOT. Don't you it's unethical to sell a device that is no longer supported by the manufacturer? Phone is dead, but you have it for sale, jeopardizing user. Luxury 640 LTE 8GB Sim - Black."
87,Xbox(Xseries),13137,Irrelevant,original,0,I absolutely got the new
87,Xbox(Xseries),13137,Irrelevant,swap,1,I absolutely got new the
87,Xbox(Xseries),13137,Irrelevant,swap,2,the absolutely got I new
87,Xbox(Xseries),13137,Irrelevant,insert,1,I absolutely got the Modern new
87,Xbox(Xseries),13137,Irrelevant,insert,2,I absolutely got the young new
87,Xbox(Xseries),13137,Irrelevant,delete,1,I absolutely got the 
87,Xbox(Xseries),13137,Irrelevant,delete,2,I absolutely the new
88,Fortnite,6573,Negative,original,0,Pokémon go to the polls...same gimmicks in the place of substantive issues and policy. Pathetic and embarrassing.
88,Fortnite,6573,Negative,swap,1,Pokémon go embarrassing the polls...same gimmicks in the place of substantive issues and policy. Pathetic and to.
88,Fortnite,6573,Negative,swap,2,Pokémon go to the and...same gimmicks in the place of substantive issues and policy. Pathetic polls embarrassing.
88,Fortnite,6573,Negative,insert,1,Pokémon go to the essential polls...same gimmicks in the place of substantive issues and policy. Pathetic and embarrassing.
88,Fortnite,6573,Negative,insert,2,Pokémon go to the polls...same gimmicks in the place of insurance substantive issues and policy. Pathetic and embarrassing.
88,Fortnite,6573,Negative,delete,1,Pokémon go to the polls...same gimmicks in place of substantive and policy. Pathetic and embarrassing.
88,Fortnite,6573,Negative,delete,2,Pokémon go to the polls...same gimmicks the place substantive issues and policy. Pathetic and embarrassing.
89,Microsoft,8026,Positive,original,0,The new Microsoft Edge 2 is a beauty
89,Microsoft,8026,Positive,swap,1,The new Microsoft 2 Edge is a beauty
89,Microsoft,8026,Positive,swap,2,The new Microsoft Edge 2 a is beauty
89,Microsoft,8026,Positive,insert,1,The new Microsoft Edge 2 is a dish beauty
89,Microsoft,8026,Positive,insert,2,The new ampere Microsoft Edge 2 is a beauty
89,Microsoft,8026,Positive,delete,1,The new Microsoft Edge is a beauty
89,Microsoft,8026,Positive,delete,2,new Microsoft Edge 2 is a beauty
90,PlayerUnknownsBattlegrounds(PUBG),10318,Neutral,original,0,I will support you in next election if
90,PlayerUnknownsBattlegrounds(PUBG),10318,Neutral,swap,1,I will support in you next election if
90,PlayerUnknownsBattlegrounds(PUBG),10318,Neutral,swap,2,in will support you I next election if
90,PlayerUnknownsBattlegrounds(PUBG),10318,Neutral,insert,1,I inwards will support you in next election if
90,PlayerUnknownsBattlegrounds(PUBG),10318,Neutral,insert,2,I will support you in next election inward if
90,PlayerUnknownsBattlegrounds(PUBG),10318,Neutral,delete,1,I will support you in election if
90,PlayerUnknownsBattlegrounds(PUBG),10318,Neutral,delete,2,I will support you in next if
91,Google,4558,Negative,original,0,Why twitter just make to put in my username to confirm my identity. bitch this ain’t google.
91,Google,4558,Negative,swap,1,Why twitter just make to put identity my username to confirm my in. bitch this ain’t google.
91,Google,4558,Negative,swap,2,Why twitter just make to put in my bitch to confirm my identity. username this ain’t google.
91,Google,4558,Negative,insert,1,Why twitter just make to put in my username to confirm my identity. bitch this ain’t place google.
91,Google,4558,Negative,insert,2,Why twitter just make to put in my username to confirm my identity. bitch this indistinguishability ain’t google.
91,Google,4558,Negative,delete,1,Why twitter just make to put in my username confirm my identity. bitch this ain’ google.
91,Google,4558,Negative,delete,2,twitter just make to put in username to confirm my identity. bitch this ain’t google.
92,Cyberpunk2077,3713,Negative,original,0,"Well, it's disappointing... Won't play then."
92,Cyberpunk2077,3713,Negative,swap,1,"Well, Won't disappointing... it's play then."
92,Cyberpunk2077,3713,Negative,swap,2,"Well, it's Won't... disappointing play then."
92,Cyberpunk2077,3713,Negative,insert,1,"Well, it's disappointing... Won't play good then."
92,Cyberpunk2077,3713,Negative,insert,2,"Well, it's dissatisfactory disappointing... Won't play then."
92,Cyberpunk2077,3713,Negative,delete,1,", it's disappointing... Won't play then."
92,Cyberpunk2077,3713,Negative,delete,2,"Well, it's disappointing... Won't then."
93,Overwatch,9578,Positive,original,0,Lets go!!! Overwatch and good vibes!!! Come hang and play Overwatch with me at twitch.tv/z3r0c0010079 ! Hope to see you there!
93,Overwatch,9578,Positive,swap,1,go Overwatch!!! Overwatch and good vibes!!! Come hang and play Lets with me at twitch.tv/z3r0c0010079 ! Hope to see you there!
93,Overwatch,9578,Positive,swap,2,z3r0c0010079 go!!! Lets and good vibes!!! Come hang and play Overwatch with me at twitch.tv/Overwatch ! Hope to see you there!
93,Overwatch,9578,Positive,insert,1,Lets go!!! Overwatch and good vibes!!! Come hang and ME play Overwatch with me at twitch.tv/TV z3r0c0010079 ! Hope to see you there!
93,Overwatch,9578,Positive,insert,2,Lets represent go!!! Overwatch and good vibes!!! Come hang and play permit Overwatch with me at twitch.tv/z3r0c0010079 ! Hope to see you there!
93,Overwatch,9578,Positive,delete,1,Lets go!!! Overwatch and good vibes!!! Come hang and Overwatch with me twitch./z3r0c0010079 ! Hope to see you there!
93,Overwatch,9578,Positive,delete,2,Lets go!!! Overwatch and good vibes!!! hang and play Overwatch with at twitch.tv/z3r0c0010079 ! Hope to see there!
94,RedDeadRedemption(RDR),10424,Positive,original,0,"I'm a bit late but happy that this franchise has changed my life, but I absolutely have it and I adore it with all my heart and soul"
94,RedDeadRedemption(RDR),10424,Positive,swap,1,"I'm a bit late but but and this franchise has changed my life, happy I absolutely have it that I adore it with all my heart and soul"
94,RedDeadRedemption(RDR),10424,Positive,swap,2,"I'm and bit late but happy that this franchise with changed my life, but I absolutely have it a I adore it has all my heart and soul"
94,RedDeadRedemption(RDR),10424,Positive,insert,1,"I'm a bit IT late but happy that this franchise has changed my life, but I adenine absolutely have it and I adore it with all my heart and soul"
94,RedDeadRedemption(RDR),10424,Positive,insert,2,"I'm a bit late but happy that this franchise has changed single my life, but I bear altogether absolutely have it and I adore it with all my heart and soul"
94,RedDeadRedemption(RDR),10424,Positive,delete,1,"I'm a bit but happy that this franchise changed my life, but I absolutely have it and I adore it all my and soul"
94,RedDeadRedemption(RDR),10424,Positive,delete,2,"a bit late happy that this franchise has changed my life, but I have it I adore it with all my heart and soul"
95,AssassinsCreed,1020,Negative,original,0,looks like even @IGN is reporting wrong as the German version of.. again.be/lr3AWo_xBCA
95,AssassinsCreed,1020,Negative,swap,1,looks even like @IGN is reporting wrong as the German version of.. again.be/lr3AWo_xBCA
95,AssassinsCreed,1020,Negative,swap,2,looks wrong even @IGN is reporting like as the German version of.. again.be/lr3AWo_xBCA
95,AssassinsCreed,1020,Negative,insert,1,looks like even @IGN is reporting AS wrong as the German version of.. again.be/lr3AWo_xBCA
95,AssassinsCreed,1020,Negative,insert,2,looks like even @IGN is reporting wrong as the translation German version of.. again.be/lr3AWo_xBCA
95,AssassinsCreed,1020,Negative,delete,1,like even @IGN is reporting wrong the German version of.. again.be/lr3AWo_xBCA
95,AssassinsCreed,1020,Negative,delete,2,looks even @IGN is reporting wrong as the German version of...be/lr3AWo_xBCA
96,Battlefield,1281,Positive,original,0,Welcome Guest Battlefield 1 hacker who knows that
96,Battlefield,1281,Positive,swap,1,Guest Welcome Battlefield 1 hacker who knows that
96,Battlefield,1281,Positive,swap,2,Welcome Guest Battlefield who hacker 1 knows that
96,Battlefield,1281,Positive,insert,1,Welcome Guest Battlefield 1 battleground hacker who knows that
96,Battlefield,1281,Positive,insert,2,Welcome Guest Battlefield 1 welcome hacker who knows that
96,Battlefield,1281,Positive,delete,1,Welcome Battlefield 1 hacker who knows that
96,Battlefield,1281,Positive,delete,2,Welcome Guest Battlefield 1 who knows that
97,Google,4609,Irrelevant,original,0,"google your name + horror + aesthetics.. I mean,, hot pic.twitter.com / P2ASNp5Jke"
97,Google,4609,Irrelevant,swap,1,"google your com + horror + aesthetics.. I mean,, hot pic.twitter.name / P2ASNp5Jke"
97,Google,4609,Irrelevant,swap,2,"google your name + I + aesthetics.. horror mean,, hot pic.twitter.com / P2ASNp5Jke"
97,Google,4609,Irrelevant,insert,1,"google your name + horror + aesthetics.. I mean,, hot pic.ace twitter.com / P2ASNp5Jke"
97,Google,4609,Irrelevant,insert,2,"google your name + horror + aesthetics.. I repulsion mean,, hot pic.twitter.com / P2ASNp5Jke"
97,Google,4609,Irrelevant,delete,1,"google your name + + aesthetics.. I mean,, hot pic.twitter.com / P2ASNp5Jke"
97,Google,4609,Irrelevant,delete,2,"google your name + horror + aesthetics.. I mean,, hot.twitter.com / P2ASNp5Jke"
98,TomClancysGhostRecon,11084,Positive,original,0,Loved this sniper section! This mission is so cool. I'm telling you!. Hey guys. Episode 14 is out and you have not watched it yet! So click on this link promptly. . . . youtu.be/ozt2X4AX20M. .
98,TomClancysGhostRecon,11084,Positive,swap,1,Loved cool sniper section! This mission is so this. I'm 14 you!. Hey out. Episode telling is guys and you have not watched it yet! So click on this link promptly. . . . youtu.be/ozt2X4AX20M. .
98,TomClancysGhostRecon,11084,Positive,swap,2,Loved this you section! This mission is so cool. I'm telling sniper!. Hey guys. Episode watched is out and you have not 14 it yet! So click on promptly link this. . . . youtu.be/ozt2X4AX20M. .
98,TomClancysGhostRecon,11084,Positive,insert,1,Loved this sniper section! incision This mission is so cool. I'm telling verboten you!. Hey guys. Episode 14 is out and you have not watched it yet! So click on this link thence promptly. . . . youtu.be/ozt2X4AX20M. .
98,TomClancysGhostRecon,11084,Positive,insert,2,Loved this sniper section! This let mission is so cool. I'm telling you!. Hey guys. Episode 14 is then out and you have sol not watched it yet! So click on this link promptly. . . . youtu.be/ozt2X4AX20M. .
98,TomClancysGhostRecon,11084,Positive,delete,1,Loved sniper section! This mission is so cool. I'm telling!. Hey guys. Episode is out and you not watched it yet! So on this link promptly. . . . youtu.be/ozt2X4AX20M. .
98,TomClancysGhostRecon,11084,Positive,delete,2,Loved this sniper! This mission is so. telling you!. guys. Episode 14 is and you have not watched it yet! So click on this link promptly. . . . youtu.be/ozt2X4AX20M. .
99,Cyberpunk2077,3953,Negative,original,0,"Super misleading headline. Then course, as always, people jumping any conclusions as a result"
99,Cyberpunk2077,3953,Negative,swap,1,"Super misleading headline. Then a, as always, people jumping any conclusions as course result"
99,Cyberpunk2077,3953,Negative,swap,2,"Super misleading headline. Then course, as always, people jumping as conclusions any a result"
99,Cyberpunk2077,3953,Negative,insert,1,"Super misleading headline. Then course, as always, people jumping any alternate conclusions as a result"
99,Cyberpunk2077,3953,Negative,insert,2,"Super misleading headline. Then course, as always, people jumping any conclusions as multitude a result"
99,Cyberpunk2077,3953,Negative,delete,1,"Super misleading headline. Then course, as always, jumping any conclusions as result"
99,Cyberpunk2077,3953,Negative,delete,2,"Super misleading headline. Then course, as, jumping any conclusions as a result"
100,PlayStation5(PS5),9688,Negative,original,0,why are guys so obsessed with a girl getting the PS5 for them? get it yourself bb.
100,PlayStation5(PS5),9688,Negative,swap,1,are why guys so obsessed with a girl getting the PS5 for them? get it yourself bb.
100,PlayStation5(PS5),9688,Negative,swap,2,guys are why so obsessed with a girl getting the PS5 for them? get it yourself bb.
100,PlayStation5(PS5),9688,Negative,insert,1,why are guys baffle so obsessed with a girl getting the PS5 for them? get it yourself bb.
100,PlayStation5(PS5),9688,Negative,insert,2,why are guys so obsessed with a girl wherefore getting the PS5 for them? get it yourself bb.
100,PlayStation5(PS5),9688,Negative,delete,1,are guys so obsessed with a girl getting the PS5 for them? get it bb.
100,PlayStation5(PS5),9688,Negative,delete,2,why guys obsessed with a girl getting the PS5 for them? get it yourself bb.
101,TomClancysRainbowSix,11564,Negative,original,0,@Rainbow6Game . Pls fix your servers i was in a rank match and i got disconnected im already a copper 5 cause of shitty rank trollers and my mmr is going to be really low pls fix the servers thx
101,TomClancysRainbowSix,11564,Negative,swap,1,@Rainbow6Game . 5 fix your servers i was in a rank match and i got disconnected pls already a copper Pls cause of shitty rank really and my mmr is going to be trollers low im fix the servers thx
101,TomClancysRainbowSix,11564,Negative,swap,2,@Rainbow6Game . Pls fix your servers i was in a rank match and i servers disconnected im already is copper 5 cause pls shitty rank trollers and my mmr a going to be really low of fix the got thx
101,TomClancysRainbowSix,11564,Negative,insert,1,@Rainbow6Game . Pls fix your servers ane i was in a rank match and i got disconnected im already a copper 5 cause ready of shitty rank trollers and my mmr is going to be ace really low pls fix the servers thx
101,TomClancysRainbowSix,11564,Negative,insert,2,@Rainbow6Game . Pls fix your servers i ace was in a rank match and i got disconnected im already a copper 5 cause of shitty rank trollers and my disconnect mmr is going to axerophthol be really low pls fix the servers thx
101,TomClancysRainbowSix,11564,Negative,delete,1,@Rainbow6Game . Pls fix your i was in a rank match and i got already a copper 5 cause shitty rank trollers and my mmr is going to be low pls fix the servers thx
101,TomClancysRainbowSix,11564,Negative,delete,2,@Rainbow6Game . Pls was in a rank match and i got disconnected im already a copper 5 cause of shitty rank trollers and my mmr is going to be really low pls fix the servers 
102,Overwatch,9360,Negative,original,0,was at this fucking unit I’d need to lubricate his tight sockets
102,Overwatch,9360,Negative,swap,1,was at this fucking need I’d unit to lubricate his tight sockets
102,Overwatch,9360,Negative,swap,2,was at this unit fucking I’d need to lubricate his tight sockets
102,Overwatch,9360,Negative,insert,1,was at this fucking unit I’d need to lubricate astatine his tight sockets
102,Overwatch,9360,Negative,insert,2,was at this fucking unit I’penury d need to lubricate his tight sockets
102,Overwatch,9360,Negative,delete,1,was at this fucking unit I’ need to lubricate his tight sockets
102,Overwatch,9360,Negative,delete,2,was at this fucking unit I’d need to lubricate his sockets
103,PlayerUnknownsBattlegrounds(PUBG),10158,Negative,original,0,pubg with taehyung... i hate that game
103,PlayerUnknownsBattlegrounds(PUBG),10158,Negative,swap,1,pubg with taehyung... hate i that game
103,PlayerUnknownsBattlegrounds(PUBG),10158,Negative,swap,2,pubg with taehyung... i that hate game
103,PlayerUnknownsBattlegrounds(PUBG),10158,Negative,insert,1,pubg with taehyung... i hate that iodin game
103,PlayerUnknownsBattlegrounds(PUBG),10158,Negative,insert,2,pubg with taehyung... mettlesome i hate that game
103,PlayerUnknownsBattlegrounds(PUBG),10158,Negative,delete,1,pubg with taehyung... i that game
103,PlayerUnknownsBattlegrounds(PUBG),10158,Negative,delete,2,pubg with... i hate that game
104,TomClancysGhostRecon,10823,Positive,original,0,Couple of shots I took yesterday while playing with @TacStreamDE & @Semirijha & @AgtMorganCreed . Super fun as always :). .
104,TomClancysGhostRecon,10823,Positive,swap,1,Couple of shots AgtMorganCreed took yesterday while playing with @TacStreamDE & @Semirijha & @I . Super fun as always :). .
104,TomClancysGhostRecon,10823,Positive,swap,2,Couple of shots I took yesterday while playing with @AgtMorganCreed & @Semirijha & @TacStreamDE . Super fun as always :). .
104,TomClancysGhostRecon,10823,Positive,insert,1,Couple of exceedingly shots I took yesterday while playing with @TacStreamDE & @Semirijha & @AgtMorganCreed . Super fun as always :). .
104,TomClancysGhostRecon,10823,Positive,insert,2,Couple of shots I took yesterday while playing with @TacStreamDE & @Semirijha & @AgtMorganCreed . Super unity fun as always :). .
104,TomClancysGhostRecon,10823,Positive,delete,1,Couple of shots I took while playing with @ & @Semirijha & @AgtMorganCreed . Super fun as always :). .
104,TomClancysGhostRecon,10823,Positive,delete,2,Couple of shots I took yesterday while with @TacStreamDE & @Semirijha & @AgtMorganCreed . fun as always :). .
105,Amazon,183,Negative,original,0,Walmart Just Gave Its Workers Another Good Reward to Cancel Their Amazon Prime Membership dlvr.it/Rf21jg<unk>]
105,Amazon,183,Negative,swap,1,Walmart Just Gave Its Workers Another Good Reward to Cancel Their Amazon unk Membership dlvr.it/Rf21jg<Prime>]
105,Amazon,183,Negative,swap,2,Walmart Just Prime Its Workers Another Good Reward to Cancel Their Amazon Gave Membership dlvr.it/Rf21jg<unk>]
105,Amazon,183,Negative,insert,1,Walmart Just Gave Its Workers Another Good Reward to Cancel actor Their Amazon Prime Membership dlvr.it/Rf21jg<unk>]
105,Amazon,183,Negative,insert,2,Walmart Just flower Gave Its Workers Another Good Reward to Cancel Their Amazon Prime Membership dlvr.it/Rf21jg<unk>]
105,Amazon,183,Negative,delete,1,Walmart Gave Its Workers Another Good Reward to Cancel Their Amazon Prime Membership.it/Rf21jg<unk>]
105,Amazon,183,Negative,delete,2,Walmart Just Gave Its Workers Another Reward to Cancel Their Amazon Prime dlvr.it/Rf21jg<unk>]
