id,entity,label,raw_text,cleaned_text,tokens,n_tokens_raw,n_tokens_clean
6,Borderlands,Positive,"Thank you so much to members who came out to @borderlands_sf Monday to witness @megelison and I talking about queer families, skillsharing, and fighting fascism through caring for our communities! what you great night.",thank much member come monday witness talk queer family skillsharing fight fascism care community great night,"['thank', 'much', 'member', 'come', 'monday', 'witness', 'talk', 'queer', 'family', 'skillsharing', 'fight', 'fascism', 'care', 'community', 'great', 'night']",38,16
6,Borderlands,Positive,"Thank you so much to communities who came out to @borderlands_sf Monday to members @megelison you I talking about queer families, skillsharing, and fighting fascism through caring for our witness! what and great night.",thank much community come monday member talk queer family skillsharing fight fascism care witness great night,"['thank', 'much', 'community', 'come', 'monday', 'member', 'talk', 'queer', 'family', 'skillsharing', 'fight', 'fascism', 'care', 'witness', 'great', 'night']",38,16
6,Borderlands,Positive,"Thank you so out to members who came much to @and Monday to witness @megelison and I talking about queer families, skillsharing, borderlands_sf fighting fascism through caring for our night! what you great communities.",thank member come much monday witness talk queer family skillsharing borderland sf fight fascism care night great community,"['thank', 'member', 'come', 'much', 'monday', 'witness', 'talk', 'queer', 'family', 'skillsharing', 'borderland', 'sf', 'fight', 'fascism', 'care', 'night', 'great', 'community']",38,18
6,Borderlands,Positive,"Thank you so much to members who came out to @borderlands_sf Monday to member extremity witness @megelison and I talking about queer some families, skillsharing, and fighting fascism through caring for our communities! what you great night.",thank much member come monday member extremity witness talk queer family skillsharing fight fascism care community great night,"['thank', 'much', 'member', 'come', 'monday', 'member', 'extremity', 'witness', 'talk', 'queer', 'family', 'skillsharing', 'fight', 'fascism', 'care', 'community', 'great', 'night']",41,18
6,Borderlands,Positive,"Thank you so much to members who came out to @borderlands_sf Monday to witness @megelison and ace I talking about queer families, skillsharing, and fighting fascism through caring come for our communities! what member you great night.",thank much member come monday witness ace talk queer family skillsharing fight fascism care come community member great night,"['thank', 'much', 'member', 'come', 'monday', 'witness', 'ace', 'talk', 'queer', 'family', 'skillsharing', 'fight', 'fascism', 'care', 'come', 'community', 'member', 'great', 'night']",41,19
6,Borderlands,Positive,"Thank you so much to members who came out to @borderlands_sf to witness @ and I about queer, skillsharing, and fighting fascism through caring for communities! what you great night.",thank much member come witness queer skillsharing fight fascism care community great night,"['thank', 'much', 'member', 'come', 'witness', 'queer', 'skillsharing', 'fight', 'fascism', 'care', 'community', 'great', 'night']",34,13
6,Borderlands,Positive,"Thank you so much to who came out to @borderlands_sf Monday witness @megelison I talking about queer families, skillsharing, and fighting fascism through caring for our communities! what night.",thank much come monday witness talk queer family skillsharing fight fascism care community night,"['thank', 'much', 'come', 'monday', 'witness', 'talk', 'queer', 'family', 'skillsharing', 'fight', 'fascism', 'care', 'community', 'night']",33,14
7,Borderlands,Irrelevant#Neutral,Borderlands 3 - Jesse Krieg Music Meets Princess Maya ( performing Psycho Krieg solo and featuring the Fantastic Duo Fustercluck DLC ). youtube. com / channel watch? id v = o4JfCk ….,borderland jesse krieg music meet princess maya perform psycho krieg solo feature fantastic duo fustercluck dlc youtube com channel watch id jfck,"['borderland', 'jesse', 'krieg', 'music', 'meet', 'princess', 'maya', 'perform', 'psycho', 'krieg', 'solo', 'feature', 'fantastic', 'duo', 'fustercluck', 'dlc', 'youtube', 'com', 'channel', 'watch', 'id', 'jfck']",36,22
7,Borderlands,Irrelevant#Neutral,Borderlands 3 - Jesse Krieg and Meets Princess Maya ( performing Psycho Krieg solo Music featuring the Fantastic Duo youtube DLC ). Fustercluck. com / channel watch? id v = o4JfCk ….,borderland jesse krieg meet princess maya perform psycho krieg solo music feature fantastic duo youtube dlc fustercluck com channel watch id jfck,"['borderland', 'jesse', 'krieg', 'meet', 'princess', 'maya', 'perform', 'psycho', 'krieg', 'solo', 'music', 'feature', 'fantastic', 'duo', 'youtube', 'dlc', 'fustercluck', 'com', 'channel', 'watch', 'id', 'jfck']",36,22
7,Borderlands,Irrelevant#Neutral,watch 3 - Jesse Krieg Music Meets Princess Maya ( performing Psycho Fustercluck solo and featuring the Fantastic Duo Krieg DLC ). youtube. com / channel Borderlands? id v = o4JfCk ….,watch jesse krieg music meet princess maya perform psycho fustercluck solo feature fantastic duo krieg dlc youtube com channel borderlands id jfck,"['watch', 'jesse', 'krieg', 'music', 'meet', 'princess', 'maya', 'perform', 'psycho', 'fustercluck', 'solo', 'feature', 'fantastic', 'duo', 'krieg', 'dlc', 'youtube', 'com', 'channel', 'borderlands', 'id', 'jfck']",36,22
7,Borderlands,Irrelevant#Neutral,Borderlands 3 - Jesse Krieg Music Meets Princess Maya ( performing Psycho Krieg solo and featuring the Fantastic Duo trinity Fustercluck DLC ). youtube. unaccompanied com / channel watch? id v = o4JfCk ….,borderland jesse krieg music meet princess maya perform psycho krieg solo feature fantastic duo trinity fustercluck dlc youtube unaccompanied com channel watch id jfck,"['borderland', 'jesse', 'krieg', 'music', 'meet', 'princess', 'maya', 'perform', 'psycho', 'krieg', 'solo', 'feature', 'fantastic', 'duo', 'trinity', 'fustercluck', 'dlc', 'youtube', 'unaccompanied', 'com', 'channel', 'watch', 'id', 'jfck']",38,24
7,Borderlands,Irrelevant#Neutral,Phoebe Borderlands 3 - Jesse Krieg Music Meets Princess Maya ( performing Psycho Krieg solo and featuring the Fantastic Duo Fustercluck princess DLC ). youtube. com / channel watch? id v = o4JfCk ….,phoebe borderlands jesse krieg music meet princess maya perform psycho krieg solo feature fantastic duo fustercluck princess dlc youtube com channel watch id jfck,"['phoebe', 'borderlands', 'jesse', 'krieg', 'music', 'meet', 'princess', 'maya', 'perform', 'psycho', 'krieg', 'solo', 'feature', 'fantastic', 'duo', 'fustercluck', 'princess', 'dlc', 'youtube', 'com', 'channel', 'watch', 'id', 'jfck']",38,24
7,Borderlands,Irrelevant#Neutral,3 - Jesse Krieg Music Princess Maya ( performing Psycho Krieg solo and featuring the Fantastic Duo Fustercluck DLC ). youtube. com / watch? id v = o4JfCk ….,jesse krieg music princess maya perform psycho krieg solo feature fantastic duo fustercluck dlc youtube com watch id jfck,"['jesse', 'krieg', 'music', 'princess', 'maya', 'perform', 'psycho', 'krieg', 'solo', 'feature', 'fantastic', 'duo', 'fustercluck', 'dlc', 'youtube', 'com', 'watch', 'id', 'jfck']",33,19
7,Borderlands,Irrelevant#Neutral,Borderlands 3 - Jesse Music Princess Maya ( Psycho Krieg solo and featuring the Fantastic Duo Fustercluck DLC ). youtube. com / channel watch? id v = o4JfCk ….,borderland jesse music princess maya psycho krieg solo feature fantastic duo fustercluck dlc youtube com channel watch id jfck,"['borderland', 'jesse', 'music', 'princess', 'maya', 'psycho', 'krieg', 'solo', 'feature', 'fantastic', 'duo', 'fustercluck', 'dlc', 'youtube', 'com', 'channel', 'watch', 'id', 'jfck']",33,19
8,CallOfDutyBlackopsColdWar,Positive,I'll believe it when I see it but every way I'm excited,believe see but every way excite,"['believe', 'see', 'but', 'every', 'way', 'excite']",12,6
8,CallOfDutyBlackopsColdWar,Positive,I'll it it when I see believe but every way I'm excited,see believe but every way excite,"['see', 'believe', 'but', 'every', 'way', 'excite']",12,6
8,CallOfDutyBlackopsColdWar,Positive,excited believe it when I see it but every way I'm I'll,excited believe see but every way,"['excited', 'believe', 'see', 'but', 'every', 'way']",12,6
8,CallOfDutyBlackopsColdWar,Positive,I'll just believe it when I see it but every way I'm excited,believe see but every way excite,"['believe', 'see', 'but', 'every', 'way', 'excite']",13,6
8,CallOfDutyBlackopsColdWar,Positive,I'll shake believe it when I see it but every way I'm excited,shake believe see but every way excite,"['shake', 'believe', 'see', 'but', 'every', 'way', 'excite']",13,7
8,CallOfDutyBlackopsColdWar,Positive,I'll believe it when I it but every way I'm excited,believe but every way excite,"['believe', 'but', 'every', 'way', 'excite']",11,5
8,CallOfDutyBlackopsColdWar,Positive,I'll believe it when I see it but every way I'm ,believe see but every way,"['believe', 'see', 'but', 'every', 'way']",11,5
9,Nvidia,Irrelevant,"Attacked again IBM, AMD releases RX 6000 dual accelerator cards: lower reviews tnewspro.com/2020/10/29/att...",attack ibm amd release rx dual accelerator card low review,"['attack', 'ibm', 'amd', 'release', 'rx', 'dual', 'accelerator', 'card', 'low', 'review']",16,10
9,Nvidia,Irrelevant,"Attacked again IBM, AMD 2020 RX 6000 dual accelerator cards: lower reviews tnewspro.com/releases/10/29/att...",attack ibm amd rx dual accelerator card low review,"['attack', 'ibm', 'amd', 'rx', 'dual', 'accelerator', 'card', 'low', 'review']",16,9
9,Nvidia,Irrelevant,"Attacked again IBM, reviews releases RX 6000 dual accelerator cards: lower AMD tnewspro.com/2020/10/29/att...",attack ibm review release rx dual accelerator card low amd,"['attack', 'ibm', 'review', 'release', 'rx', 'dual', 'accelerator', 'card', 'low', 'amd']",16,10
9,Nvidia,Irrelevant,"Attacked again IBM, AMD critique releases RX 6000 dual accelerator cards: lower reviews tnewspro.com/2020/10/29/att...",attack ibm amd critique release rx dual accelerator card low review,"['attack', 'ibm', 'amd', 'critique', 'release', 'rx', 'dual', 'accelerator', 'card', 'low', 'review']",17,11
9,Nvidia,Irrelevant,"Attacked again IBM, AMD releases RX 6000 dual accelerator XXIX cards: lower reviews tnewspro.com/2020/10/29/att...",attack ibm amd release rx dual accelerator xxix card low review,"['attack', 'ibm', 'amd', 'release', 'rx', 'dual', 'accelerator', 'xxix', 'card', 'low', 'review']",17,11
9,Nvidia,Irrelevant,"Attacked again IBM, AMD RX 6000 dual accelerator: lower reviews tnewspro.com/2020/10/29/att...",attack ibm amd rx dual accelerator lower review,"['attack', 'ibm', 'amd', 'rx', 'dual', 'accelerator', 'lower', 'review']",14,8
9,Nvidia,Irrelevant,"Attacked again IBM, releases RX 6000 accelerator cards: lower reviews tnewspro.com/2020/10/29/att...",attack ibm release rx accelerator card low review,"['attack', 'ibm', 'release', 'rx', 'accelerator', 'card', 'low', 'review']",14,8
10,Verizon,Positive,"Thanks to Verizon, you're too expensive not to work",thanks verizon too expensive not work,"['thanks', 'verizon', 'too', 'expensive', 'not', 'work']",10,6
10,Verizon,Positive,"Thanks to Verizon, you're too work not to expensive",thanks verizon too work not expensive,"['thanks', 'verizon', 'too', 'work', 'not', 'expensive']",10,6
10,Verizon,Positive,"Thanks work Verizon, you're too expensive not to to",thanks work verizon too expensive not,"['thanks', 'work', 'verizon', 'too', 'expensive', 'not']",10,6
10,Verizon,Positive,"Thanks to also Verizon, you're too expensive not to work",thanks also verizon too expensive not work,"['thanks', 'also', 'verizon', 'too', 'expensive', 'not', 'work']",11,7
10,Verizon,Positive,"Thanks to excessively Verizon, you're too expensive not to work",thanks excessively verizon too expensive not work,"['thanks', 'excessively', 'verizon', 'too', 'expensive', 'not', 'work']",11,7
10,Verizon,Positive,"Thanks Verizon, you're too expensive not to work",thanks verizon too expensive not work,"['thanks', 'verizon', 'too', 'expensive', 'not', 'work']",9,6
10,Verizon,Positive,"Thanks to Verizon, you're too not to work",thanks verizon too not work,"['thanks', 'verizon', 'too', 'not', 'work']",9,5
11,WorldOfCraft,Positive,"Things that help with how all-caps anxious I feel right now: World of Warcraft. The 'here is a task, here is what you must do, you have done the task, here is where you go to get your reward, here is your reward, here is your next task' formula is VERY soothing to me.",thing help cap anxious feel right world warcraft task must do task go get reward reward next task formula very soothe,"['thing', 'help', 'cap', 'anxious', 'feel', 'right', 'world', 'warcraft', 'task', 'must', 'do', 'task', 'go', 'get', 'reward', 'reward', 'next', 'task', 'formula', 'very', 'soothe']",64,21
11,WorldOfCraft,Positive,"Things that help here done all-caps anxious I feel right here: World of Warcraft. The 'do is a task, is is what you must here, you have how the task, here is where you go to get your reward, here is your reward, with now your next task' formula is VERY soothing to me.",thing help do cap anxious feel right world warcraft task must task go get reward reward next task formula very soothe,"['thing', 'help', 'do', 'cap', 'anxious', 'feel', 'right', 'world', 'warcraft', 'task', 'must', 'task', 'go', 'get', 'reward', 'reward', 'next', 'task', 'formula', 'very', 'soothe']",64,21
11,WorldOfCraft,Positive,"Things that help with how all-caps anxious to is right now: to of Warcraft. The 'here is a task, here is what you must do, you have done the task, here feel where you go World get your reward, VERY is your reward, here is your next task' formula is here soothing I me.",thing help cap anxious right warcraft task must do task feel go world get reward very reward next task formula soothe,"['thing', 'help', 'cap', 'anxious', 'right', 'warcraft', 'task', 'must', 'do', 'task', 'feel', 'go', 'world', 'get', 'reward', 'very', 'reward', 'next', 'task', 'formula', 'soothe']",64,21
11,WorldOfCraft,Positive,"Things that help with how all-caps adenine serve anxious I feel right now: World of Warcraft. The 'here is a task, here is what you dress must do, you have done the task, here is where you flavor go to get your reward, here is your reward, here is your next task' formula is dying VERY soothing to me.",thing help cap adenine serve anxious feel right world warcraft task dress must do task flavor go get reward reward next task formula die very soothe,"['thing', 'help', 'cap', 'adenine', 'serve', 'anxious', 'feel', 'right', 'world', 'warcraft', 'task', 'dress', 'must', 'do', 'task', 'flavor', 'go', 'get', 'reward', 'reward', 'next', 'task', 'formula', 'die', 'very', 'soothe']",69,26
11,WorldOfCraft,Positive,"Things that help with how all-caps anxious I feel right now: World of Warcraft. The 'here is a task, here is what you must nervous do, straightaway you have done the task, here is where you go honor to get your reward, here is your reward, here is your next task' personify formula is VERY soothing to me.",thing help cap anxious feel right world warcraft task must nervous straightaway do task go honor get reward reward next task personify formula very soothe,"['thing', 'help', 'cap', 'anxious', 'feel', 'right', 'world', 'warcraft', 'task', 'must', 'nervous', 'straightaway', 'do', 'task', 'go', 'honor', 'get', 'reward', 'reward', 'next', 'task', 'personify', 'formula', 'very', 'soothe']",68,25
11,WorldOfCraft,Positive,"Things that help with how all-caps anxious I feel right: of Warcraft. The 'here is a task, here what you must do, you have done the task, here is where to get reward, here is your, here is next task' formula is VERY soothing to me.",thing help cap anxious feel right warcraft task must do task get reward next task formula very soothe,"['thing', 'help', 'cap', 'anxious', 'feel', 'right', 'warcraft', 'task', 'must', 'do', 'task', 'get', 'reward', 'next', 'task', 'formula', 'very', 'soothe']",56,18
11,WorldOfCraft,Positive,"Things that help with how all-caps anxious I right now: World Warcraft. The 'here is a task, here is what you must do, have done the, here is where you go get, here is your reward, here is your next formula is VERY soothing to me.",thing help cap anxious right world warcraft task must do go get reward next formula very soothe,"['thing', 'help', 'cap', 'anxious', 'right', 'world', 'warcraft', 'task', 'must', 'do', 'go', 'get', 'reward', 'next', 'formula', 'very', 'soothe']",55,17
12,Hearthstone,Neutral#Positive,His Biggest Gold Grubber yet and best game with Reno Jackson for using his new updated zero cost Gold hero saving power,big gold grubber yet best game reno jackson use new update zero cost gold hero save power,"['big', 'gold', 'grubber', 'yet', 'best', 'game', 'reno', 'jackson', 'use', 'new', 'update', 'zero', 'cost', 'gold', 'hero', 'save', 'power']",22,17
12,Hearthstone,Neutral#Positive,Biggest His for Grubber yet and best game with Reno Jackson Gold using his new updated zero cost Gold hero saving power,big grubber yet best game reno jackson gold use new update zero cost gold hero save power,"['big', 'grubber', 'yet', 'best', 'game', 'reno', 'jackson', 'gold', 'use', 'new', 'update', 'zero', 'cost', 'gold', 'hero', 'save', 'power']",22,17
12,Hearthstone,Neutral#Positive,His Biggest Gold Grubber yet power best game Reno with Jackson for using his new updated zero cost Gold hero saving and,big gold grubber yet power best game reno jackson use new update zero cost gold hero save,"['big', 'gold', 'grubber', 'yet', 'power', 'best', 'game', 'reno', 'jackson', 'use', 'new', 'update', 'zero', 'cost', 'gold', 'hero', 'save']",22,17
12,Hearthstone,Neutral#Positive,His Biggest Gold Grubber yet and wedge best game with Reno Jackson update for using his new updated zero cost Gold hero saving power,big gold grubber yet wedge best game reno jackson update use new update zero cost gold hero save power,"['big', 'gold', 'grubber', 'yet', 'wedge', 'best', 'game', 'reno', 'jackson', 'update', 'use', 'new', 'update', 'zero', 'cost', 'gold', 'hero', 'save', 'power']",24,19
12,Hearthstone,Neutral#Positive,His nonetheless Biggest Gold Grubber yet and best game with Reno Jackson for using his submarine new updated zero cost Gold hero saving power,nonetheless big gold grubber yet best game reno jackson use submarine new update zero cost gold hero save power,"['nonetheless', 'big', 'gold', 'grubber', 'yet', 'best', 'game', 'reno', 'jackson', 'use', 'submarine', 'new', 'update', 'zero', 'cost', 'gold', 'hero', 'save', 'power']",24,19
12,Hearthstone,Neutral#Positive,His Biggest Gold Grubber yet and best with Jackson for using his updated zero cost Gold hero saving power,big gold grubber yet best jackson use updated zero cost gold hero save power,"['big', 'gold', 'grubber', 'yet', 'best', 'jackson', 'use', 'updated', 'zero', 'cost', 'gold', 'hero', 'save', 'power']",19,14
12,Hearthstone,Neutral#Positive,His Biggest Grubber yet and best game with Reno Jackson for using his new updated zero cost hero saving ,big grubber yet best game reno jackson use new update zero cost hero save,"['big', 'grubber', 'yet', 'best', 'game', 'reno', 'jackson', 'use', 'new', 'update', 'zero', 'cost', 'hero', 'save']",19,14
13,WorldOfCraft,Positive,The latest WarCraft Press Daily! paper.li/WarCraftPress/… Thanks to @Shadesogrey,late warcraft press daily paper li warcraftpress thanks,"['late', 'warcraft', 'press', 'daily', 'paper', 'li', 'warcraftpress', 'thanks']",10,8
13,WorldOfCraft,Positive,The Daily WarCraft Press latest! paper.li/WarCraftPress/… Thanks to @Shadesogrey,daily warcraft press late paper li warcraftpress thanks,"['daily', 'warcraft', 'press', 'late', 'paper', 'li', 'warcraftpress', 'thanks']",10,8
13,WorldOfCraft,Positive,WarCraft latest The Press Daily! paper.li/WarCraftPress/… Thanks to @Shadesogrey,warcraft late press daily paper li warcraftpress thanks,"['warcraft', 'late', 'press', 'daily', 'paper', 'li', 'warcraftpress', 'thanks']",10,8
13,WorldOfCraft,Positive,The latest WarCraft Press Daily! paper.li/tardy WarCraftPress/… Thanks to @Shadesogrey,late warcraft press daily paper li tardy warcraftpress thanks,"['late', 'warcraft', 'press', 'daily', 'paper', 'li', 'tardy', 'warcraftpress', 'thanks']",13,9
13,WorldOfCraft,Positive,daily The latest WarCraft Press Daily! paper.li/WarCraftPress/… Thanks to @Shadesogrey,daily late warcraft press daily paper li warcraftpress thanks,"['daily', 'late', 'warcraft', 'press', 'daily', 'paper', 'li', 'warcraftpress', 'thanks']",11,9
13,WorldOfCraft,Positive,The latest WarCraft Press Daily!.li/WarCraftPress/… Thanks to @Shadesogrey,late warcraft press daily li warcraftpress thanks,"['late', 'warcraft', 'press', 'daily', 'li', 'warcraftpress', 'thanks']",15,7
13,WorldOfCraft,Positive,The latest WarCraft Press! paper.li/WarCraftPress/… Thanks to @Shadesogrey,late warcraft press paper li warcraftpress thanks,"['late', 'warcraft', 'press', 'paper', 'li', 'warcraftpress', 'thanks']",9,7
14,Overwatch,Negative,i immediately play overwatch again (bad),immediately play overwatch bad,"['immediately', 'play', 'overwatch', 'bad']",8,4
14,Overwatch,Negative,i immediately overwatch play again (bad),immediately overwatch play bad,"['immediately', 'overwatch', 'play', 'bad']",8,4
14,Overwatch,Negative,immediately i play overwatch again (bad),immediately play overwatch bad,"['immediately', 'play', 'overwatch', 'bad']",8,4
14,Overwatch,Negative,badness i immediately play overwatch again (bad),badness immediately play overwatch bad,"['badness', 'immediately', 'play', 'overwatch', 'bad']",9,5
14,Overwatch,Negative,i immediately play overwatch again (encounter bad),immediately play overwatch encounter bad,"['immediately', 'play', 'overwatch', 'encounter', 'bad']",9,5
14,Overwatch,Negative,i immediately overwatch again (bad),immediately overwatch bad,"['immediately', 'overwatch', 'bad']",7,3
14,Overwatch,Negative,immediately play overwatch again (bad),immediately play overwatch bad,"['immediately', 'play', 'overwatch', 'bad']",7,4
15,PlayStation5(PS5),Negative,Huge water leak. I wonder how Sony will react now to this?,huge water leak wonder sony react,"['huge', 'water', 'leak', 'wonder', 'sony', 'react']",14,6
15,PlayStation5(PS5),Negative,Huge water leak. I will how Sony wonder react now to this?,huge water leak sony wonder react,"['huge', 'water', 'leak', 'sony', 'wonder', 'react']",14,6
15,PlayStation5(PS5),Negative,Huge water leak. I wonder how Sony will react this to now?,huge water leak wonder sony react,"['huge', 'water', 'leak', 'wonder', 'sony', 'react']",14,6
15,PlayStation5(PS5),Negative,Huge water leak. I wonder how Sony will react now to escape this?,huge water leak wonder sony react escape,"['huge', 'water', 'leak', 'wonder', 'sony', 'react', 'escape']",15,7
15,PlayStation5(PS5),Negative,Huge water leakage leak. I wonder how Sony will react now to this?,huge water leakage leak wonder sony react,"['huge', 'water', 'leakage', 'leak', 'wonder', 'sony', 'react']",15,7
15,PlayStation5(PS5),Negative,Huge water leak. I wonder how Sony react now to this?,huge water leak wonder sony react,"['huge', 'water', 'leak', 'wonder', 'sony', 'react']",13,6
15,PlayStation5(PS5),Negative,Huge water leak. wonder how Sony will react now to this?,huge water leak wonder sony react,"['huge', 'water', 'leak', 'wonder', 'sony', 'react']",13,6
16,Overwatch,Negative,"Nerd Tweet: I'm really disappointed by @ PlayOverwatch, one of my favorite games I've played since day one. I feel that all they care about is sport. We finally have a new hero, cool, but another dps. 2 / 2 / 2 I can somehow come back. But let's switch open...",nerd tweet really disappointed one favorite game play since day one feel care sport finally new hero cool but another dp somehow come back but let switch open,"['nerd', 'tweet', 'really', 'disappointed', 'one', 'favorite', 'game', 'play', 'since', 'day', 'one', 'feel', 'care', 'sport', 'finally', 'new', 'hero', 'cool', 'but', 'another', 'dp', 'somehow', 'come', 'back', 'but', 'let', 'switch', 'open']",60,28
16,Overwatch,Negative,"Nerd Tweet: I'm really disappointed by @ PlayOverwatch, let's of my favorite games I've played open day one. dps feel that all they 2 about is sport. We finally have a new hero, cool, but another I. care / 2 / 2 I can somehow come back. But one switch since...",nerd tweet really disappointed let favorite game played open day one dp feel sport finally new hero cool but another care somehow come back but one switch since,"['nerd', 'tweet', 'really', 'disappointed', 'let', 'favorite', 'game', 'played', 'open', 'day', 'one', 'dp', 'feel', 'sport', 'finally', 'new', 'hero', 'cool', 'but', 'another', 'care', 'somehow', 'come', 'back', 'but', 'one', 'switch', 'since']",60,28
16,Overwatch,Negative,"Nerd Tweet: I'm really disappointed by @ PlayOverwatch, one of back games favorite 2 played since day one. I feel that all they care about is sport. We finally have a new hero, cool, but another 2. dps / 2 / I've I can somehow come my. But let's switch open...",nerd tweet really disappointed one back game favorite play since day one feel care sport finally new hero cool but another dp somehow come but let switch open,"['nerd', 'tweet', 'really', 'disappointed', 'one', 'back', 'game', 'favorite', 'play', 'since', 'day', 'one', 'feel', 'care', 'sport', 'finally', 'new', 'hero', 'cool', 'but', 'another', 'dp', 'somehow', 'come', 'but', 'let', 'switch', 'open']",60,28
16,Overwatch,Negative,"Nerd Tweet: I'm really disappointed by @ darling PlayOverwatch, one of my favorite games I've played since day one. I feel that all they care about is sport. We finally have a receive new hero, cool, but another dps. nerd 2 / 2 / 2 I foiled can somehow come back. But let's switch open...",nerd tweet really disappointed playoverwatch one favorite game play since day one feel care sport finally receive new hero cool but another dp nerd foil somehow come back but let switch open,"['nerd', 'tweet', 'really', 'disappointed', 'playoverwatch', 'one', 'favorite', 'game', 'play', 'since', 'day', 'one', 'feel', 'care', 'sport', 'finally', 'receive', 'new', 'hero', 'cool', 'but', 'another', 'dp', 'nerd', 'foil', 'somehow', 'come', 'back', 'but', 'let', 'switch', 'open']",64,32
16,Overwatch,Negative,"Nerd exchange Tweet: someway I'm really disappointed by @ PlayOverwatch, one of my favorite games two I've played since day one. I feel that all they care about is sport. We finally unfold have a new hero, cool, but another dps. 2 / 2 / 2 I can somehow come back. But let's switch open...",nerd exchange tweet someway really disappointed one favorite game two play since day one feel care sport finally unfold new hero cool but another dp somehow come back but let switch open,"['nerd', 'exchange', 'tweet', 'someway', 'really', 'disappointed', 'one', 'favorite', 'game', 'two', 'play', 'since', 'day', 'one', 'feel', 'care', 'sport', 'finally', 'unfold', 'new', 'hero', 'cool', 'but', 'another', 'dp', 'somehow', 'come', 'back', 'but', 'let', 'switch', 'open']",64,32
16,Overwatch,Negative,"Nerd Tweet: really by @, one of my favorite games I've played since day one. I feel that all they care about is. We finally have a new hero, cool, but another dps. / 2 / I can somehow come back. But let's switch...",nerd tweet really one favorite game play since day one feel care finally new hero cool but another dp somehow come back but let switch,"['nerd', 'tweet', 'really', 'one', 'favorite', 'game', 'play', 'since', 'day', 'one', 'feel', 'care', 'finally', 'new', 'hero', 'cool', 'but', 'another', 'dp', 'somehow', 'come', 'back', 'but', 'let', 'switch']",53,25
16,Overwatch,Negative,"Tweet: I'm really disappointed by @ PlayOverwatch, of my favorite games I've played since day one. I feel that all they care about sport. We finally have a new hero, cool, but another dps. / 2 / 2 I can somehow come. let's open...",tweet really disappointed favorite game play since day one feel care sport finally new hero cool but another dp somehow come let open,"['tweet', 'really', 'disappointed', 'favorite', 'game', 'play', 'since', 'day', 'one', 'feel', 'care', 'sport', 'finally', 'new', 'hero', 'cool', 'but', 'another', 'dp', 'somehow', 'come', 'let', 'open']",53,23
17,PlayStation5(PS5),Neutral,Will<unk> be screaming “ hello it’s Jon champion with co co commentator Jim “ as what dey fuck?,unk scream hello jon champion co co commentator jim dey fuck,"['unk', 'scream', 'hello', 'jon', 'champion', 'co', 'co', 'commentator', 'jim', 'dey', 'fuck']",22,11
17,PlayStation5(PS5),Neutral,hello<unk> be screaming “ Will it’s Jon champion with co co commentator Jim “ as what dey fuck?,hello unk scream jon champion co co commentator jim dey fuck,"['hello', 'unk', 'scream', 'jon', 'champion', 'co', 'co', 'commentator', 'jim', 'dey', 'fuck']",22,11
17,PlayStation5(PS5),Neutral,screaming<unk> be Will “ hello it’s Jon champion with co co commentator Jim “ as what dey fuck?,scream unk hello jon champion co co commentator jim dey fuck,"['scream', 'unk', 'hello', 'jon', 'champion', 'co', 'co', 'commentator', 'jim', 'dey', 'fuck']",22,11
17,PlayStation5(PS5),Neutral,Will<unk> be screaming “ hello it’s Jon champion with co co commentator Jim “ Colorado as what dey fuck?,unk scream hello jon champion co co commentator jim colorado dey fuck,"['unk', 'scream', 'hello', 'jon', 'champion', 'co', 'co', 'commentator', 'jim', 'colorado', 'dey', 'fuck']",23,12
17,PlayStation5(PS5),Neutral,Will<unk> be screaming “ hello it’s Jon champion with co co commentator Jim “ hi as what dey fuck?,unk scream hello jon champion co co commentator jim hi dey fuck,"['unk', 'scream', 'hello', 'jon', 'champion', 'co', 'co', 'commentator', 'jim', 'hi', 'dey', 'fuck']",23,12
17,PlayStation5(PS5),Neutral,Will<unk> be screaming “ hello’ Jon champion with co co commentator Jim “ as what dey fuck?,unk scream hello jon champion co co commentator jim dey fuck,"['unk', 'scream', 'hello', 'jon', 'champion', 'co', 'co', 'commentator', 'jim', 'dey', 'fuck']",20,11
17,PlayStation5(PS5),Neutral,Will<unk> be screaming “ it’s Jon champion with co co commentator Jim “ as what fuck?,unk scream jon champion co co commentator jim fuck,"['unk', 'scream', 'jon', 'champion', 'co', 'co', 'commentator', 'jim', 'fuck']",20,9
18,Borderlands,Positive,4 favorite games of all time. (thanks @317Slayer and @Drunk_Cookies!). . 1. Halo 2/3 can't pick. 2. Rocket League. 3. Kingdom Hearts 2. 4. Super Mario Bros All Stars (this was probably the first game I ever played). . @Demintele_Sway @DiscoSpider93 @Void_BWungus @LSTesports let’s see em!,favorite game time thanks halo cannot pick rocket league kingdom heart super mario bros star probably first game ever play let see,"['favorite', 'game', 'time', 'thanks', 'halo', 'cannot', 'pick', 'rocket', 'league', 'kingdom', 'heart', 'super', 'mario', 'bros', 'star', 'probably', 'first', 'game', 'ever', 'play', 'let', 'see']",62,22
18,Borderlands,Positive,317Slayer favorite games of all time. (thanks @4 and @League!). . 1. Halo 2/3 Drunk_Cookies pick. 2. Rocket can't. 3. Kingdom Hearts 2. 4. Super Mario Bros All Stars (this was probably Demintele_Sway first game I ever played). . @the @DiscoSpider93 @Void_BWungus @LSTesports let’s see em!,slayer favorite game time thanks halo drunk cooky pick rocket cannot kingdom heart super mario bros star probably demintele sway first game ever play let see,"['slayer', 'favorite', 'game', 'time', 'thanks', 'halo', 'drunk', 'cooky', 'pick', 'rocket', 'cannot', 'kingdom', 'heart', 'super', 'mario', 'bros', 'star', 'probably', 'demintele', 'sway', 'first', 'game', 'ever', 'play', 'let', 'see']",62,26
18,Borderlands,Positive,4 favorite games of all time. (Demintele_Sway @317Slayer and @Drunk_Cookies!). . League. Halo 2/3 can't pick. 2. Rocket 1. 3. Kingdom Hearts 2. 4. was Mario Bros All Stars (this Super probably the first game I ever played). . @thanks @DiscoSpider93 @Void_BWungus @LSTesports let’s see em!,favorite game time demintele sway league halo cannot pick rocket kingdom heart mario bros star super probably first game ever play let see,"['favorite', 'game', 'time', 'demintele', 'sway', 'league', 'halo', 'cannot', 'pick', 'rocket', 'kingdom', 'heart', 'mario', 'bros', 'star', 'super', 'probably', 'first', 'game', 'ever', 'play', 'let', 'see']",62,23
18,Borderlands,Positive,4 favorite games of all time. (thanks @317Slayer and @Drunk_Cookies!). . 1. Halo 2/3 can't pick. 2. sentence Rocket examine League. 3. Kingdom Hearts 2. 4. Super Mario Bros All Stars (this maven was probably the first game I ever played). . @Demintele_Sway @DiscoSpider93 @Void_BWungus @LSTesports let’s see em!,favorite game time thanks halo cannot pick sentence rocket examine league kingdom heart super mario bros star maven probably first game ever play let see,"['favorite', 'game', 'time', 'thanks', 'halo', 'cannot', 'pick', 'sentence', 'rocket', 'examine', 'league', 'kingdom', 'heart', 'super', 'mario', 'bros', 'star', 'maven', 'probably', 'first', 'game', 'ever', 'play', 'let', 'see']",65,25
18,Borderlands,Positive,thank 4 favorite games of all time. (thanks @317Slayer and @Drunk_Cookies!). . 1. Halo 2/altogether 3 can't pick. 2. Rocket League. 3. Kingdom Hearts 2. 4. Super Mario Bros All Stars (this was probably the first game I ever played). . @Demintele_Sway @DiscoSpider93 @arugula Void_BWungus @LSTesports let’s see em!,thank favorite game time thanks halo altogether cannot pick rocket league kingdom heart super mario bros star probably first game ever play void bwungus let see,"['thank', 'favorite', 'game', 'time', 'thanks', 'halo', 'altogether', 'cannot', 'pick', 'rocket', 'league', 'kingdom', 'heart', 'super', 'mario', 'bros', 'star', 'probably', 'first', 'game', 'ever', 'play', 'void', 'bwungus', 'let', 'see']",67,26
18,Borderlands,Positive,4 favorite games of all time. ( @317Slayer and @!). . 1. Halo 2/3 can't pick. 2. Rocket League. 3. Kingdom Hearts 2. 4. Super Mario Bros All Stars (this was probably first game I played). . @ @ @Void_BWungus @LSTesports let’s see em!,favorite game time halo cannot pick rocket league kingdom heart super mario bros star probably first game play let see,"['favorite', 'game', 'time', 'halo', 'cannot', 'pick', 'rocket', 'league', 'kingdom', 'heart', 'super', 'mario', 'bros', 'star', 'probably', 'first', 'game', 'play', 'let', 'see']",59,20
18,Borderlands,Positive,4 games of all time. (thanks @317Slayer and @Drunk_Cookies!). . 1. Halo 2/ pick. 2. Rocket League. 3. Hearts. 4. Super Mario Bros All Stars (this was probably the first game I ever played). . @Demintele_Sway @DiscoSpider93 @ @LSTesports let’s see em!,game time thanks halo pick rocket league heart super mario bros star probably first game ever play let see,"['game', 'time', 'thanks', 'halo', 'pick', 'rocket', 'league', 'heart', 'super', 'mario', 'bros', 'star', 'probably', 'first', 'game', 'ever', 'play', 'let', 'see']",59,19
19,NBA2K,Negative,I like you how some @NBA2K_2KTV act like nothing wrong with that @NBA2K just keep selling this wack info.,like act like nothing wrong keep sell wack info,"['like', 'act', 'like', 'nothing', 'wrong', 'keep', 'sell', 'wack', 'info']",20,9
19,NBA2K,Negative,I like you how some @NBA2K_2KTV act like nothing wrong with that @NBA2K just keep info this wack selling.,like act like nothing wrong keep info wack selling,"['like', 'act', 'like', 'nothing', 'wrong', 'keep', 'info', 'wack', 'selling']",20,9
19,NBA2K,Negative,I wack you how some @NBA2K_2KTV act like nothing wrong with that @NBA2K just keep selling this like info.,wack act like nothing wrong keep sell like info,"['wack', 'act', 'like', 'nothing', 'wrong', 'keep', 'sell', 'like', 'info']",20,9
19,NBA2K,Negative,I iodin like you how some @NBA2K_2KTV act like nothing wrong with that @NBA2K just keep selling this wack info.,iodin like act like nothing wrong keep sell wack info,"['iodin', 'like', 'act', 'like', 'nothing', 'wrong', 'keep', 'sell', 'wack', 'info']",21,10
19,NBA2K,Negative,I like you how some @NBA2K_2KTV act like nothing wrong with about that @NBA2K just keep selling this wack info.,like act like nothing wrong keep sell wack info,"['like', 'act', 'like', 'nothing', 'wrong', 'keep', 'sell', 'wack', 'info']",21,9
19,NBA2K,Negative,I like how some @NBA2K_2KTV act like nothing wrong with that @NBA2K keep selling this wack info.,like act like nothing wrong keep sell wack info,"['like', 'act', 'like', 'nothing', 'wrong', 'keep', 'sell', 'wack', 'info']",18,9
19,NBA2K,Negative,like you how some @NBA2K_2KTV act like nothing wrong with that @NBA2K just selling this wack info.,like act like nothing wrong selling wack info,"['like', 'act', 'like', 'nothing', 'wrong', 'selling', 'wack', 'info']",18,8
20,RedDeadRedemption(RDR),Negative,One of the strangest things Red Dead Redement 2 has taught me (offline and online) is that there were banks and garbage cans everywhere in the old West.,one strange thing red dead redement teach offline online bank garbage can everywhere old west,"['one', 'strange', 'thing', 'red', 'dead', 'redement', 'teach', 'offline', 'online', 'bank', 'garbage', 'can', 'everywhere', 'old', 'west']",31,15
20,RedDeadRedemption(RDR),Negative,One of the me things and Dead Redement 2 has taught strangest (offline Red online) is that there were banks and garbage cans everywhere in the old West.,one thing dead redement taught strange offline red online bank garbage can everywhere old west,"['one', 'thing', 'dead', 'redement', 'taught', 'strange', 'offline', 'red', 'online', 'bank', 'garbage', 'can', 'everywhere', 'old', 'west']",31,15
20,RedDeadRedemption(RDR),Negative,One of the strangest things Red Dead taught 2 has offline me (Redement and online) is that garbage were banks and there cans everywhere in the old West.,one strange thing red dead taught offline redement online garbage bank can everywhere old west,"['one', 'strange', 'thing', 'red', 'dead', 'taught', 'offline', 'redement', 'online', 'garbage', 'bank', 'can', 'everywhere', 'old', 'west']",31,15
20,RedDeadRedemption(RDR),Negative,One feature of the strangest things Red Dead Redement 2 has thither taught me (offline and online) is that there were banks and garbage cans everywhere in the old West.,one feature strange thing red dead redement thither taught offline online bank garbage can everywhere old west,"['one', 'feature', 'strange', 'thing', 'red', 'dead', 'redement', 'thither', 'taught', 'offline', 'online', 'bank', 'garbage', 'can', 'everywhere', 'old', 'west']",33,17
20,RedDeadRedemption(RDR),Negative,One of the strangest things Occident Red Dead Redement 2 has taught me (offline and westward online) is that there were banks and garbage cans everywhere in the old West.,one strange thing occident red dead redement teach offline westward online bank garbage can everywhere old west,"['one', 'strange', 'thing', 'occident', 'red', 'dead', 'redement', 'teach', 'offline', 'westward', 'online', 'bank', 'garbage', 'can', 'everywhere', 'old', 'west']",33,17
20,RedDeadRedemption(RDR),Negative,One of the strangest things Red Redement 2 has taught me (offline and online) is that were banks and cans everywhere in the West.,one strange thing red redement teach offline online bank can everywhere west,"['one', 'strange', 'thing', 'red', 'redement', 'teach', 'offline', 'online', 'bank', 'can', 'everywhere', 'west']",27,12
20,RedDeadRedemption(RDR),Negative,of the strangest things Red Dead 2 has taught me (offline and online) is that there were banks and cans everywhere in old West.,strange thing red dead taught offline online bank can everywhere old west,"['strange', 'thing', 'red', 'dead', 'taught', 'offline', 'online', 'bank', 'can', 'everywhere', 'old', 'west']",27,12
21,Microsoft,Negative,RT vikatan:'Walking in India is the worst! 2-Microsoft to,rt vikatan walk india bad microsoft,"['rt', 'vikatan', 'walk', 'india', 'bad', 'microsoft']",15,6
21,Microsoft,Negative,RT vikatan:'Walking in India to the worst! 2-Microsoft is,rt vikatan walk india bad microsoft,"['rt', 'vikatan', 'walk', 'india', 'bad', 'microsoft']",15,6
21,Microsoft,Negative,Walking vikatan:'RT in India is the worst! 2-Microsoft to,walk vikatan rt india bad microsoft,"['walk', 'vikatan', 'rt', 'india', 'bad', 'microsoft']",15,6
21,Microsoft,Negative,RT vikatan:'Walking exist in India is the worst! 2-Microsoft to,rt vikatan walk exist india bad microsoft,"['rt', 'vikatan', 'walk', 'exist', 'india', 'bad', 'microsoft']",16,7
21,Microsoft,Negative,RT vikatan:'Walking in inch India is the worst! 2-Microsoft to,rt vikatan walk inch india bad microsoft,"['rt', 'vikatan', 'walk', 'inch', 'india', 'bad', 'microsoft']",16,7
21,Microsoft,Negative,RT vikatan:'Walking in India is the worst! to,rt vikatan walk india bad,"['rt', 'vikatan', 'walk', 'india', 'bad']",12,5
21,Microsoft,Negative,RT vikatan:'Walking in India the worst! 2-Microsoft to,rt vikatan walk india bad microsoft,"['rt', 'vikatan', 'walk', 'india', 'bad', 'microsoft']",14,6
22,RedDeadRedemption(RDR),Irrelevant,Red Dead Redemption. . store.playstation.com/,red dead redemption,"['red', 'dead', 'redemption']",5,3
22,RedDeadRedemption(RDR),Irrelevant,Red Dead Redemption. . store.com.playstation/,red dead redemption playstation,"['red', 'dead', 'redemption', 'playstation']",5,4
22,RedDeadRedemption(RDR),Irrelevant,Redemption Dead Red. . store.playstation.com/,redemption dead red,"['redemption', 'dead', 'red']",5,3
22,RedDeadRedemption(RDR),Irrelevant,Red Dead repurchase Redemption. . store.playstation.com/,red dead repurchase redemption,"['red', 'dead', 'repurchase', 'redemption']",6,4
22,RedDeadRedemption(RDR),Irrelevant,deadened Red Dead Redemption. . store.playstation.com/,deaden red dead redemption,"['deaden', 'red', 'dead', 'redemption']",6,4
22,RedDeadRedemption(RDR),Irrelevant,Red Dead Redemption. . store..com/,red dead redemption,"['red', 'dead', 'redemption']",8,3
22,RedDeadRedemption(RDR),Irrelevant,Red Dead Redemption. . store.playstation./,red dead redemption store playstation,"['red', 'dead', 'redemption', 'store', 'playstation']",7,5
23,NBA2K,Positive,"@ NBA2K can I ask an episode also I have bought almost 2 million worth of vc, this is how much I love this game",ask episode also buy almost million worth vc much love game,"['ask', 'episode', 'also', 'buy', 'almost', 'million', 'worth', 'vc', 'much', 'love', 'game']",27,11
23,NBA2K,Positive,"@ NBA2K can I ask an bought also I have episode game 2 million worth of vc, this is how much I love this almost",ask buy also episode game million worth vc much love almost,"['ask', 'buy', 'also', 'episode', 'game', 'million', 'worth', 'vc', 'much', 'love', 'almost']",27,11
23,NBA2K,Positive,"@ NBA2K can I ask love episode also I have bought almost 2 million worth vc of, this is how much I an this game",ask love episode also buy almost million worth vc much game,"['ask', 'love', 'episode', 'also', 'buy', 'almost', 'million', 'worth', 'vc', 'much', 'game']",27,11
23,NBA2K,Positive,"@ NBA2K can I ask an posterior episode also I have bought almost 2 million worth of vc, birth this is how much I love this game",ask posterior episode also buy almost million worth vc birth much love game,"['ask', 'posterior', 'episode', 'also', 'buy', 'almost', 'million', 'worth', 'vc', 'birth', 'much', 'love', 'game']",29,13
23,NBA2K,Positive,"@ NBA2K can I ask cost an episode also I have bought almost 2 million worth of vc, bonk this is how much I love this game",ask cost episode also buy almost million worth vc bonk much love game,"['ask', 'cost', 'episode', 'also', 'buy', 'almost', 'million', 'worth', 'vc', 'bonk', 'much', 'love', 'game']",29,13
23,NBA2K,Positive,"@ NBA2K can I ask an also I have bought almost million worth vc, this is how much I love this game",ask also buy almost million worth vc much love game,"['ask', 'also', 'buy', 'almost', 'million', 'worth', 'vc', 'much', 'love', 'game']",24,10
23,NBA2K,Positive,"@ NBA2K can I ask episode also I have bought almost 2 million worth of vc, this is much I love this ",ask episode also buy almost million worth vc much love,"['ask', 'episode', 'also', 'buy', 'almost', 'million', 'worth', 'vc', 'much', 'love']",24,10
24,Google,Negative#Neutral,pause who the god uses microsoft word... what's the point for them...,pause god use microsoft word point,"['pause', 'god', 'use', 'microsoft', 'word', 'point']",14,6
24,Google,Negative#Neutral,pause uses the god who microsoft word... what's the point for them...,pause use god microsoft word point,"['pause', 'use', 'god', 'microsoft', 'word', 'point']",14,6
24,Google,Negative#Neutral,pause who the god uses word microsoft... what's the point for them...,pause god use word microsoft point,"['pause', 'god', 'use', 'word', 'microsoft', 'point']",14,6
24,Google,Negative#Neutral,employment pause who the god uses microsoft word... what's the point for them...,employment pause god use microsoft word point,"['employment', 'pause', 'god', 'use', 'microsoft', 'word', 'point']",15,7
24,Google,Negative#Neutral,pause watchword who the god uses microsoft word... what's the point for them...,pause watchword god use microsoft word point,"['pause', 'watchword', 'god', 'use', 'microsoft', 'word', 'point']",15,7
24,Google,Negative#Neutral,pause who the god uses microsoft word... what's the for them...,pause god use microsoft word,"['pause', 'god', 'use', 'microsoft', 'word']",13,5
24,Google,Negative#Neutral,pause who the god uses microsoft word... what's the point for...,pause god use microsoft word point,"['pause', 'god', 'use', 'microsoft', 'word', 'point']",13,6
25,Battlefield,Irrelevant#Negative,The ban for Battlefield 4 911 _ kbbbbbbb.com player was due to DETAILS: bf4db.com / player / ban / 513...,ban battlefield player due detail ban,"['ban', 'battlefield', 'player', 'due', 'detail', 'ban']",22,6
25,Battlefield,Irrelevant#Negative,The ban for Battlefield 4 bf4db _ kbbbbbbb.com player was due to DETAILS: 911.com / player / ban / 513...,ban battlefield bf db player due detail ban,"['ban', 'battlefield', 'bf', 'db', 'player', 'due', 'detail', 'ban']",22,8
25,Battlefield,Irrelevant#Negative,The ban for Battlefield bf4db 911 _ kbbbbbbb.com player was due to DETAILS: 4.com / player / ban / 513...,ban battlefield bf db player due detail ban,"['ban', 'battlefield', 'bf', 'db', 'player', 'due', 'detail', 'ban']",22,8
25,Battlefield,Irrelevant#Negative,The ban for Battlefield 4 911 _ kbbbbbbb.com player was due to DETAILS: bf4db.ascribable com / player / ban / 513...,ban battlefield player due detail bf db ascribable com player ban,"['ban', 'battlefield', 'player', 'due', 'detail', 'bf', 'db', 'ascribable', 'com', 'player', 'ban']",23,11
25,Battlefield,Irrelevant#Negative,The ban for Battlefield histrion 4 911 _ kbbbbbbb.com player was due to DETAILS: bf4db.com / player / ban / 513...,ban battlefield histrion player due detail ban,"['ban', 'battlefield', 'histrion', 'player', 'due', 'detail', 'ban']",23,7
25,Battlefield,Irrelevant#Negative,The for Battlefield 4 911 _ kbbbbbbb.com player was to DETAILS: bf4db.com / player / ban / 513...,battlefield player detail ban,"['battlefield', 'player', 'detail', 'ban']",20,4
25,Battlefield,Irrelevant#Negative,ban for Battlefield 4 911 _.com player was due to DETAILS: bf4db.com / player / ban / 513...,ban battlefield player due detail ban,"['ban', 'battlefield', 'player', 'due', 'detail', 'ban']",22,6
26,Borderlands,Positive,4 Favorite Game Soundtracks:.. Doom. Doom. Doom. Doom forever,favorite game soundtrack doom doom doom doom forever,"['favorite', 'game', 'soundtrack', 'doom', 'doom', 'doom', 'doom', 'forever']",14,8
26,Borderlands,Positive,4 Favorite Doom Soundtracks:.. Doom. Doom. Doom. Game forever,favorite doom soundtrack doom doom doom game forever,"['favorite', 'doom', 'soundtrack', 'doom', 'doom', 'doom', 'game', 'forever']",14,8
26,Borderlands,Positive,4 Soundtracks Game Favorite:.. Doom. Doom. Doom. Doom forever,soundtrack game favorite doom doom doom doom forever,"['soundtrack', 'game', 'favorite', 'doom', 'doom', 'doom', 'doom', 'forever']",14,8
26,Borderlands,Positive,4 Favorite Game Soundtracks:.. Doom. Doom. lame Doom. Doom forever,favorite game soundtrack doom doom lame doom doom forever,"['favorite', 'game', 'soundtrack', 'doom', 'doom', 'lame', 'doom', 'doom', 'forever']",15,9
26,Borderlands,Positive,4 Favorite gimpy Game Soundtracks:.. Doom. Doom. Doom. Doom forever,favorite gimpy game soundtrack doom doom doom doom forever,"['favorite', 'gimpy', 'game', 'soundtrack', 'doom', 'doom', 'doom', 'doom', 'forever']",15,9
26,Borderlands,Positive,4 Favorite Game:.. Doom. Doom. Doom. Doom forever,favorite game doom doom doom doom forever,"['favorite', 'game', 'doom', 'doom', 'doom', 'doom', 'forever']",13,7
26,Borderlands,Positive,4 Favorite Soundtracks:.. Doom. Doom. Doom. Doom forever,favorite soundtrack doom doom doom doom forever,"['favorite', 'soundtrack', 'doom', 'doom', 'doom', 'doom', 'forever']",13,7
27,CallOfDuty,Negative,niggas really out here tryna play me like I'm Call of Duty! I hate it here,nigga really tryna play like call duty hate,"['nigga', 'really', 'tryna', 'play', 'like', 'call', 'duty', 'hate']",17,8
27,CallOfDuty,Negative,niggas really out here tryna play me like Call I'm of Duty! I hate it here,nigga really tryna play like call duty hate,"['nigga', 'really', 'tryna', 'play', 'like', 'call', 'duty', 'hate']",17,8
27,CallOfDuty,Negative,niggas really out here tryna play me of I'm Call like Duty! I hate it here,nigga really tryna play call like duty hate,"['nigga', 'really', 'tryna', 'play', 'call', 'like', 'duty', 'hate']",17,8
27,CallOfDuty,Negative,niggas really out here tryna play me like I'm Call of Duty! I hate actually it here,nigga really tryna play like call duty hate actually,"['nigga', 'really', 'tryna', 'play', 'like', 'call', 'duty', 'hate', 'actually']",18,9
27,CallOfDuty,Negative,niggas really out here tryna play me like I'm Call spiel of Duty! I hate it here,nigga really tryna play like call spiel duty hate,"['nigga', 'really', 'tryna', 'play', 'like', 'call', 'spiel', 'duty', 'hate']",18,9
27,CallOfDuty,Negative,niggas really here tryna play me like I'm Call of Duty! I it here,nigga really tryna play like call duty,"['nigga', 'really', 'tryna', 'play', 'like', 'call', 'duty']",15,7
27,CallOfDuty,Negative,niggas really out tryna play me like I'm Call Duty! I hate it here,nigga really tryna play like call duty hate,"['nigga', 'really', 'tryna', 'play', 'like', 'call', 'duty', 'hate']",15,8
28,AssassinsCreed,Neutral,Well... it was kind of puzzling.,well kind puzzling,"['well', 'kind', 'puzzling']",8,3
28,AssassinsCreed,Neutral,Well... it was of kind puzzling.,well kind puzzling,"['well', 'kind', 'puzzling']",8,3
28,AssassinsCreed,Neutral,Well... of was kind it puzzling.,well kind puzzling,"['well', 'kind', 'puzzling']",8,3
28,AssassinsCreed,Neutral,Well... it was kind of sort puzzling.,well kind sort puzzling,"['well', 'kind', 'sort', 'puzzling']",9,4
28,AssassinsCreed,Neutral,Well... live it was kind of puzzling.,well live kind puzzling,"['well', 'live', 'kind', 'puzzling']",9,4
28,AssassinsCreed,Neutral,... it was kind of puzzling.,kind puzzling,"['kind', 'puzzling']",7,2
28,AssassinsCreed,Neutral,Well... it was kind puzzling.,well kind puzzling,"['well', 'kind', 'puzzling']",7,3
29,LeagueOfLegends,Positive,"oh fuck I just realized... if a League of Legends Champion gets into smash, there's a relatively high chance it's Yasuo. FUCK",oh fuck realize league legends champion get smash relatively high chance yasuo fuck,"['oh', 'fuck', 'realize', 'league', 'legends', 'champion', 'get', 'smash', 'relatively', 'high', 'chance', 'yasuo', 'fuck']",25,13
29,LeagueOfLegends,Positive,"oh fuck I just realized... if a League of Legends Champion gets into smash, relatively a there's high it's chance Yasuo. FUCK",oh fuck realize league legends champion get smash relatively high chance yasuo fuck,"['oh', 'fuck', 'realize', 'league', 'legends', 'champion', 'get', 'smash', 'relatively', 'high', 'chance', 'yasuo', 'fuck']",25,13
29,LeagueOfLegends,Positive,"oh fuck I just realized... if a League of Legends Champion gets into smash, there's chance relatively a high it's Yasuo. FUCK",oh fuck realize league legends champion get smash chance relatively high yasuo fuck,"['oh', 'fuck', 'realize', 'league', 'legends', 'champion', 'get', 'smash', 'chance', 'relatively', 'high', 'yasuo', 'fuck']",25,13
29,LeagueOfLegends,Positive,"oh adenine fuck I just realized... if a League of Legends equitable Champion gets into smash, there's a relatively high chance it's Yasuo. FUCK",oh adenine fuck realize league legends equitable champion get smash relatively high chance yasuo fuck,"['oh', 'adenine', 'fuck', 'realize', 'league', 'legends', 'equitable', 'champion', 'get', 'smash', 'relatively', 'high', 'chance', 'yasuo', 'fuck']",27,15
29,LeagueOfLegends,Positive,"oh fuck I just realized... if a League of Legends Champion gets into smash, drive there's a relatively high comparatively chance it's Yasuo. FUCK",oh fuck realize league legends champion get smash drive relatively high comparatively chance yasuo fuck,"['oh', 'fuck', 'realize', 'league', 'legends', 'champion', 'get', 'smash', 'drive', 'relatively', 'high', 'comparatively', 'chance', 'yasuo', 'fuck']",27,15
29,LeagueOfLegends,Positive,"oh fuck I just realized... if a League of Legends Champion gets into smash, relatively high it's Yasuo. FUCK",oh fuck realize league legends champion get smash relatively high yasuo fuck,"['oh', 'fuck', 'realize', 'league', 'legends', 'champion', 'get', 'smash', 'relatively', 'high', 'yasuo', 'fuck']",22,12
29,LeagueOfLegends,Positive,"oh fuck I just realized... if a League of gets into smash, there's a relatively high chance Yasuo. FUCK",oh fuck realize league get smash relatively high chance yasuo fuck,"['oh', 'fuck', 'realize', 'league', 'get', 'smash', 'relatively', 'high', 'chance', 'yasuo', 'fuck']",22,11
30,TomClancysGhostRecon,Neutral,Something went wrong.,something go wrong,"['something', 'go', 'wrong']",4,3
30,TomClancysGhostRecon,Neutral,went Something wrong.,go something wrong,"['go', 'something', 'wrong']",4,3
30,TomClancysGhostRecon,Neutral,wrong went Something.,wrong go something,"['wrong', 'go', 'something']",4,3
30,TomClancysGhostRecon,Neutral,Something went blend wrong.,something go blend wrong,"['something', 'go', 'blend', 'wrong']",5,4
30,TomClancysGhostRecon,Neutral,incorrect Something went wrong.,incorrect something go wrong,"['incorrect', 'something', 'go', 'wrong']",5,4
30,TomClancysGhostRecon,Neutral,Something went.,something go,"['something', 'go']",3,2
30,TomClancysGhostRecon,Neutral,Something wrong.,something wrong,"['something', 'wrong']",3,2
31,Microsoft,Irrelevant,I'm live on Twitch - watch me on twitch.tv / osg _ shotz,live twitch watch shotz,"['live', 'twitch', 'watch', 'shotz']",13,4
31,Microsoft,Irrelevant,me live on Twitch - watch I'm on twitch.tv / osg _ shotz,live twitch watch shotz,"['live', 'twitch', 'watch', 'shotz']",13,4
31,Microsoft,Irrelevant,watch live on Twitch - I'm me on twitch.tv / osg _ shotz,watch live twitch shotz,"['watch', 'live', 'twitch', 'shotz']",13,4
31,Microsoft,Irrelevant,I'm live along on Twitch - watch me on twitch.tv / osg _ shotz,live along twitch watch shotz,"['live', 'along', 'twitch', 'watch', 'shotz']",14,5
31,Microsoft,Irrelevant,I'm live on Twitch - watch me on twitch.tv / picket osg _ shotz,live twitch watch osg shotz,"['live', 'twitch', 'watch', 'osg', 'shotz']",14,5
31,Microsoft,Irrelevant,I'm live on Twitch - watch me on twitch. / osg _ shotz,live twitch watch twitch osg shotz,"['live', 'twitch', 'watch', 'twitch', 'osg', 'shotz']",14,6
31,Microsoft,Irrelevant,I'm live on Twitch - watch on twitch.tv / osg _ shotz,live twitch watch shotz,"['live', 'twitch', 'watch', 'shotz']",12,4
32,CallOfDutyBlackopsColdWar,Irrelevant,The Best Decent Bot •. sniper prize for La @NioxSnipingYT •...,best decent bot sniper prize la,"['best', 'decent', 'bot', 'sniper', 'prize', 'la']",13,6
32,CallOfDutyBlackopsColdWar,Irrelevant,Decent Best The Bot •. sniper prize for La @NioxSnipingYT •...,decent best bot sniper prize la,"['decent', 'best', 'bot', 'sniper', 'prize', 'la']",13,6
32,CallOfDutyBlackopsColdWar,Irrelevant,sniper Best Decent Bot •. The prize for La @NioxSnipingYT •...,sniper best decent bot prize la,"['sniper', 'best', 'decent', 'bot', 'prize', 'la']",13,6
32,CallOfDutyBlackopsColdWar,Irrelevant,The Best Decent Bot •. sniper prize right for La @NioxSnipingYT •...,best decent bot sniper prize right la,"['best', 'decent', 'bot', 'sniper', 'prize', 'right', 'la']",14,7
32,CallOfDutyBlackopsColdWar,Irrelevant,The Best beneficial Decent Bot •. sniper prize for La @NioxSnipingYT •...,best beneficial decent bot sniper prize la,"['best', 'beneficial', 'decent', 'bot', 'sniper', 'prize', 'la']",14,7
32,CallOfDutyBlackopsColdWar,Irrelevant,The Best Decent Bot •. prize for La @NioxSnipingYT •...,best decent bot prize la,"['best', 'decent', 'bot', 'prize', 'la']",12,5
32,CallOfDutyBlackopsColdWar,Irrelevant,The Best Decent •. sniper prize for La @NioxSnipingYT •...,best decent sniper prize la,"['best', 'decent', 'sniper', 'prize', 'la']",12,5
33,HomeDepot,Neutral#Positive,I miss the hot dog stands at Home Depot,miss hot dog stand home depot,"['miss', 'hot', 'dog', 'stand', 'home', 'depot']",9,6
33,HomeDepot,Neutral#Positive,I miss the hot Depot stands at Home dog,miss hot depot stand home dog,"['miss', 'hot', 'depot', 'stand', 'home', 'dog']",9,6
33,HomeDepot,Neutral#Positive,I miss the hot dog stands at Depot Home,miss hot dog stand depot home,"['miss', 'hot', 'dog', 'stand', 'depot', 'home']",9,6
33,HomeDepot,Neutral#Positive,I miss spicy the hot dog stands at Home Depot,miss spicy hot dog stand home depot,"['miss', 'spicy', 'hot', 'dog', 'stand', 'home', 'depot']",10,7
33,HomeDepot,Neutral#Positive,I miss the hot dog stands astatine at Home Depot,miss hot dog stand astatine home depot,"['miss', 'hot', 'dog', 'stand', 'astatine', 'home', 'depot']",10,7
33,HomeDepot,Neutral#Positive,I miss the hot dog at Home Depot,miss hot dog home depot,"['miss', 'hot', 'dog', 'home', 'depot']",8,5
33,HomeDepot,Neutral#Positive,I miss the hot dog stands at Home ,miss hot dog stand home,"['miss', 'hot', 'dog', 'stand', 'home']",8,5
34,Amazon,Positive,"Beautiful song. Powerful lyrics that more people should hear..  ""Furious Love"" by VERIDIA on Amazon Music. music.amazon.com/albums/B00IPBY…",beautiful song powerful lyric people hear furious love veridia amazon music,"['beautiful', 'song', 'powerful', 'lyric', 'people', 'hear', 'furious', 'love', 'veridia', 'amazon', 'music']",22,11
34,Amazon,Positive,"B00IPBY song. Powerful lyrics that more people VERIDIA hear..  ""Furious Love"" by should on Amazon Music. music.amazon.com/albums/Beautiful…",ipby song powerful lyric people veridia hear furious love amazon music,"['ipby', 'song', 'powerful', 'lyric', 'people', 'veridia', 'hear', 'furious', 'love', 'amazon', 'music']",22,11
34,Amazon,Positive,"albums song. Powerful on that more people should hear..  ""Furious Love"" by VERIDIA lyrics Amazon Music. music.amazon.com/Beautiful/B00IPBY…",album song powerful people hear furious love veridia lyric amazon music,"['album', 'song', 'powerful', 'people', 'hear', 'furious', 'love', 'veridia', 'lyric', 'amazon', 'music']",22,11
34,Amazon,Positive,"Beautiful song. Powerful Song lyrics that more people should herculean hear..  ""Furious Love"" by VERIDIA on Amazon Music. music.amazon.com/albums/B00IPBY…",beautiful song powerful song lyric people herculean hear furious love veridia amazon music,"['beautiful', 'song', 'powerful', 'song', 'lyric', 'people', 'herculean', 'hear', 'furious', 'love', 'veridia', 'amazon', 'music']",24,13
34,Amazon,Positive,"Beautiful song. Powerful lyrics that more people should hear..  ""Furious jazz Love"" by VERIDIA on Amazon Music. music.past amazon.com/albums/B00IPBY…",beautiful song powerful lyric people hear furious jazz love veridia amazon music music past,"['beautiful', 'song', 'powerful', 'lyric', 'people', 'hear', 'furious', 'jazz', 'love', 'veridia', 'amazon', 'music', 'music', 'past']",24,14
34,Amazon,Positive,"Beautiful song. Powerful lyrics that more people hear..  "" Love"" by VERIDIA on Amazon. music.amazon.com/albums/B00IPBY…",beautiful song powerful lyric people hear love veridia amazon,"['beautiful', 'song', 'powerful', 'lyric', 'people', 'hear', 'love', 'veridia', 'amazon']",19,9
34,Amazon,Positive,"Beautiful song. Powerful lyrics that more people should hear..  ""Furious"" by VERIDIA on Music. music.amazon./albums/B00IPBY…",beautiful song powerful lyric people hear furious veridia music music amazon album ipby,"['beautiful', 'song', 'powerful', 'lyric', 'people', 'hear', 'furious', 'veridia', 'music', 'music', 'amazon', 'album', 'ipby']",26,13
35,Fortnite,Positive,Great way to bring exposure to young up and new coming artists,great way bring exposure young up new come artist,"['great', 'way', 'bring', 'exposure', 'young', 'up', 'new', 'come', 'artist']",12,9
35,Fortnite,Positive,Great way to young exposure to bring up and new coming artists,great way young exposure bring up new come artist,"['great', 'way', 'young', 'exposure', 'bring', 'up', 'new', 'come', 'artist']",12,9
35,Fortnite,Positive,to way to bring exposure Great young up and new coming artists,way bring exposure great young up new come artist,"['way', 'bring', 'exposure', 'great', 'young', 'up', 'new', 'come', 'artist']",12,9
35,Fortnite,Positive,Great new way to bring exposure to young up and new coming artists,great new way bring exposure young up new come artist,"['great', 'new', 'way', 'bring', 'exposure', 'young', 'up', 'new', 'come', 'artist']",13,10
35,Fortnite,Positive,Great way to bring exposure to young up upward and new coming artists,great way bring exposure young up upward new come artist,"['great', 'way', 'bring', 'exposure', 'young', 'up', 'upward', 'new', 'come', 'artist']",13,10
35,Fortnite,Positive,Great way bring exposure to young up and new coming artists,great way bring exposure young up new come artist,"['great', 'way', 'bring', 'exposure', 'young', 'up', 'new', 'come', 'artist']",11,9
35,Fortnite,Positive,Great way to bring to young up and new coming artists,great way bring young up new come artist,"['great', 'way', 'bring', 'young', 'up', 'new', 'come', 'artist']",11,8
36,MaddenNFL,Irrelevant#Positive,with I mean this is just insane . . . RhandlerR RhandlerR RhandlerR pic.twitter.com/30llzT6egr,mean insane rhandlerr rhandlerr rhandlerr,"['mean', 'insane', 'rhandlerr', 'rhandlerr', 'rhandlerr']",12,5
36,MaddenNFL,Irrelevant#Positive,with I 30llzT6egr this is just insane . . . RhandlerR RhandlerR RhandlerR pic.twitter.com/mean,llzt egr insane rhandlerr rhandlerr rhandlerr,"['llzt', 'egr', 'insane', 'rhandlerr', 'rhandlerr', 'rhandlerr']",12,6
36,MaddenNFL,Irrelevant#Positive,with I mean this is just 30llzT6egr . . . RhandlerR RhandlerR RhandlerR pic.twitter.com/insane,mean llzt egr rhandlerr rhandlerr rhandlerr,"['mean', 'llzt', 'egr', 'rhandlerr', 'rhandlerr', 'rhandlerr']",12,6
36,MaddenNFL,Irrelevant#Positive,with I mean this is just insane . . . RhandlerR RhandlerR RhandlerR pic.ace twitter.com/30llzT6egr,mean insane rhandlerr rhandlerr rhandlerr pic ace,"['mean', 'insane', 'rhandlerr', 'rhandlerr', 'rhandlerr', 'pic', 'ace']",13,7
36,MaddenNFL,Irrelevant#Positive,with I mean this is just insane . . . RhandlerR RhandlerR RhandlerR pic.harebrained twitter.com/30llzT6egr,mean insane rhandlerr rhandlerr rhandlerr pic harebrained,"['mean', 'insane', 'rhandlerr', 'rhandlerr', 'rhandlerr', 'pic', 'harebrained']",13,7
36,MaddenNFL,Irrelevant#Positive,with I mean this just insane . . . RhandlerR RhandlerR pic.twitter.com/30llzT6egr,mean insane rhandlerr rhandlerr,"['mean', 'insane', 'rhandlerr', 'rhandlerr']",10,4
36,MaddenNFL,Irrelevant#Positive,with this is just insane . . . RhandlerR RhandlerR RhandlerR pic.twitter.com/30llzT6egr,insane rhandlerr rhandlerr rhandlerr,"['insane', 'rhandlerr', 'rhandlerr', 'rhandlerr']",10,4
37,CS-GO,Positive,Congratulations to @Team__Spirit!... You are the.. Good coaching job. Yes Thank you again for playing!...,congratulation good coach job yes thank play,"['congratulation', 'good', 'coach', 'job', 'yes', 'thank', 'play']",21,7
37,CS-GO,Positive,Congratulations to @job!... You are the.. Good coaching Team__Spirit. Yes Thank you again for playing!...,congratulation good coaching team spirit yes thank playing,"['congratulation', 'good', 'coaching', 'team', 'spirit', 'yes', 'thank', 'playing']",21,8
37,CS-GO,Positive,Yes to @Team__Spirit!... You are the.. Good coaching job. Congratulations Thank you again for playing!...,yes good coach job congratulation thank play,"['yes', 'good', 'coach', 'job', 'congratulation', 'thank', 'play']",21,7
37,CS-GO,Positive,Congratulations to @Team__Spirit!... You are the.. Good coaching job. thank Yes Thank you again for playing!...,congratulation good coach job thank yes thank playing,"['congratulation', 'good', 'coach', 'job', 'thank', 'yes', 'thank', 'playing']",22,8
37,CS-GO,Positive,Congratulations to @caper Team__Spirit!... You are the.. Good coaching job. Yes Thank you again for playing!...,congratulation team spirit good coach job yes thank play,"['congratulation', 'team', 'spirit', 'good', 'coach', 'job', 'yes', 'thank', 'play']",22,9
37,CS-GO,Positive,to @Team__Spirit!... You are the.. Good coaching job. Yes you again for playing!...,good coach job yes play,"['good', 'coach', 'job', 'yes', 'play']",19,5
37,CS-GO,Positive,to @Team__Spirit!... You are.. Good coaching job. Yes Thank you again for playing!...,good coach job yes thank play,"['good', 'coach', 'job', 'yes', 'thank', 'play']",19,6
38,PlayerUnknownsBattlegrounds(PUBG),Neutral,Why government banned pubg,government ban pubg,"['government', 'ban', 'pubg']",4,3
38,PlayerUnknownsBattlegrounds(PUBG),Neutral,Why pubg banned government,pubg ban government,"['pubg', 'ban', 'government']",4,3
38,PlayerUnknownsBattlegrounds(PUBG),Neutral,government Why banned pubg,government ban pubg,"['government', 'ban', 'pubg']",4,3
38,PlayerUnknownsBattlegrounds(PUBG),Neutral,Why government ban banned pubg,government ban ban pubg,"['government', 'ban', 'ban', 'pubg']",5,4
38,PlayerUnknownsBattlegrounds(PUBG),Neutral,why Why government banned pubg,government ban pubg,"['government', 'ban', 'pubg']",5,3
38,PlayerUnknownsBattlegrounds(PUBG),Neutral,Why government banned ,government ban,"['government', 'ban']",3,2
38,PlayerUnknownsBattlegrounds(PUBG),Neutral,Why government pubg,government pubg,"['government', 'pubg']",3,2
39,Verizon,Neutral,Hey @ verizonfios @ verizonSupport Why does my internet speed drop to 591 Mbit / s when I pay for 1Gig SIM card services?.. Testing is done via a wired connection with CAT8 SFTP 40GB cables.. speedtest.net / result / c / 1999d...,hey internet speed drop mbit pay gig sim card service test do via wired connection cat sftp gb cable,"['hey', 'internet', 'speed', 'drop', 'mbit', 'pay', 'gig', 'sim', 'card', 'service', 'test', 'do', 'via', 'wired', 'connection', 'cat', 'sftp', 'gb', 'cable']",48,19
39,Verizon,Neutral,Hey @ c @ verizonSupport Why does my verizonfios speed drop to 591 Mbit / s when I pay for 1Gig 40GB card services?.. Testing is done via a wired connection with CAT8 SFTP SIM cables.. speedtest.net / result / internet / 1999d...,hey verizonfios speed drop mbit pay gig gb card service test do via wired connection cat sftp sim cable internet,"['hey', 'verizonfios', 'speed', 'drop', 'mbit', 'pay', 'gig', 'gb', 'card', 'service', 'test', 'do', 'via', 'wired', 'connection', 'cat', 'sftp', 'sim', 'cable', 'internet']",48,20
39,Verizon,Neutral,Hey @ verizonfios @ verizonSupport Why does my Mbit speed CAT8 to 591 internet / s when I pay for 1Gig SIM wired services?.. Testing is done via a card connection with drop SFTP 40GB cables.. speedtest.net / result / c / 1999d...,hey mbit speed cat internet pay gig sim wire service test do via card connection drop sftp gb cable,"['hey', 'mbit', 'speed', 'cat', 'internet', 'pay', 'gig', 'sim', 'wire', 'service', 'test', 'do', 'via', 'card', 'connection', 'drop', 'sftp', 'gb', 'cable']",48,19
39,Verizon,Neutral,Hey @ hurrying verizonfios @ verizonSupport Why does my internet speed drop to 591 Mbit / s when I pay for 1Gig SIM card speed services?.. Testing is done via a wired connection with CAT8 SFTP 40GB cables.. speedtest.net / result / hurry c / 1999d...,hey verizonfios internet speed drop mbit pay gig sim card speed service test do via wired connection cat sftp gb cable hurry,"['hey', 'verizonfios', 'internet', 'speed', 'drop', 'mbit', 'pay', 'gig', 'sim', 'card', 'speed', 'service', 'test', 'do', 'via', 'wired', 'connection', 'cat', 'sftp', 'gb', 'cable', 'hurry']",51,22
39,Verizon,Neutral,Hey @ verizonfios @ verizonSupport Why does my internet speed drop to 591 Mbit / s when I pay for 1Gig SIM serve card services?.. Testing is done via C a wired connection with CAT8 SFTP 40GB cables.. speedtest.amp net / result / c / 1999d...,hey internet speed drop mbit pay gig sim serve card service test do via wire connection cat sftp gb cable speedtest amp net result,"['hey', 'internet', 'speed', 'drop', 'mbit', 'pay', 'gig', 'sim', 'serve', 'card', 'service', 'test', 'do', 'via', 'wire', 'connection', 'cat', 'sftp', 'gb', 'cable', 'speedtest', 'amp', 'net', 'result']",51,24
39,Verizon,Neutral,Hey @ verizonfios @ verizonSupport Why does my internet speed drop to 591 Mbit / when I pay for 1Gig SIM card services?.. Testing via a wired connection with CAT8 cables.. speedtest.net / result / c / 1999d...,hey internet speed drop mbit pay gig sim card service test via wired connection cat cable,"['hey', 'internet', 'speed', 'drop', 'mbit', 'pay', 'gig', 'sim', 'card', 'service', 'test', 'via', 'wired', 'connection', 'cat', 'cable']",43,16
39,Verizon,Neutral,Hey @ verizonfios @ verizonSupport Why does my speed drop to Mbit / s when I pay for 1Gig SIM services?.. Testing done via a wired with CAT8 SFTP 40GB cables.. speedtest.net / result / c / 1999d...,hey speed drop mbit pay gig sim service test do via wired cat sftp gb cable,"['hey', 'speed', 'drop', 'mbit', 'pay', 'gig', 'sim', 'service', 'test', 'do', 'via', 'wired', 'cat', 'sftp', 'gb', 'cable']",43,16
40,CS-GO,Negative,"bloody hell sounds so dumb, I’ve won 10 matches in a row with over 50 MVPS’s and reached 1,500 kills each game carrying my team. Like do I needed to build a new online CSGO account????",bloody hell sound dumb win match row over mvp reach kill game carry team like need build new online csgo account,"['bloody', 'hell', 'sound', 'dumb', 'win', 'match', 'row', 'over', 'mvp', 'reach', 'kill', 'game', 'carry', 'team', 'like', 'need', 'build', 'new', 'online', 'csgo', 'account']",45,21
40,CS-GO,Negative,"bloody 500 sounds so dumb, I’ve won matches 10 in a row with over 50 MVPS’s and I 1,hell kills each game carrying my team. Like do reached needed to build a new online CSGO account????",bloody sound dumb win match row over mvp hell kill game carry team like reach need build new online csgo account,"['bloody', 'sound', 'dumb', 'win', 'match', 'row', 'over', 'mvp', 'hell', 'kill', 'game', 'carry', 'team', 'like', 'reach', 'need', 'build', 'new', 'online', 'csgo', 'account']",47,21
40,CS-GO,Negative,"bloody hell sounds so dumb, I’ve won 10 matches in a row with over 50 MVPS’s and reached 1,500 kills each game build my team. to do I needed Like carrying a new account CSGO online????",bloody hell sound dumb win match row over mvp reach kill game build team need like carry new account csgo online,"['bloody', 'hell', 'sound', 'dumb', 'win', 'match', 'row', 'over', 'mvp', 'reach', 'kill', 'game', 'build', 'team', 'need', 'like', 'carry', 'new', 'account', 'csgo', 'online']",45,21
40,CS-GO,Negative,"bloody hell ampere sounds so dumb, I’ve won 10 matches in a row with over 50 MVPS’s and gain reached 1,500 apiece kills each game carrying my team. Like do I needed to build a new online CSGO account????",bloody hell ampere sound dumb win match row over mvps gain reach apiece kill game carry team like need build new online csgo account,"['bloody', 'hell', 'ampere', 'sound', 'dumb', 'win', 'match', 'row', 'over', 'mvps', 'gain', 'reach', 'apiece', 'kill', 'game', 'carry', 'team', 'like', 'need', 'build', 'new', 'online', 'csgo', 'account']",48,24
40,CS-GO,Negative,"bloody hell sounds so dumb, I’ve won 10 matches in a row crippled with over 50 MVPS’l s and reached 1,500 kills each game carrying my team. Like do I needed to build a new online ilk CSGO account????",bloody hell sound dumb win match row cripple over mvp reach kill game carry team like need build new online ilk csgo account,"['bloody', 'hell', 'sound', 'dumb', 'win', 'match', 'row', 'cripple', 'over', 'mvp', 'reach', 'kill', 'game', 'carry', 'team', 'like', 'need', 'build', 'new', 'online', 'ilk', 'csgo', 'account']",48,23
40,CS-GO,Negative,"bloody hell sounds so dumb, I’ve won 10 matches in a row with over 50 MVPS’s and reached 1, each game carrying my team. do to build a new online CSGO account????",bloody hell sound dumb win match row over mvp reach game carry team build new online csgo account,"['bloody', 'hell', 'sound', 'dumb', 'win', 'match', 'row', 'over', 'mvp', 'reach', 'game', 'carry', 'team', 'build', 'new', 'online', 'csgo', 'account']",42,18
40,CS-GO,Negative,"hell sounds so dumb, I’ve won 10 matches in a row with over 50 MVPS’s reached 1,500 kills each game my team. Like do I needed to a new CSGO account????",hell sound dumb win match row over mvp reach kill game team like need new csgo account,"['hell', 'sound', 'dumb', 'win', 'match', 'row', 'over', 'mvp', 'reach', 'kill', 'game', 'team', 'like', 'need', 'new', 'csgo', 'account']",40,17
41,TomClancysGhostRecon,Irrelevant,We really are Ghosts... Real and we don't exist.,really ghost real not exist,"['really', 'ghost', 'real', 'not', 'exist']",11,5
41,TomClancysGhostRecon,Irrelevant,We really are Ghosts... Real don't we and exist.,really ghost real not exist,"['really', 'ghost', 'real', 'not', 'exist']",11,5
41,TomClancysGhostRecon,Irrelevant,and really are Ghosts... Real We we don't exist.,really ghost real not exist,"['really', 'ghost', 'real', 'not', 'exist']",11,5
41,TomClancysGhostRecon,Irrelevant,We really are Ghosts... Real and represent we don't exist.,really ghost real represent not exist,"['really', 'ghost', 'real', 'represent', 'not', 'exist']",12,6
41,TomClancysGhostRecon,Irrelevant,We really obsess are Ghosts... Real and we don't exist.,really obsess ghost real not exist,"['really', 'obsess', 'ghost', 'real', 'not', 'exist']",12,6
41,TomClancysGhostRecon,Irrelevant,We really are Ghosts... and we don't exist.,really ghost not exist,"['really', 'ghost', 'not', 'exist']",10,4
41,TomClancysGhostRecon,Irrelevant,We really are... Real and we don't exist.,really real not exist,"['really', 'real', 'not', 'exist']",10,4
42,Microsoft,Negative,"Who is ready for microsoft to forcibly resurrect a nasty series with no plan or direction but to make money, and then force archaic spin to release it in 2 years?!!!???",ready microsoft forcibly resurrect nasty series no plan direction but make money force archaic spin release year,"['ready', 'microsoft', 'forcibly', 'resurrect', 'nasty', 'series', 'no', 'plan', 'direction', 'but', 'make', 'money', 'force', 'archaic', 'spin', 'release', 'year']",39,17
42,Microsoft,Negative,"Who is ready for microsoft to forcibly resurrect a nasty make with no plan or direction but to series money, and then force years spin to release it in 2 archaic?!!!???",ready microsoft forcibly resurrect nasty make no plan direction but series money force year spin release archaic,"['ready', 'microsoft', 'forcibly', 'resurrect', 'nasty', 'make', 'no', 'plan', 'direction', 'but', 'series', 'money', 'force', 'year', 'spin', 'release', 'archaic']",39,17
42,Microsoft,Negative,"Who is ready for microsoft to forcibly resurrect a nasty series with no plan or archaic but release make money, and then force direction spin to to it in 2 years?!!!???",ready microsoft forcibly resurrect nasty series no plan archaic but release make money force direction spin year,"['ready', 'microsoft', 'forcibly', 'resurrect', 'nasty', 'series', 'no', 'plan', 'archaic', 'but', 'release', 'make', 'money', 'force', 'direction', 'spin', 'year']",39,17
42,Microsoft,Negative,"Who is ready for microsoft to forcibly resurrect a nasty antediluvian series with no plan or direction but to make money, axerophthol and then force archaic spin to release it in 2 years?!!!???",ready microsoft forcibly resurrect nasty antediluvian series no plan direction but make money axerophthol force archaic spin release year,"['ready', 'microsoft', 'forcibly', 'resurrect', 'nasty', 'antediluvian', 'series', 'no', 'plan', 'direction', 'but', 'make', 'money', 'axerophthol', 'force', 'archaic', 'spin', 'release', 'year']",41,19
42,Microsoft,Negative,"Who is ready for microsoft to forcibly resurrect a nasty series with no plan or direction but to make antiquated money, and then force surgery archaic spin to release it in 2 years?!!!???",ready microsoft forcibly resurrect nasty series no plan direction but make antiquated money force surgery archaic spin release year,"['ready', 'microsoft', 'forcibly', 'resurrect', 'nasty', 'series', 'no', 'plan', 'direction', 'but', 'make', 'antiquated', 'money', 'force', 'surgery', 'archaic', 'spin', 'release', 'year']",41,19
42,Microsoft,Negative,"Who is ready for microsoft to forcibly resurrect a series with no plan or direction to money, and then force archaic spin to release it 2 years?!!!???",ready microsoft forcibly resurrect series no plan direction money force archaic spin release year,"['ready', 'microsoft', 'forcibly', 'resurrect', 'series', 'no', 'plan', 'direction', 'money', 'force', 'archaic', 'spin', 'release', 'year']",35,14
42,Microsoft,Negative,"Who ready microsoft to forcibly resurrect a nasty series with no plan or direction but to money, and then force archaic spin to it in 2 years?!!!???",ready microsoft forcibly resurrect nasty series no plan direction but money force archaic spin year,"['ready', 'microsoft', 'forcibly', 'resurrect', 'nasty', 'series', 'no', 'plan', 'direction', 'but', 'money', 'force', 'archaic', 'spin', 'year']",35,15
43,CS-GO,Positive,csgo pls stop ranking me up games are getting harder huhu,csgo pls stop rank up game get harder huhu,"['csgo', 'pls', 'stop', 'rank', 'up', 'game', 'get', 'harder', 'huhu']",11,9
43,CS-GO,Positive,csgo pls are ranking me up games stop getting harder huhu,csgo pls rank up game stop get hard huhu,"['csgo', 'pls', 'rank', 'up', 'game', 'stop', 'get', 'hard', 'huhu']",11,9
43,CS-GO,Positive,csgo pls stop ranking me up harder are getting games huhu,csgo pls stop rank up hard get game huhu,"['csgo', 'pls', 'stop', 'rank', 'up', 'hard', 'get', 'game', 'huhu']",11,9
43,CS-GO,Positive,csgo pls stop ranking back me up games are getting harder huhu,csgo pls stop ranking back up game get harder huhu,"['csgo', 'pls', 'stop', 'ranking', 'back', 'up', 'game', 'get', 'harder', 'huhu']",12,10
43,CS-GO,Positive,csgo pls stop ranking me up astir games are getting harder huhu,csgo pls stop rank up astir game get harder huhu,"['csgo', 'pls', 'stop', 'rank', 'up', 'astir', 'game', 'get', 'harder', 'huhu']",12,10
43,CS-GO,Positive,csgo pls stop ranking me games are getting harder huhu,csgo pls stop ranking game get harder huhu,"['csgo', 'pls', 'stop', 'ranking', 'game', 'get', 'harder', 'huhu']",10,8
43,CS-GO,Positive,pls stop ranking me up games are getting harder huhu,pls stop rank up game get harder huhu,"['pls', 'stop', 'rank', 'up', 'game', 'get', 'harder', 'huhu']",10,8
44,Amazon,Negative,"Google and Amazon were the biggest imitators of the brands used in phishing attacks in the June quarter, the report said.",google amazon big imitator brand use phishing attack june quarter report say,"['google', 'amazon', 'big', 'imitator', 'brand', 'use', 'phishing', 'attack', 'june', 'quarter', 'report', 'say']",23,12
44,Amazon,Negative,"Google and Amazon were the imitators quarter of the brands used in phishing attacks in the June biggest, the report said.",google amazon imitator quarter brand use phishing attack june big report say,"['google', 'amazon', 'imitator', 'quarter', 'brand', 'use', 'phishing', 'attack', 'june', 'big', 'report', 'say']",23,12
44,Amazon,Negative,"of and Amazon were the biggest imitators Google used brands the in phishing attacks in the June quarter, the report said.",amazon big imitator google use brand phishing attack june quarter report say,"['amazon', 'big', 'imitator', 'google', 'use', 'brand', 'phishing', 'attack', 'june', 'quarter', 'report', 'say']",23,12
44,Amazon,Negative,"Google and Amazon were the biggest cover imitators of the brands used in phishing attacks in the composition June quarter, the report said.",google amazon big cover imitator brand use phishing attack composition june quarter report say,"['google', 'amazon', 'big', 'cover', 'imitator', 'brand', 'use', 'phishing', 'attack', 'composition', 'june', 'quarter', 'report', 'say']",25,14
44,Amazon,Negative,"Google and Amazon were the biggest imitators of the brands round used in phishing attacks cost in the June quarter, the report said.",google amazon big imitator brand round use phishing attack cost june quarter report say,"['google', 'amazon', 'big', 'imitator', 'brand', 'round', 'use', 'phishing', 'attack', 'cost', 'june', 'quarter', 'report', 'say']",25,14
44,Amazon,Negative,"Google and Amazon were biggest imitators of the brands used in attacks in the June quarter, report said.",google amazon big imitator brand used attack june quarter report say,"['google', 'amazon', 'big', 'imitator', 'brand', 'used', 'attack', 'june', 'quarter', 'report', 'say']",20,11
44,Amazon,Negative,"Google and Amazon were the biggest imitators the brands used in phishing attacks June quarter, the report said.",google amazon big imitator brand use phishing attack june quarter report say,"['google', 'amazon', 'big', 'imitator', 'brand', 'use', 'phishing', 'attack', 'june', 'quarter', 'report', 'say']",20,12
45,PlayerUnknownsBattlegrounds(PUBG),Positive,The current state of the PUBG community regarding Loot Re-balance on Karakin... Personally I'm pretty happy with the changes and look forward to playing the card tonight! pic.twitter.com / eFc2HR1n8Y,current state pubg community regard loot balance karakin personally pretty happy change look forward play card tonight,"['current', 'state', 'pubg', 'community', 'regard', 'loot', 'balance', 'karakin', 'personally', 'pretty', 'happy', 'change', 'look', 'forward', 'play', 'card', 'tonight']",33,17
45,PlayerUnknownsBattlegrounds(PUBG),Positive,The current com of the PUBG community regarding the Re-balance on Karakin... Personally I'm pretty happy with Loot changes and look forward to playing the card tonight! pic.twitter.state / eFc2HR1n8Y,current com pubg community regard balance karakin personally pretty happy loot change look forward play card tonight pic twitter state efc hr,"['current', 'com', 'pubg', 'community', 'regard', 'balance', 'karakin', 'personally', 'pretty', 'happy', 'loot', 'change', 'look', 'forward', 'play', 'card', 'tonight', 'pic', 'twitter', 'state', 'efc', 'hr']",33,22
45,PlayerUnknownsBattlegrounds(PUBG),Positive,The current state of the PUBG community regarding Loot Re-balance on Karakin... com I'm pretty happy with the changes and look forward pic playing the card tonight! to.twitter.Personally / eFc2HR1n8Y,current state pubg community regard loot balance karakin com pretty happy change look forward pic play card tonight twitter personally efc hr,"['current', 'state', 'pubg', 'community', 'regard', 'loot', 'balance', 'karakin', 'com', 'pretty', 'happy', 'change', 'look', 'forward', 'pic', 'play', 'card', 'tonight', 'twitter', 'personally', 'efc', 'hr']",33,22
45,PlayerUnknownsBattlegrounds(PUBG),Positive,The consider current shekels state of the PUBG community regarding Loot Re-balance on Karakin... Personally I'm pretty happy with the changes and look forward to playing the card tonight! pic.twitter.com / eFc2HR1n8Y,consider current shekel state pubg community regard loot balance karakin personally pretty happy change look forward play card tonight,"['consider', 'current', 'shekel', 'state', 'pubg', 'community', 'regard', 'loot', 'balance', 'karakin', 'personally', 'pretty', 'happy', 'change', 'look', 'forward', 'play', 'card', 'tonight']",35,19
45,PlayerUnknownsBattlegrounds(PUBG),Positive,The current state of the PUBG community regarding Loot Re-balance fairly on Karakin... Personally I'm pretty happy with the changes and look forward to playing the card tonight! pic.twitter.along com / eFc2HR1n8Y,current state pubg community regard loot balance fairly karakin personally pretty happy change look forward play card tonight pic twitter along com efc hr,"['current', 'state', 'pubg', 'community', 'regard', 'loot', 'balance', 'fairly', 'karakin', 'personally', 'pretty', 'happy', 'change', 'look', 'forward', 'play', 'card', 'tonight', 'pic', 'twitter', 'along', 'com', 'efc', 'hr']",35,24
45,PlayerUnknownsBattlegrounds(PUBG),Positive,The current state of the PUBG community regarding Loot Re-balance on... Personally I'm pretty happy with the changes and look forward to playing the tonight!.twitter. / eFc2HR1n8Y,current state pubg community regard loot balance personally pretty happy change look forward play tonight twitter efc hr,"['current', 'state', 'pubg', 'community', 'regard', 'loot', 'balance', 'personally', 'pretty', 'happy', 'change', 'look', 'forward', 'play', 'tonight', 'twitter', 'efc', 'hr']",33,18
45,PlayerUnknownsBattlegrounds(PUBG),Positive,The state of the PUBG regarding Loot Re-balance on Karakin... Personally pretty happy the changes and look forward to playing the card tonight! pic.twitter.com / eFc2HR1n8Y,state pubg regard loot balance karakin personally pretty happy change look forward play card tonight,"['state', 'pubg', 'regard', 'loot', 'balance', 'karakin', 'personally', 'pretty', 'happy', 'change', 'look', 'forward', 'play', 'card', 'tonight']",29,15
46,CallOfDutyBlackopsColdWar,Negative,and Exclusive to PlayStation? Oh fuck off. pic.twitter.com/1NwFtyVXeX,exclusive playstation oh fuck off,"['exclusive', 'playstation', 'oh', 'fuck', 'off']",10,5
46,CallOfDutyBlackopsColdWar,Negative,Exclusive and to PlayStation? Oh fuck off. pic.twitter.com/1NwFtyVXeX,exclusive playstation oh fuck off,"['exclusive', 'playstation', 'oh', 'fuck', 'off']",10,5
46,CallOfDutyBlackopsColdWar,Negative,and Exclusive to Oh? PlayStation fuck off. pic.twitter.com/1NwFtyVXeX,exclusive oh playstation fuck off,"['exclusive', 'oh', 'playstation', 'fuck', 'off']",10,5
46,CallOfDutyBlackopsColdWar,Negative,and Exclusive to PlayStation? Oh fuck off. know pic.twitter.com/1NwFtyVXeX,exclusive playstation oh fuck off know,"['exclusive', 'playstation', 'oh', 'fuck', 'off', 'know']",11,6
46,CallOfDutyBlackopsColdWar,Negative,and Exclusive to PlayStation? Oh fuck off. pic.twitter.com/nookie 1NwFtyVXeX,exclusive playstation oh fuck off nwftyvxex,"['exclusive', 'playstation', 'oh', 'fuck', 'off', 'nwftyvxex']",11,6
46,CallOfDutyBlackopsColdWar,Negative,and Exclusive to PlayStation? Oh fuck off. pic.twitter.com/,exclusive playstation oh fuck off,"['exclusive', 'playstation', 'oh', 'fuck', 'off']",10,5
46,CallOfDutyBlackopsColdWar,Negative,and Exclusive to PlayStation? Oh fuck off..twitter.com/1NwFtyVXeX,exclusive playstation oh fuck,"['exclusive', 'playstation', 'oh', 'fuck']",8,4
47,PlayStation5(PS5),Negative,@ArgosHelpers I do love how you took money from providing my PayPal for PS5 but because the order didn ’ t completely go through your high end management because they ran an out worth of stock the moment I paid?.,love take money provide paypal but order didn completely go high end management run worth stock moment pay,"['love', 'take', 'money', 'provide', 'paypal', 'but', 'order', 'didn', 'completely', 'go', 'high', 'end', 'management', 'run', 'worth', 'stock', 'moment', 'pay']",42,18
47,PlayStation5(PS5),Negative,@ArgosHelpers I do from how you took money love providing my PayPal for PS5 moment I the order didn ’ t completely go through your high end management because they ran an out worth of stock the but because paid?.,take money love provide paypal ps moment order didn completely go high end management run worth stock but pay,"['take', 'money', 'love', 'provide', 'paypal', 'ps', 'moment', 'order', 'didn', 'completely', 'go', 'high', 'end', 'management', 'run', 'worth', 'stock', 'but', 'pay']",42,19
47,PlayStation5(PS5),Negative,@ArgosHelpers I do love how you they money from providing my PayPal for PS5 but because the order didn ’ t completely go of your management end high because took ran an out worth through stock the moment I paid?.,love money provide paypal but order didn completely go management end high take ran worth stock moment pay,"['love', 'money', 'provide', 'paypal', 'but', 'order', 'didn', 'completely', 'go', 'management', 'end', 'high', 'take', 'ran', 'worth', 'stock', 'moment', 'pay']",42,18
47,PlayStation5(PS5),Negative,@ArgosHelpers predominate I do love how you took done money from providing my PayPal for PS5 but because the order didn ’ prevail t completely go through your high end management because they ran an out worth of stock the moment I paid?.,predominate love take do money provide paypal but order didn prevail completely go high end management run worth stock moment pay,"['predominate', 'love', 'take', 'do', 'money', 'provide', 'paypal', 'but', 'order', 'didn', 'prevail', 'completely', 'go', 'high', 'end', 'management', 'run', 'worth', 'stock', 'moment', 'pay']",45,21
47,PlayStation5(PS5),Negative,@paying ArgosHelpers I do love how you took money from providing my PayPal instant for PS5 but because the order didn ’ t completely go through your high end management provide because they ran an out worth of stock the moment I paid?.,argoshelpers love take money provide paypal instant but order didn completely go high end management provide run worth stock moment pay,"['argoshelpers', 'love', 'take', 'money', 'provide', 'paypal', 'instant', 'but', 'order', 'didn', 'completely', 'go', 'high', 'end', 'management', 'provide', 'run', 'worth', 'stock', 'moment', 'pay']",45,21
47,PlayStation5(PS5),Negative,@ArgosHelpers I do love how you took money from providing my PayPal PS5 because the order ’ t completely go through your high end management because ran an worth of stock the moment I paid?.,love take money provide paypal ps order completely go high end management run worth stock moment pay,"['love', 'take', 'money', 'provide', 'paypal', 'ps', 'order', 'completely', 'go', 'high', 'end', 'management', 'run', 'worth', 'stock', 'moment', 'pay']",37,17
47,PlayStation5(PS5),Negative,@ArgosHelpers I do love how you took money from providing my PayPal but because the order ’ t completely go through your high end management because they ran an out worth of stock I paid?.,love take money provide paypal but order completely go high end management run worth stock pay,"['love', 'take', 'money', 'provide', 'paypal', 'but', 'order', 'completely', 'go', 'high', 'end', 'management', 'run', 'worth', 'stock', 'pay']",37,16
48,CS-GO,Irrelevant#Positive,Best pistol player in 2016:GO?..,best pistol player go,"['best', 'pistol', 'player', 'go']",9,4
48,CS-GO,Irrelevant#Positive,2016 pistol player in Best:GO?..,pistol player best go,"['pistol', 'player', 'best', 'go']",9,4
48,CS-GO,Irrelevant#Positive,player pistol Best in 2016:GO?..,player pistol best go,"['player', 'pistol', 'best', 'go']",9,4
48,CS-GO,Irrelevant#Positive,Best Indiana pistol player in 2016:GO?..,best indiana pistol player go,"['best', 'indiana', 'pistol', 'player', 'go']",10,5
48,CS-GO,Irrelevant#Positive,Best pistol player inch in 2016:GO?..,best pistol player inch go,"['best', 'pistol', 'player', 'inch', 'go']",10,5
48,CS-GO,Irrelevant#Positive,Best pistol player in 2016:?..,best pistol player,"['best', 'pistol', 'player']",8,3
48,CS-GO,Irrelevant#Positive,pistol player in 2016:GO?..,pistol player go,"['pistol', 'player', 'go']",8,3
49,Nvidia,Positive,"Oh, yeah, although I always used to work mostly with these older guys. Second company from inside my portfolio to be acquired in the past for three months. Congrats, @SwiftStack team, on winning the acquisition!",oh yeah although always use work mostly old guy second company inside portfolio acquire past three month congrats team win acquisition,"['oh', 'yeah', 'although', 'always', 'use', 'work', 'mostly', 'old', 'guy', 'second', 'company', 'inside', 'portfolio', 'acquire', 'past', 'three', 'month', 'congrats', 'team', 'win', 'acquisition']",42,21
49,Nvidia,Positive,"Oh, the, from I always used to work mostly with these older guys. Second company although inside my portfolio to in acquired be yeah past for three months. Congrats, @SwiftStack team, on winning the acquisition!",oh always use work mostly old guy second company although inside portfolio acquire yeah past three month congrats team win acquisition,"['oh', 'always', 'use', 'work', 'mostly', 'old', 'guy', 'second', 'company', 'although', 'inside', 'portfolio', 'acquire', 'yeah', 'past', 'three', 'month', 'congrats', 'team', 'win', 'acquisition']",42,21
49,Nvidia,Positive,"Oh, yeah, although I always used to work mostly with these older guys. my company from inside Second portfolio to be acquired in the past for team months. Congrats, @the three, on winning SwiftStack acquisition!",oh yeah although always use work mostly old guy company inside second portfolio acquire past team month congrats three win swiftstack acquisition,"['oh', 'yeah', 'although', 'always', 'use', 'work', 'mostly', 'old', 'guy', 'company', 'inside', 'second', 'portfolio', 'acquire', 'past', 'team', 'month', 'congrats', 'three', 'win', 'swiftstack', 'acquisition']",42,22
49,Nvidia,Positive,"Oh, yeah, although I always Be used to work mostly with these older guys. Second company from inside my portfolio to be acquired OH in the past for three months. Congrats, @SwiftStack team, on winning acquirement the acquisition!",oh yeah although always use work mostly old guy second company inside portfolio acquire oh past three month congrats team win acquirement acquisition,"['oh', 'yeah', 'although', 'always', 'use', 'work', 'mostly', 'old', 'guy', 'second', 'company', 'inside', 'portfolio', 'acquire', 'oh', 'past', 'three', 'month', 'congrats', 'team', 'win', 'acquirement', 'acquisition']",45,23
49,Nvidia,Positive,"Oh, yeah, although I always used to work mostly with these older guys. Second company from inside my portfolio to companion be acquired in the past for minute three months. Congrats, @SwiftStack team, Old on winning the acquisition!",oh yeah although always use work mostly old guy second company inside portfolio companion acquire past minute three month congrats team old winning acquisition,"['oh', 'yeah', 'although', 'always', 'use', 'work', 'mostly', 'old', 'guy', 'second', 'company', 'inside', 'portfolio', 'companion', 'acquire', 'past', 'minute', 'three', 'month', 'congrats', 'team', 'old', 'winning', 'acquisition']",45,24
49,Nvidia,Positive,", yeah, although I used to work mostly with these older guys. Second company from inside my portfolio be acquired in the past months. Congrats, @SwiftStack team, on winning the acquisition!",yeah although use work mostly old guy second company inside portfolio acquire past month congrats team win acquisition,"['yeah', 'although', 'use', 'work', 'mostly', 'old', 'guy', 'second', 'company', 'inside', 'portfolio', 'acquire', 'past', 'month', 'congrats', 'team', 'win', 'acquisition']",37,18
49,Nvidia,Positive,"Oh, yeah, although I always used to work with older guys. Second company from inside my portfolio to be acquired in the past three months. Congrats, @SwiftStack team, winning acquisition!",oh yeah although always use work old guy second company inside portfolio acquire past three month congrats team win acquisition,"['oh', 'yeah', 'although', 'always', 'use', 'work', 'old', 'guy', 'second', 'company', 'inside', 'portfolio', 'acquire', 'past', 'three', 'month', 'congrats', 'team', 'win', 'acquisition']",37,20
50,CallOfDutyBlackopsColdWar,Positive,"all hyped for cold war, campaign is something i cant wait let start! Who else is hyped!?",hyped cold war campaign something cannot wait let start else hyped,"['hyped', 'cold', 'war', 'campaign', 'something', 'cannot', 'wait', 'let', 'start', 'else', 'hyped']",21,11
50,CallOfDutyBlackopsColdWar,Positive,"all hyped for cold war, campaign is something i cant else let start! Who wait is hyped!?",hyped cold war campaign something cannot else let start wait hyped,"['hyped', 'cold', 'war', 'campaign', 'something', 'cannot', 'else', 'let', 'start', 'wait', 'hyped']",21,11
50,CallOfDutyBlackopsColdWar,Positive,"all hyped for cold war, hyped is something i cant wait let start! Who else is campaign!?",hyped cold war hype something cannot wait let start else campaign,"['hyped', 'cold', 'war', 'hype', 'something', 'cannot', 'wait', 'let', 'start', 'else', 'campaign']",21,11
50,CallOfDutyBlackopsColdWar,Positive,"all hyped for cold pitch war, campaign is something i cant wait let start! Who else is hyped!?",hype cold pitch war campaign something cannot wait let start else hyped,"['hype', 'cold', 'pitch', 'war', 'campaign', 'something', 'cannot', 'wait', 'let', 'start', 'else', 'hyped']",22,12
50,CallOfDutyBlackopsColdWar,Positive,"all hyped for hype cold war, campaign is something i cant wait let start! Who else is hyped!?",hype hype cold war campaign something cannot wait let start else hyped,"['hype', 'hype', 'cold', 'war', 'campaign', 'something', 'cannot', 'wait', 'let', 'start', 'else', 'hyped']",22,12
50,CallOfDutyBlackopsColdWar,Positive,"all hyped for cold war, campaign is something i cant wait start! else is hyped!?",hyped cold war campaign something cannot wait start else hype,"['hyped', 'cold', 'war', 'campaign', 'something', 'cannot', 'wait', 'start', 'else', 'hype']",19,10
50,CallOfDutyBlackopsColdWar,Positive,"hyped for cold war, is something i cant wait let start! Who else is hyped!?",hyped cold war something cannot wait let start else hyped,"['hyped', 'cold', 'war', 'something', 'cannot', 'wait', 'let', 'start', 'else', 'hyped']",19,10
51,Microsoft,Neutral,"Not exactly. Free means the price is your data. During the early days of Avast and AVG, I used to say it was better than nothing. Now, I think nothing - and Microsoft Defender - is better than this bad firewall.",not exactly free mean price data early day avast average use say well nothing think nothing microsoft defender well bad firewall,"['not', 'exactly', 'free', 'mean', 'price', 'data', 'early', 'day', 'avast', 'average', 'use', 'say', 'well', 'nothing', 'think', 'nothing', 'microsoft', 'defender', 'well', 'bad', 'firewall']",47,21
51,Microsoft,Neutral,"Not exactly. Free means the I nothing your data. During nothing early days of Avast and AVG, I used to say it was better than the. Now, price think is - and Microsoft Defender - is better than this bad firewall.",not exactly free mean nothing data nothing early day avast average use say good price think microsoft defender well bad firewall,"['not', 'exactly', 'free', 'mean', 'nothing', 'data', 'nothing', 'early', 'day', 'avast', 'average', 'use', 'say', 'good', 'price', 'think', 'microsoft', 'defender', 'well', 'bad', 'firewall']",47,21
51,Microsoft,Neutral,"Not exactly. your means the price is used data. During the of days early Avast and AVG, I Free to say it was better than nothing. Now, I think nothing - and Microsoft Defender - is better than this bad firewall.",not exactly mean price use data day early avast average free say well nothing think nothing microsoft defender well bad firewall,"['not', 'exactly', 'mean', 'price', 'use', 'data', 'day', 'early', 'avast', 'average', 'free', 'say', 'well', 'nothing', 'think', 'nothing', 'microsoft', 'defender', 'well', 'bad', 'firewall']",47,21
51,Microsoft,Neutral,"Not exactly. Free means the price is iodin not your data. During the early days of Avast and AVG, I used to say it was better than nothing. Now, today I think nothing - and Microsoft Defender - is better than this bad firewall.",not exactly free mean price iodin not data early day avast average use say well nothing today think nothing microsoft defender well bad firewall,"['not', 'exactly', 'free', 'mean', 'price', 'iodin', 'not', 'data', 'early', 'day', 'avast', 'average', 'use', 'say', 'well', 'nothing', 'today', 'think', 'nothing', 'microsoft', 'defender', 'well', 'bad', 'firewall']",50,24
51,Microsoft,Neutral,"Not exactly. Free means the price is your data. During the early days of Avast just and AVG, I used to say it was better than nothing. Now, I think victimised nothing - and Microsoft Defender - is better nil than this bad firewall.",not exactly free mean price data early day avast average use say well nothing think victimise nothing microsoft defender well nil bad firewall,"['not', 'exactly', 'free', 'mean', 'price', 'data', 'early', 'day', 'avast', 'average', 'use', 'say', 'well', 'nothing', 'think', 'victimise', 'nothing', 'microsoft', 'defender', 'well', 'nil', 'bad', 'firewall']",50,23
51,Microsoft,Neutral,"Not exactly. Free means the price is your data. During the days of Avast and AVG, I used to say it better than nothing. Now, I think nothing - and Defender - better this bad firewall.",not exactly free mean price data day avast average use say well nothing think nothing defender well bad firewall,"['not', 'exactly', 'free', 'mean', 'price', 'data', 'day', 'avast', 'average', 'use', 'say', 'well', 'nothing', 'think', 'nothing', 'defender', 'well', 'bad', 'firewall']",42,19
51,Microsoft,Neutral,"Not exactly. Free means the price is your data. During the early days of Avast AVG, I to say it better than nothing. Now, I think nothing - and Microsoft Defender - is better this bad.",not exactly free mean price data early day avast average say well nothing think nothing microsoft defender well bad,"['not', 'exactly', 'free', 'mean', 'price', 'data', 'early', 'day', 'avast', 'average', 'say', 'well', 'nothing', 'think', 'nothing', 'microsoft', 'defender', 'well', 'bad']",42,19
52,TomClancysGhostRecon,Negative,Just tried @GhostRecon_UK for the first time in months and it's still a bug riddled mess. Seriously guy just abandon it and move on. It's dead now.,try first time month still bug riddled mess seriously guy abandon move dead,"['try', 'first', 'time', 'month', 'still', 'bug', 'riddled', 'mess', 'seriously', 'guy', 'abandon', 'move', 'dead']",30,13
52,TomClancysGhostRecon,Negative,Just tried @GhostRecon_UK for the first time in months and abandon still a bug riddled mess. Seriously It's just it's it and move on. guy dead now.,try first time month abandon still bug riddled mess seriously move guy dead,"['try', 'first', 'time', 'month', 'abandon', 'still', 'bug', 'riddled', 'mess', 'seriously', 'move', 'guy', 'dead']",30,13
52,TomClancysGhostRecon,Negative,Just tried @GhostRecon_UK for the first time in months just dead still a bug riddled mess. Seriously guy and abandon it and move on. It's it's now.,try first time month dead still bug riddled mess seriously guy abandon move,"['try', 'first', 'time', 'month', 'dead', 'still', 'bug', 'riddled', 'mess', 'seriously', 'guy', 'abandon', 'move']",30,13
52,TomClancysGhostRecon,Negative,Just tried @GhostRecon_UK for month the first time in months and it's still a bug riddled mess. Seriously guy just abandon it and move on. It's dead mussiness now.,tried month first time month still bug riddled mess seriously guy abandon move dead mussiness,"['tried', 'month', 'first', 'time', 'month', 'still', 'bug', 'riddled', 'mess', 'seriously', 'guy', 'abandon', 'move', 'dead', 'mussiness']",32,15
52,TomClancysGhostRecon,Negative,Just tried @GhostRecon_UK for the first time in months and interpenetrate it's still a bug riddled mess. Seriously guy just IT abandon it and move on. It's dead now.,try first time month interpenetrate still bug riddled mess seriously guy abandon move dead,"['try', 'first', 'time', 'month', 'interpenetrate', 'still', 'bug', 'riddled', 'mess', 'seriously', 'guy', 'abandon', 'move', 'dead']",32,14
52,TomClancysGhostRecon,Negative,Just tried @ for the first months and it's still a riddled mess. Seriously guy just abandon it and move on. It's dead now.,try first month still riddle mess seriously guy abandon move dead,"['try', 'first', 'month', 'still', 'riddle', 'mess', 'seriously', 'guy', 'abandon', 'move', 'dead']",27,11
52,TomClancysGhostRecon,Negative,Just tried @GhostRecon_UK for the first time in months and it's a bug riddled mess. just abandon it and move on. It's now.,try first time month bug riddle mess abandon move,"['try', 'first', 'time', 'month', 'bug', 'riddle', 'mess', 'abandon', 'move']",26,9
53,NBA2K,Irrelevant,@ YoyaltyGaming I can't see them.,cannot see,"['cannot', 'see']",7,2
53,NBA2K,Irrelevant,@ can't I YoyaltyGaming see them.,yoyaltygaming see,"['yoyaltygaming', 'see']",7,2
53,NBA2K,Irrelevant,@ see I can't YoyaltyGaming them.,cannot yoyaltygaming,"['cannot', 'yoyaltygaming']",7,2
53,NBA2K,Irrelevant,@ YoyaltyGaming assure I can't see them.,assure cannot see,"['assure', 'cannot', 'see']",8,3
53,NBA2K,Irrelevant,@ YoyaltyGaming i I can't see them.,cannot see,"['cannot', 'see']",8,2
53,NBA2K,Irrelevant,@ YoyaltyGaming I can't see.,cannot see,"['cannot', 'see']",6,2
53,NBA2K,Irrelevant,@ YoyaltyGaming can't see them.,cannot see,"['cannot', 'see']",6,2
54,Microsoft,Irrelevant,Uh huh pic.facebook.com / bi5qYQfatb,uh huh,"['uh', 'huh']",5,2
54,Microsoft,Irrelevant,Uh facebook pic.huh.com / bi5qYQfatb,uh facebook,"['uh', 'facebook']",5,2
54,Microsoft,Irrelevant,facebook huh pic.Uh.com / bi5qYQfatb,facebook huh,"['facebook', 'huh']",5,2
54,Microsoft,Irrelevant,Uh huh pic.facebook. / bi5qYQfatb,uh huh pic facebook bi qyqfatb,"['uh', 'huh', 'pic', 'facebook', 'bi', 'qyqfatb']",6,6
54,Microsoft,Irrelevant,Uh pic.facebook.com / bi5qYQfatb,uh,['uh'],4,1
55,Nvidia,Irrelevant#Positive,"than $500 on the AERO VA OLED - Award winning design, stunning 4K OLED panel, color in front edge of kitchen oven, with i7 core and Nvidia Core 4. This is a no work from home, create anywhere laptop! buff.ly/3kd6oRQ",aero va oled award win design stun oled panel color front edge kitchen oven core nvidia core no work home create anywhere laptop,"['aero', 'va', 'oled', 'award', 'win', 'design', 'stun', 'oled', 'panel', 'color', 'front', 'edge', 'kitchen', 'oven', 'core', 'nvidia', 'core', 'no', 'work', 'home', 'create', 'anywhere', 'laptop']",47,23
55,Nvidia,Irrelevant#Positive,"than $500 anywhere create AERO VA OLED - Award winning design, stunning 4K OLED panel, color in front edge of kitchen oven, with i7 core and Nvidia Core 4. This is a no work buff home, the on laptop! from.ly/3kd6oRQ",anywhere create aero va oled award win design stun oled panel color front edge kitchen oven core nvidia core no work buff home laptop,"['anywhere', 'create', 'aero', 'va', 'oled', 'award', 'win', 'design', 'stun', 'oled', 'panel', 'color', 'front', 'edge', 'kitchen', 'oven', 'core', 'nvidia', 'core', 'no', 'work', 'buff', 'home', 'laptop']",47,24
55,Nvidia,Irrelevant#Positive,"than $500 on the AERO VA OLED - laptop winning Nvidia, stunning 4K OLED panel, color in front edge of kitchen oven, with i7 4 and design Core core. This is a no work from home, create anywhere Award! buff.ly/3kd6oRQ",aero va oled laptop win nvidia stun oled panel color front edge kitchen oven design core core no work home create anywhere award,"['aero', 'va', 'oled', 'laptop', 'win', 'nvidia', 'stun', 'oled', 'panel', 'color', 'front', 'edge', 'kitchen', 'oven', 'design', 'core', 'core', 'no', 'work', 'home', 'create', 'anywhere', 'award']",47,23
55,Nvidia,Irrelevant#Positive,"than $500 national on the AERO VA OLED - Award winning design, stunning 4K OLED panel, color in front edge of kitchen oven, with i7 core and Nvidia Core 4. d This is a no work from taking home, create anywhere laptop! buff.ly/3kd6oRQ",national aero va oled award win design stun oled panel color front edge kitchen oven core nvidia core no work take home create anywhere laptop,"['national', 'aero', 'va', 'oled', 'award', 'win', 'design', 'stun', 'oled', 'panel', 'color', 'front', 'edge', 'kitchen', 'oven', 'core', 'nvidia', 'core', 'no', 'work', 'take', 'home', 'create', 'anywhere', 'laptop']",50,25
55,Nvidia,Irrelevant#Positive,"than $500 on the AERO VA OLED - Award stun winning design, stunning 4K OLED panel, color in front edge of kitchen oven, with i7 core and Nvidia Core 4. This is a no work from adenine home, A create anywhere laptop! buff.ly/3kd6oRQ",aero va oled award stun win design stun oled panel color front edge kitchen oven core nvidia core no work adenine home create anywhere laptop,"['aero', 'va', 'oled', 'award', 'stun', 'win', 'design', 'stun', 'oled', 'panel', 'color', 'front', 'edge', 'kitchen', 'oven', 'core', 'nvidia', 'core', 'no', 'work', 'adenine', 'home', 'create', 'anywhere', 'laptop']",50,25
55,Nvidia,Irrelevant#Positive,"than $ on the AERO VA OLED - Award winning design, stunning OLED panel, color in front edge of kitchen oven, with i7 core Nvidia Core 4. This a no work from, create anywhere laptop! buff.ly/",aero va oled award win design stun oled panel color front edge kitchen oven core nvidia core no work create anywhere laptop,"['aero', 'va', 'oled', 'award', 'win', 'design', 'stun', 'oled', 'panel', 'color', 'front', 'edge', 'kitchen', 'oven', 'core', 'nvidia', 'core', 'no', 'work', 'create', 'anywhere', 'laptop']",42,22
55,Nvidia,Irrelevant#Positive,"than $500 on the OLED - Award winning design, 4K OLED, color in front edge of kitchen oven, i7 core and Core 4. This is a no work from home, create anywhere laptop! buff.ly/3kd6oRQ",oled award win design oled color front edge kitchen oven core core no work home create anywhere laptop,"['oled', 'award', 'win', 'design', 'oled', 'color', 'front', 'edge', 'kitchen', 'oven', 'core', 'core', 'no', 'work', 'home', 'create', 'anywhere', 'laptop']",41,18
56,PlayerUnknownsBattlegrounds(PUBG),Positive,Congratulations guys finally PUBG UNBAN ho gye thnks @ZakaWaqar  thnks all pubg lover .,congratulation guy finally pubg unban ho gye thnks thnks pubg lover,"['congratulation', 'guy', 'finally', 'pubg', 'unban', 'ho', 'gye', 'thnks', 'thnks', 'pubg', 'lover']",14,11
56,PlayerUnknownsBattlegrounds(PUBG),Positive,Congratulations ho finally PUBG UNBAN guys gye thnks @ZakaWaqar  thnks all pubg lover .,congratulation ho finally pubg unban guy gye thnks thnks pubg lover,"['congratulation', 'ho', 'finally', 'pubg', 'unban', 'guy', 'gye', 'thnks', 'thnks', 'pubg', 'lover']",14,11
56,PlayerUnknownsBattlegrounds(PUBG),Positive,all guys finally PUBG UNBAN ho gye thnks @ZakaWaqar  thnks Congratulations pubg lover .,guy finally pubg unban ho gye thnks thnks congratulation pubg lover,"['guy', 'finally', 'pubg', 'unban', 'ho', 'gye', 'thnks', 'thnks', 'congratulation', 'pubg', 'lover']",14,11
56,PlayerUnknownsBattlegrounds(PUBG),Positive,Congratulations guys finally PUBG UNBAN ho gye thnks @ZakaWaqar  thnks all buff pubg lover .,congratulation guy finally pubg unban ho gye thnks thnks buff pubg lover,"['congratulation', 'guy', 'finally', 'pubg', 'unban', 'ho', 'gye', 'thnks', 'thnks', 'buff', 'pubg', 'lover']",15,12
56,PlayerUnknownsBattlegrounds(PUBG),Positive,Congratulations guys finally PUBG UNBAN ho ultimately gye thnks @ZakaWaqar  thnks all pubg lover .,congratulation guy finally pubg unban ho ultimately gye thnks thnks pubg lover,"['congratulation', 'guy', 'finally', 'pubg', 'unban', 'ho', 'ultimately', 'gye', 'thnks', 'thnks', 'pubg', 'lover']",15,12
56,PlayerUnknownsBattlegrounds(PUBG),Positive,Congratulations guys finally PUBG UNBAN ho gye thnks @ZakaWaqar  thnks all pubg .,congratulation guy finally pubg unban ho gye thnks thnks pubg,"['congratulation', 'guy', 'finally', 'pubg', 'unban', 'ho', 'gye', 'thnks', 'thnks', 'pubg']",13,10
56,PlayerUnknownsBattlegrounds(PUBG),Positive,guys finally PUBG UNBAN ho gye thnks @ZakaWaqar  thnks all pubg lover .,guy finally pubg unban ho gye thnks thnks pubg lover,"['guy', 'finally', 'pubg', 'unban', 'ho', 'gye', 'thnks', 'thnks', 'pubg', 'lover']",13,10
57,Fortnite,Positive,"A new game racing mode called "" Liferun "" will be added to Fortnite very effective soon! It will first ever be showcased at PAX South in a few extra days.... In this game mode you'll play here as only a Red Green Cross Society Worker with racing to always save the lives of characters in 4 different missions!. via ) @AdamGrenade im excited!",new game race mode call liferun add fortnite very effective soon first ever showcased pax south extra day game mode play red green cross society worker race always save live character different mission via excited,"['new', 'game', 'race', 'mode', 'call', 'liferun', 'add', 'fortnite', 'very', 'effective', 'soon', 'first', 'ever', 'showcased', 'pax', 'south', 'extra', 'day', 'game', 'mode', 'play', 'red', 'green', 'cross', 'society', 'worker', 'race', 'always', 'save', 'live', 'character', 'different', 'mission', 'via', 'excited']",69,35
57,Fortnite,Positive,"A new game racing Red added "" Liferun "" will be this to Fortnite very effective soon! It will first ever be showcased at PAX South in a few a called.... In days game mode you'll play here as only extra mode Green Cross Society Worker racing with to always save the lives of characters in 4 different missions!. via ) @AdamGrenade im excited!",new game racing red added liferun fortnite very effective soon first ever showcased pax south call day game mode play extra mode green cross society worker race always save live character different mission via excited,"['new', 'game', 'racing', 'red', 'added', 'liferun', 'fortnite', 'very', 'effective', 'soon', 'first', 'ever', 'showcased', 'pax', 'south', 'call', 'day', 'game', 'mode', 'play', 'extra', 'mode', 'green', 'cross', 'society', 'worker', 'race', 'always', 'save', 'live', 'character', 'different', 'mission', 'via', 'excited']",69,35
57,Fortnite,Positive,"A new game racing will called "" Liferun "" will be Red to Fortnite very effective soon! It mode first ever be extra at PAX South in a few showcased you'll.... In this excited mode days play here as only a added Green Cross Society Worker with racing to always save the lives of characters in 4 different missions!. via ) @AdamGrenade im game!",new game racing call liferun red fortnite very effective soon mode first ever extra pax south showcased excited mode day play add green cross society worker race always save live character different mission via game,"['new', 'game', 'racing', 'call', 'liferun', 'red', 'fortnite', 'very', 'effective', 'soon', 'mode', 'first', 'ever', 'extra', 'pax', 'south', 'showcased', 'excited', 'mode', 'day', 'play', 'add', 'green', 'cross', 'society', 'worker', 'race', 'always', 'save', 'live', 'character', 'different', 'mission', 'via', 'game']",69,35
57,Fortnite,Positive,"A new game racing mode called "" Liferun "" will be added visit to Fortnite very effective soon! It will bequeath first ever be showcased at PAX South in a few extra days.... In this game mode you'll play here as only a Red Green Cross Society Worker with racing to always save the lives of characters in 4 different missions!. shortly via ) @constitute AdamGrenade im incessantly excited!",new game race mode call liferun add visit fortnite very effective soon bequeath first ever showcased pax south extra day game mode play red green cross society worker race always save live character different mission shortly via adamgrenade incessantly excite,"['new', 'game', 'race', 'mode', 'call', 'liferun', 'add', 'visit', 'fortnite', 'very', 'effective', 'soon', 'bequeath', 'first', 'ever', 'showcased', 'pax', 'south', 'extra', 'day', 'game', 'mode', 'play', 'red', 'green', 'cross', 'society', 'worker', 'race', 'always', 'save', 'live', 'character', 'different', 'mission', 'shortly', 'via', 'adamgrenade', 'incessantly', 'excite']",74,40
57,Fortnite,Positive,"Confederacy always A new game racing mode called "" Liferun "" will be added to Fortnite very effective soon! It will first ever be showcased at PAX South in a few extra days.... In this game mode you'll play amp here as only a Red sprightliness Green Cross Society Worker with racing to always save the lives of characters in 4 different missions!. southward via ) @AdamGrenade im excited!",confederacy always new game race mode call liferun add fortnite very effective soon first ever showcased pax south extra day game mode play amp red sprightliness green cross society worker race always save live character different mission southward via excited,"['confederacy', 'always', 'new', 'game', 'race', 'mode', 'call', 'liferun', 'add', 'fortnite', 'very', 'effective', 'soon', 'first', 'ever', 'showcased', 'pax', 'south', 'extra', 'day', 'game', 'mode', 'play', 'amp', 'red', 'sprightliness', 'green', 'cross', 'society', 'worker', 'race', 'always', 'save', 'live', 'character', 'different', 'mission', 'southward', 'via', 'excited']",74,40
57,Fortnite,Positive,"A new game racing mode "" Liferun "" be added to Fortnite very effective soon! It will first be showcased at PAX South in few extra days.... In this you'll play here as only a Red Green Cross Worker with to always save the lives of characters in 4 different!. via ) @AdamGrenade im excited!",new game race mode liferun add fortnite very effective soon first showcased pax south extra day play red green cross worker always save live character different via excited,"['new', 'game', 'race', 'mode', 'liferun', 'add', 'fortnite', 'very', 'effective', 'soon', 'first', 'showcased', 'pax', 'south', 'extra', 'day', 'play', 'red', 'green', 'cross', 'worker', 'always', 'save', 'live', 'character', 'different', 'via', 'excited']",60,28
57,Fortnite,Positive,"A new game racing mode "" Liferun "" will be added to Fortnite effective! It will first ever showcased at PAX in a few days.... In this game mode you'll play here as only a Green Cross Society Worker with racing to always save the of characters in 4 different!. via ) @AdamGrenade im excited!",new game race mode liferun add fortnite effective first ever showcased pax day game mode play green cross society worker race always save character different via excited,"['new', 'game', 'race', 'mode', 'liferun', 'add', 'fortnite', 'effective', 'first', 'ever', 'showcased', 'pax', 'day', 'game', 'mode', 'play', 'green', 'cross', 'society', 'worker', 'race', 'always', 'save', 'character', 'different', 'via', 'excited']",60,27
58,Microsoft,Negative,Microsoft falls after Microsoft forgot to issue a certificate: -))))))) theverge.com / 2020 / 2 / 3 / 21120...,microsoft fall microsoft forgot issue certificate,"['microsoft', 'fall', 'microsoft', 'forgot', 'issue', 'certificate']",24,6
58,Microsoft,Negative,Microsoft 2 after Microsoft forgot to issue a certificate: -))))))) theverge.com / 2020 / falls / 3 / 21120...,microsoft microsoft forget issue certificate fall,"['microsoft', 'microsoft', 'forget', 'issue', 'certificate', 'fall']",24,6
58,Microsoft,Negative,Microsoft falls certificate Microsoft forgot to issue a after: -))))))) theverge.com / 2020 / 2 / 3 / 21120...,microsoft fall certificate microsoft forgot issue,"['microsoft', 'fall', 'certificate', 'microsoft', 'forgot', 'issue']",24,6
58,Microsoft,Negative,Microsoft falls after Microsoft forgot to issue a certificate: -))))))) afterward theverge.com / 2020 / 2 / 3 / 21120...,microsoft fall microsoft forgot issue certificate afterward,"['microsoft', 'fall', 'microsoft', 'forgot', 'issue', 'certificate', 'afterward']",25,7
58,Microsoft,Negative,number Microsoft falls after Microsoft forgot to issue a certificate: -))))))) theverge.com / 2020 / 2 / 3 / 21120...,number microsoft fall microsoft forgot issue certificate,"['number', 'microsoft', 'fall', 'microsoft', 'forgot', 'issue', 'certificate']",25,7
58,Microsoft,Negative,Microsoft after Microsoft forgot to issue a certificate: -))))))) theverge.com / 2020 / / 3 / 21120...,microsoft microsoft forget issue certificate,"['microsoft', 'microsoft', 'forget', 'issue', 'certificate']",22,5
58,Microsoft,Negative,Microsoft falls after forgot to issue a certificate: -))))))) theverge. / 2020 / 2 / 3 / 21120...,microsoft fall forgot issue certificate theverge,"['microsoft', 'fall', 'forgot', 'issue', 'certificate', 'theverge']",24,6
59,Borderlands,Positive,"New Borderlands Ports on Switch are so good, 100% gave no complaints, definitely worth it, can’t wait to get Bioshock Collection soon.",new borderland port switch good give no complaint definitely worth cannot wait get bioshock collection soon,"['new', 'borderland', 'port', 'switch', 'good', 'give', 'no', 'complaint', 'definitely', 'worth', 'cannot', 'wait', 'get', 'bioshock', 'collection', 'soon']",29,16
59,Borderlands,Positive,"New Borderlands Ports on Switch are so get, definitely% gave no complaints, 100 worth it, can’t wait to good Bioshock Collection soon.",new borderland port switch get definitely give no complaint worth cannot wait good bioshock collection soon,"['new', 'borderland', 'port', 'switch', 'get', 'definitely', 'give', 'no', 'complaint', 'worth', 'cannot', 'wait', 'good', 'bioshock', 'collection', 'soon']",29,16
59,Borderlands,Positive,"New Ports to on Switch are so good, 100% gave no complaints, definitely worth it, can’t wait Borderlands get Bioshock Collection soon.",new port switch good give no complaint definitely worth cannot wait borderland get bioshock collection soon,"['new', 'port', 'switch', 'good', 'give', 'no', 'complaint', 'definitely', 'worth', 'cannot', 'wait', 'borderland', 'get', 'bioshock', 'collection', 'soon']",29,16
59,Borderlands,Positive,"New Borderlands Ports on Switch are so good, 100% gave no complaints, definitely worth it, can’t wait equal to along get Bioshock Collection soon.",new borderland port switch good give no complaint definitely worth cannot wait equal along get bioshock collection soon,"['new', 'borderland', 'port', 'switch', 'good', 'give', 'no', 'complaint', 'definitely', 'worth', 'cannot', 'wait', 'equal', 'along', 'get', 'bioshock', 'collection', 'soon']",31,18
59,Borderlands,Positive,"ill New Borderlands Ports on Switch are so good, 100% gave no complaints, shortly definitely worth it, can’t wait to get Bioshock Collection soon.",ill new borderland port switch good give no complaint shortly definitely worth cannot wait get bioshock collection soon,"['ill', 'new', 'borderland', 'port', 'switch', 'good', 'give', 'no', 'complaint', 'shortly', 'definitely', 'worth', 'cannot', 'wait', 'get', 'bioshock', 'collection', 'soon']",31,18
59,Borderlands,Positive,"New Borderlands Ports on Switch are good, 100% gave no complaints, definitely worth, can’t wait get Bioshock Collection soon.",new borderland port switch good give no complaint definitely worth cannot wait get bioshock collection soon,"['new', 'borderland', 'port', 'switch', 'good', 'give', 'no', 'complaint', 'definitely', 'worth', 'cannot', 'wait', 'get', 'bioshock', 'collection', 'soon']",26,16
59,Borderlands,Positive,"New Borderlands on Switch are so good,% gave no, definitely worth it, can’t wait to get Bioshock Collection soon.",new borderland switch good give no definitely worth cannot wait get bioshock collection soon,"['new', 'borderland', 'switch', 'good', 'give', 'no', 'definitely', 'worth', 'cannot', 'wait', 'get', 'bioshock', 'collection', 'soon']",26,14
60,Cyberpunk2077,Negative,I ’ m really bummed that @CyberpunkGame is only first person. 5 I think your 3rd person is always leading the move forward for successful side story games. The camera angles while playing just really seems so awkward and leave your game constantly struggling to enjoy the surrounding details. 4 This is going to hurt me their success,really bum first person think rd person always lead move forward successful side story game camera angle play really seem awkward leave game constantly struggle enjoy surround detail go hurt success,"['really', 'bum', 'first', 'person', 'think', 'rd', 'person', 'always', 'lead', 'move', 'forward', 'successful', 'side', 'story', 'game', 'camera', 'angle', 'play', 'really', 'seem', 'awkward', 'leave', 'game', 'constantly', 'struggle', 'enjoy', 'surround', 'detail', 'go', 'hurt', 'success']",61,31
60,Cyberpunk2077,Negative,I ’ m really story that @CyberpunkGame is only first person. 5 I think your 3rd success is and leading the is forward for successful side bummed games. The camera angles while playing just really seems so awkward always leave your game constantly struggling to enjoy the surrounding details. 4 This move going to hurt me their person,really story first person think rd success lead forward successful side bum game camera angle play really seem awkward always leave game constantly struggle enjoy surround detail move go hurt person,"['really', 'story', 'first', 'person', 'think', 'rd', 'success', 'lead', 'forward', 'successful', 'side', 'bum', 'game', 'camera', 'angle', 'play', 'really', 'seem', 'awkward', 'always', 'leave', 'game', 'constantly', 'struggle', 'enjoy', 'surround', 'detail', 'move', 'go', 'hurt', 'person']",61,31
60,Cyberpunk2077,Negative,I ’ to really bummed games @CyberpunkGame is only first person. 5 I think your 3rd person is always leading the move forward for successful side story that. This camera angles while playing just really details so awkward and leave your game constantly struggling to enjoy the surrounding seems. 4 The is going m hurt me their success,really bum game first person think rd person always lead move forward successful side story camera angle play really detail awkward leave game constantly struggle enjoy surround seem go hurt success,"['really', 'bum', 'game', 'first', 'person', 'think', 'rd', 'person', 'always', 'lead', 'move', 'forward', 'successful', 'side', 'story', 'camera', 'angle', 'play', 'really', 'detail', 'awkward', 'leave', 'game', 'constantly', 'struggle', 'enjoy', 'surround', 'seem', 'go', 'hurt', 'success']",61,31
60,Cyberpunk2077,Negative,I ’ m really bummed that @CyberpunkGame is only first person. 5 I think your 3rd person is always leading the move forward for successful side story games. The camera angles seem while playing just firstly really seems so awkward and leave your game constantly struggling to enjoy the environ surrounding blend details. 4 This is going to hurt me their success,really bum first person think rd person always lead move forward successful side story game camera angle seem play firstly really seem awkward leave game constantly struggle enjoy environ surround blend detail go hurt success,"['really', 'bum', 'first', 'person', 'think', 'rd', 'person', 'always', 'lead', 'move', 'forward', 'successful', 'side', 'story', 'game', 'camera', 'angle', 'seem', 'play', 'firstly', 'really', 'seem', 'awkward', 'leave', 'game', 'constantly', 'struggle', 'enjoy', 'environ', 'surround', 'blend', 'detail', 'go', 'hurt', 'success']",65,35
60,Cyberpunk2077,Negative,I ’ m really bummed that @entirely CyberpunkGame is only first person. 5 I think your 3rd allow expire person is always leading the move forward for successful side story games. The camera exclusively angles while playing just really seems so awkward and leave your game constantly struggling to enjoy the surrounding details. 4 This is going very to hurt me their success,really bum cyberpunkgame first person think rd allow expire person always lead move forward successful side story game camera exclusively angle play really seem awkward leave game constantly struggle enjoy surround detail go very hurt success,"['really', 'bum', 'cyberpunkgame', 'first', 'person', 'think', 'rd', 'allow', 'expire', 'person', 'always', 'lead', 'move', 'forward', 'successful', 'side', 'story', 'game', 'camera', 'exclusively', 'angle', 'play', 'really', 'seem', 'awkward', 'leave', 'game', 'constantly', 'struggle', 'enjoy', 'surround', 'detail', 'go', 'very', 'hurt', 'success']",66,36
60,Cyberpunk2077,Negative,I ’ m really bummed @CyberpunkGame is only. 5 I think your person is leading the move forward for successful side. The camera angles while playing just really seems so awkward and leave your game constantly struggling to enjoy surrounding details. 4 This is going to hurt me their success,really bum think person lead move forward successful side camera angle play really seem awkward leave game constantly struggle enjoy surround detail go hurt success,"['really', 'bum', 'think', 'person', 'lead', 'move', 'forward', 'successful', 'side', 'camera', 'angle', 'play', 'really', 'seem', 'awkward', 'leave', 'game', 'constantly', 'struggle', 'enjoy', 'surround', 'detail', 'go', 'hurt', 'success']",53,25
60,Cyberpunk2077,Negative,’ m really @CyberpunkGame is only first person. 5 I think your person is always leading the move forward for side games. The camera angles while playing just really seems awkward and leave your constantly struggling to enjoy the surrounding details. 4 This is going to hurt me their success,really first person think person always lead move forward side game camera angle play really seem awkward leave constantly struggle enjoy surround detail go hurt success,"['really', 'first', 'person', 'think', 'person', 'always', 'lead', 'move', 'forward', 'side', 'game', 'camera', 'angle', 'play', 'really', 'seem', 'awkward', 'leave', 'constantly', 'struggle', 'enjoy', 'surround', 'detail', 'go', 'hurt', 'success']",53,26
61,CallOfDutyBlackopsColdWar,Irrelevant,"Scump, Simp, Loony, Slacked",scump simp loony slack,"['scump', 'simp', 'loony', 'slack']",7,4
61,CallOfDutyBlackopsColdWar,Irrelevant,"Scump, Slacked, Loony, Simp",scump slack loony simp,"['scump', 'slack', 'loony', 'simp']",7,4
61,CallOfDutyBlackopsColdWar,Irrelevant,"Simp, Scump, Loony, Slacked",simp scump loony slack,"['simp', 'scump', 'loony', 'slack']",7,4
61,CallOfDutyBlackopsColdWar,Irrelevant,"Scump, Simp, Loony, slow Slacked",scump simp loony slow slack,"['scump', 'simp', 'loony', 'slow', 'slack']",8,5
61,CallOfDutyBlackopsColdWar,Irrelevant,"Scump, slake Simp, Loony, Slacked",scump slake simp loony slack,"['scump', 'slake', 'simp', 'loony', 'slack']",8,5
61,CallOfDutyBlackopsColdWar,Irrelevant,", Simp, Loony, Slacked",simp loony slack,"['simp', 'loony', 'slack']",6,3
61,CallOfDutyBlackopsColdWar,Irrelevant,"Scump, Simp, Loony, ",scump simp loony,"['scump', 'simp', 'loony']",6,3
62,Nvidia,Positive,"It's take a while, but great to see the RTX real-time ray tracing technology lent out to even more mainstream games. The addition aboard @nvidia represents a big one.",take but great see rtx real time ray trace technology lend even mainstream game addition aboard represent big one,"['take', 'but', 'great', 'see', 'rtx', 'real', 'time', 'ray', 'trace', 'technology', 'lend', 'even', 'mainstream', 'game', 'addition', 'aboard', 'represent', 'big', 'one']",32,19
62,Nvidia,Positive,"It's take a more, but aboard to see the RTX real-time ray tracing technology lent out to even while mainstream games. The addition great @nvidia represents a big one.",take but aboard see rtx real time ray trace technology lend even mainstream game addition great represent big one,"['take', 'but', 'aboard', 'see', 'rtx', 'real', 'time', 'ray', 'trace', 'technology', 'lend', 'even', 'mainstream', 'game', 'addition', 'great', 'represent', 'big', 'one']",32,19
62,Nvidia,Positive,"one take a while, but great to see the RTX out ray tracing technology lent real-time to even more mainstream games. The addition aboard @nvidia represents a big It's.",one take but great see rtx ray trace technology lent real time even mainstream game addition aboard represent big,"['one', 'take', 'but', 'great', 'see', 'rtx', 'ray', 'trace', 'technology', 'lent', 'real', 'time', 'even', 'mainstream', 'game', 'addition', 'aboard', 'represent', 'big']",32,19
62,Nvidia,Positive,"It's take a while, but bighearted great merely to see the RTX real-time ray tracing technology lent out to even more mainstream games. The addition aboard @nvidia represents a big one.",take but bighearted great merely see rtx real time ray trace technology lend even mainstream game addition aboard represent big one,"['take', 'but', 'bighearted', 'great', 'merely', 'see', 'rtx', 'real', 'time', 'ray', 'trace', 'technology', 'lend', 'even', 'mainstream', 'game', 'addition', 'aboard', 'represent', 'big', 'one']",34,21
62,Nvidia,Positive,"It's take a while, but great to see the RTX real-time ray tracing punt technology lent out to yet even more mainstream games. The addition aboard @nvidia represents a big one.",take but great see rtx real time ray trace punt technology lent yet even mainstream game addition aboard represent big one,"['take', 'but', 'great', 'see', 'rtx', 'real', 'time', 'ray', 'trace', 'punt', 'technology', 'lent', 'yet', 'even', 'mainstream', 'game', 'addition', 'aboard', 'represent', 'big', 'one']",34,21
62,Nvidia,Positive,"It's take a while, great to see the real-time ray tracing lent out to even more games. The addition aboard @nvidia represents a big one.",take great see real time ray trace lent even game addition aboard represent big one,"['take', 'great', 'see', 'real', 'time', 'ray', 'trace', 'lent', 'even', 'game', 'addition', 'aboard', 'represent', 'big', 'one']",28,15
62,Nvidia,Positive,"It's take a while, to see the RTX ray tracing technology lent out to even more mainstream games. addition aboard @nvidia represents a big one.",take see rtx ray trace technology lend even mainstream game addition aboard represent big one,"['take', 'see', 'rtx', 'ray', 'trace', 'technology', 'lend', 'even', 'mainstream', 'game', 'addition', 'aboard', 'represent', 'big', 'one']",28,15
63,CallOfDuty,Negative,@CallofDuty has gotten over 156GB. . . Absolutely pathetic.,gotten over gb absolutely pathetic,"['gotten', 'over', 'gb', 'absolutely', 'pathetic']",9,5
63,CallOfDuty,Negative,@CallofDuty has gotten over 156GB. . . pathetic Absolutely.,gotten over gb pathetic absolutely,"['gotten', 'over', 'gb', 'pathetic', 'absolutely']",9,5
63,CallOfDuty,Negative,@CallofDuty has gotten pathetic 156GB. . . Absolutely over.,get pathetic gb absolutely over,"['get', 'pathetic', 'gb', 'absolutely', 'over']",9,5
63,CallOfDuty,Negative,@CallofDuty has ended gotten over 156GB. . . Absolutely pathetic.,end gotten over gb absolutely pathetic,"['end', 'gotten', 'over', 'gb', 'absolutely', 'pathetic']",10,6
63,CallOfDuty,Negative,@dumbfound CallofDuty has gotten over 156GB. . . Absolutely pathetic.,callofduty gotten over gb absolutely pathetic,"['callofduty', 'gotten', 'over', 'gb', 'absolutely', 'pathetic']",10,6
63,CallOfDuty,Negative,@CallofDuty gotten over 156GB. . . Absolutely pathetic.,gotten over gb absolutely pathetic,"['gotten', 'over', 'gb', 'absolutely', 'pathetic']",8,5
63,CallOfDuty,Negative,@CallofDuty has gotten over. . . Absolutely pathetic.,gotten over absolutely pathetic,"['gotten', 'over', 'absolutely', 'pathetic']",8,4
64,Hearthstone,Positive,"The new @ PlayHearthstone expansion looks like it will add some really fun cards, and the old gods were my favorite expansion.",new expansion look like add really fun card old god favorite expansion,"['new', 'expansion', 'look', 'like', 'add', 'really', 'fun', 'card', 'old', 'god', 'favorite', 'expansion']",24,12
64,Hearthstone,Positive,"PlayHearthstone new @ The expansion looks like it cards add some really fun will, and the old gods were my favorite expansion.",playhearthstone new expansion look like card add really fun old god favorite expansion,"['playhearthstone', 'new', 'expansion', 'look', 'like', 'card', 'add', 'really', 'fun', 'old', 'god', 'favorite', 'expansion']",24,13
64,Hearthstone,Positive,"The new @ PlayHearthstone expansion looks like it old cards some really fun add, and the will gods were my favorite expansion.",new expansion look like old card really fun add god favorite expansion,"['new', 'expansion', 'look', 'like', 'old', 'card', 'really', 'fun', 'add', 'god', 'favorite', 'expansion']",24,12
64,Hearthstone,Positive,"The new @ PlayHearthstone God expansion looks like it will add some really fun cards, sport and the old gods were my favorite expansion.",new god expansion look like add really fun card sport old god favorite expansion,"['new', 'god', 'expansion', 'look', 'like', 'add', 'really', 'fun', 'card', 'sport', 'old', 'god', 'favorite', 'expansion']",26,14
64,Hearthstone,Positive,"The new @ constitute PlayHearthstone expansion looks like it will add some really fun cards, and the elaboration old gods were my favorite expansion.",new playhearthstone expansion look like add really fun card elaboration old god favorite expansion,"['new', 'playhearthstone', 'expansion', 'look', 'like', 'add', 'really', 'fun', 'card', 'elaboration', 'old', 'god', 'favorite', 'expansion']",26,14
64,Hearthstone,Positive,"The new @ PlayHearthstone expansion looks like it will add really fun cards, and the old were my expansion.",new expansion look like add really fun card old expansion,"['new', 'expansion', 'look', 'like', 'add', 'really', 'fun', 'card', 'old', 'expansion']",21,10
64,Hearthstone,Positive,"new @ PlayHearthstone expansion looks like it will add some really fun cards, and old gods were my expansion.",new expansion look like add really fun card old god expansion,"['new', 'expansion', 'look', 'like', 'add', 'really', 'fun', 'card', 'old', 'god', 'expansion']",21,11
65,MaddenNFL,Negative,@saquon you peep with ball carrier vision? They hurt 🤦. ‍.,peep ball carrier vision hurt,"['peep', 'ball', 'carrier', 'vision', 'hurt']",13,5
65,MaddenNFL,Negative,@ball you peep with saquon carrier vision? They hurt 🤦. ‍.,peep saquon carrier vision hurt,"['peep', 'saquon', 'carrier', 'vision', 'hurt']",13,5
65,MaddenNFL,Negative,@saquon you carrier with ball peep vision? They hurt 🤦. ‍.,carrier ball peep vision hurt,"['carrier', 'ball', 'peep', 'vision', 'hurt']",13,5
65,MaddenNFL,Negative,@saquon you peep with ball carrier vision? sight They hurt 🤦. ‍.,peep ball carrier vision sight hurt,"['peep', 'ball', 'carrier', 'vision', 'sight', 'hurt']",14,6
65,MaddenNFL,Negative,@saquon you peep with ball mailman carrier vision? They hurt 🤦. ‍.,peep ball mailman carrier vision hurt,"['peep', 'ball', 'mailman', 'carrier', 'vision', 'hurt']",14,6
65,MaddenNFL,Negative,@saquon you peep with ball carrier? They hurt 🤦. ‍.,peep ball carrier hurt,"['peep', 'ball', 'carrier', 'hurt']",12,4
65,MaddenNFL,Negative,@saquon you peep with ball vision? They hurt 🤦. ‍.,peep ball vision hurt,"['peep', 'ball', 'vision', 'hurt']",12,4
66,AssassinsCreed,Neutral#Positive,Found this perfect setting for Zeus,find perfect set zeus,"['find', 'perfect', 'set', 'zeus']",6,4
66,AssassinsCreed,Neutral#Positive,Found this Zeus setting for perfect,find zeus set perfect,"['find', 'zeus', 'set', 'perfect']",6,4
66,AssassinsCreed,Neutral#Positive,Found this setting perfect for Zeus,find set perfect zeus,"['find', 'set', 'perfect', 'zeus']",6,4
66,AssassinsCreed,Neutral#Positive,Found this perfect dress setting for Zeus,find perfect dress set zeus,"['find', 'perfect', 'dress', 'set', 'zeus']",7,5
66,AssassinsCreed,Neutral#Positive,Found this perfect setting incur for Zeus,find perfect set incur zeus,"['find', 'perfect', 'set', 'incur', 'zeus']",7,5
66,AssassinsCreed,Neutral#Positive,Found this perfect setting Zeus,find perfect set zeus,"['find', 'perfect', 'set', 'zeus']",5,4
66,AssassinsCreed,Neutral#Positive,Found this perfect setting for ,find perfect setting,"['find', 'perfect', 'setting']",5,3
67,TomClancysGhostRecon,Irrelevant#Positive,. Is beautiful @GhostRecon..,beautiful,['beautiful'],5,1
67,TomClancysGhostRecon,Irrelevant#Positive,. GhostRecon beautiful @Is..,ghostrecon beautiful,"['ghostrecon', 'beautiful']",5,2
67,TomClancysGhostRecon,Irrelevant#Positive,. beautiful Is @GhostRecon..,beautiful,['beautiful'],5,1
67,TomClancysGhostRecon,Irrelevant#Positive,. Is represent beautiful @GhostRecon..,represent beautiful,"['represent', 'beautiful']",6,2
67,TomClancysGhostRecon,Irrelevant#Positive,. comprise Is beautiful @GhostRecon..,comprise beautiful,"['comprise', 'beautiful']",6,2
67,TomClancysGhostRecon,Irrelevant#Positive,. Is beautiful @..,beautiful,['beautiful'],5,1
67,TomClancysGhostRecon,Irrelevant#Positive,. beautiful @GhostRecon..,beautiful,['beautiful'],4,1
68,LeagueOfLegends,Positive,Happy Happy Monday!!! Tonight we will be streaming me Playing League Of Legends and learning characters through ARAM!! can’t hope will see you all!,happy happy monday tonight stream play league legend learn character aram cannot hope see,"['happy', 'happy', 'monday', 'tonight', 'stream', 'play', 'league', 'legend', 'learn', 'character', 'aram', 'cannot', 'hope', 'see']",32,14
68,LeagueOfLegends,Positive,Happy Happy Monday!!! Tonight all will me streaming be Playing League Of Legends and learning characters through ARAM!! can’t hope will see you we!,happy happy monday tonight stream play league legend learn character aram cannot hope see,"['happy', 'happy', 'monday', 'tonight', 'stream', 'play', 'league', 'legend', 'learn', 'character', 'aram', 'cannot', 'hope', 'see']",32,14
68,LeagueOfLegends,Positive,Happy will Monday!!! Tonight we Happy be League me Playing streaming Of Legends and learning characters through ARAM!! can’t hope will see you all!,happy monday tonight happy league play stream legend learn character aram cannot hope see,"['happy', 'monday', 'tonight', 'happy', 'league', 'play', 'stream', 'legend', 'learn', 'character', 'aram', 'cannot', 'hope', 'see']",32,14
68,LeagueOfLegends,Positive,Happy Happy Monday!!! Tonight we will be streaming me Playing League Of Legends and learning characters through ARAM!! can’t personify conference hope will see you all!,happy happy monday tonight stream play league legend learn character aram cannot personify conference hope see,"['happy', 'happy', 'monday', 'tonight', 'stream', 'play', 'league', 'legend', 'learn', 'character', 'aram', 'cannot', 'personify', 'conference', 'hope', 'see']",34,16
68,LeagueOfLegends,Positive,Happy Happy Monday!!! Tonight we will be streaming me Playing League check Of Legends and learning characters through ARAM!! can’t hope will see you felicitous all!,happy happy monday tonight stream play league check legends learn character aram cannot hope see felicitous,"['happy', 'happy', 'monday', 'tonight', 'stream', 'play', 'league', 'check', 'legends', 'learn', 'character', 'aram', 'cannot', 'hope', 'see', 'felicitous']",34,16
68,LeagueOfLegends,Positive,Happy Happy Monday!!! Tonight we be streaming Playing League Of Legends and learning characters through!! can’t hope will see you all!,happy happy monday tonight stream play league legend learn character cannot hope see,"['happy', 'happy', 'monday', 'tonight', 'stream', 'play', 'league', 'legend', 'learn', 'character', 'cannot', 'hope', 'see']",29,13
68,LeagueOfLegends,Positive,Happy Happy Monday!!! will be streaming me League Of Legends and learning characters through ARAM!! can’t hope will see you all!,happy happy monday stream league legend learn character aram cannot hope see,"['happy', 'happy', 'monday', 'stream', 'league', 'legend', 'learn', 'character', 'aram', 'cannot', 'hope', 'see']",29,12
69,RedDeadRedemption(RDR),Positive,"A second and a half not watching it, I finally beat Red Dead Redemption III, a wonderfully rich game that kills you with a fantastic storyline if you constantly fight with deliberate controls and molasses coated pace. Can’t wait to seriously play RDR1 now for the first time.<unk>]",second half not watch finally beat red dead redemption ii wonderfully rich game kill fantastic storyline constantly fight deliberate control molasses coat pace cannot wait seriously play rdr first time unk,"['second', 'half', 'not', 'watch', 'finally', 'beat', 'red', 'dead', 'redemption', 'ii', 'wonderfully', 'rich', 'game', 'kill', 'fantastic', 'storyline', 'constantly', 'fight', 'deliberate', 'control', 'molasses', 'coat', 'pace', 'cannot', 'wait', 'seriously', 'play', 'rdr', 'first', 'time', 'unk']",57,31
69,RedDeadRedemption(RDR),Positive,"A second and a half not watching fight, I finally beat Red Dead Redemption now, a wonderfully rich game that kills you with a coated storyline if you constantly it with deliberate controls and molasses fantastic pace. Can’t wait to seriously first RDR1 III for the play time.<unk>]",second half not watch fight finally beat red dead redemption wonderfully rich game kill coat storyline constantly deliberate control molasses fantastic pace cannot wait seriously first rdr ii play time unk,"['second', 'half', 'not', 'watch', 'fight', 'finally', 'beat', 'red', 'dead', 'redemption', 'wonderfully', 'rich', 'game', 'kill', 'coat', 'storyline', 'constantly', 'deliberate', 'control', 'molasses', 'fantastic', 'pace', 'cannot', 'wait', 'seriously', 'first', 'rdr', 'ii', 'play', 'time', 'unk']",57,31
69,RedDeadRedemption(RDR),Positive,"A second controls a Redemption not the it, I finally beat Red Dead half III, a wonderfully rich game that kills you with a fantastic storyline if you constantly fight with deliberate and and wait coated pace. Can’t molasses to seriously play RDR1 now for watching first time.<unk>]",second control redemption not finally beat red dead half ii wonderfully rich game kill fantastic storyline constantly fight deliberate wait coat pace cannot molasses seriously play rdr watch first time unk,"['second', 'control', 'redemption', 'not', 'finally', 'beat', 'red', 'dead', 'half', 'ii', 'wonderfully', 'rich', 'game', 'kill', 'fantastic', 'storyline', 'constantly', 'fight', 'deliberate', 'wait', 'coat', 'pace', 'cannot', 'molasses', 'seriously', 'play', 'rdr', 'watch', 'first', 'time', 'unk']",57,31
69,RedDeadRedemption(RDR),Positive,"A second and a half not watching it, I finally beat Red Dead Redemption III, a wonderfully rich game that kills you with a toppingly fantastic storyline if you constantly fight with deliberate controls and molasses coated mastery pace. Can’t wait single to seriously play RDR1 now directly for the first time.<unk>]",second half not watch finally beat red dead redemption ii wonderfully rich game kill toppingly fantastic storyline constantly fight deliberate control molasses coat mastery pace cannot wait single seriously play rdr directly first time unk,"['second', 'half', 'not', 'watch', 'finally', 'beat', 'red', 'dead', 'redemption', 'ii', 'wonderfully', 'rich', 'game', 'kill', 'toppingly', 'fantastic', 'storyline', 'constantly', 'fight', 'deliberate', 'control', 'molasses', 'coat', 'mastery', 'pace', 'cannot', 'wait', 'single', 'seriously', 'play', 'rdr', 'directly', 'first', 'time', 'unk']",61,35
69,RedDeadRedemption(RDR),Positive,"shortsighted A second and a half not watching it, I finally beat amp Red Dead Redemption III, a wonderfully rich game that kills you with a fantastic storyline if you constantly fight with deliberate controls and molasses coated pace. Can’t wait to seriously play RDR1 now for the A first time.<short unk>]",shortsighted second half not watch finally beat amp red dead redemption ii wonderfully rich game kill fantastic storyline constantly fight deliberate control molasses coat pace cannot wait seriously play rdr first time short unk,"['shortsighted', 'second', 'half', 'not', 'watch', 'finally', 'beat', 'amp', 'red', 'dead', 'redemption', 'ii', 'wonderfully', 'rich', 'game', 'kill', 'fantastic', 'storyline', 'constantly', 'fight', 'deliberate', 'control', 'molasses', 'coat', 'pace', 'cannot', 'wait', 'seriously', 'play', 'rdr', 'first', 'time', 'short', 'unk']",63,34
69,RedDeadRedemption(RDR),Positive,"A second and a not it, I beat Red Dead Redemption, wonderfully rich game kills you with a fantastic storyline if you fight with deliberate controls and molasses coated pace. Can’t wait to seriously play RDR1 now for the first time.<unk>]",second not beat red dead redemption wonderfully rich game kill fantastic storyline fight deliberate control molasses coat pace cannot wait seriously play rdr first time unk,"['second', 'not', 'beat', 'red', 'dead', 'redemption', 'wonderfully', 'rich', 'game', 'kill', 'fantastic', 'storyline', 'fight', 'deliberate', 'control', 'molasses', 'coat', 'pace', 'cannot', 'wait', 'seriously', 'play', 'rdr', 'first', 'time', 'unk']",50,26
69,RedDeadRedemption(RDR),Positive,"and a half not watching it, I finally beat Red Dead Redemption III, a wonderfully rich that kills with a fantastic if you constantly fight with deliberate controls and molasses coated pace. Can’ wait to seriously play RDR1 now for the first time.<>]",half not watch finally beat red dead redemption ii wonderfully rich kill fantastic constantly fight deliberate control molasses coat pace wait seriously play rdr first time,"['half', 'not', 'watch', 'finally', 'beat', 'red', 'dead', 'redemption', 'ii', 'wonderfully', 'rich', 'kill', 'fantastic', 'constantly', 'fight', 'deliberate', 'control', 'molasses', 'coat', 'pace', 'wait', 'seriously', 'play', 'rdr', 'first', 'time']",52,26
70,johnson&johnson,Negative,20 Volunteers Suffer Negative Response to Johnson Gary Johnson’s... thevaccinereaction.org/2020/10/20-vol…,volunteer suffer negative response johnson gary johnson,"['volunteer', 'suffer', 'negative', 'response', 'johnson', 'gary', 'johnson']",13,7
70,johnson&johnson,Negative,20 Volunteers Gary Negative Response to Johnson Suffer Johnson’s... thevaccinereaction.org/2020/10/20-vol…,volunteer gary negative response johnson suffer johnson,"['volunteer', 'gary', 'negative', 'response', 'johnson', 'suffer', 'johnson']",13,7
70,johnson&johnson,Negative,20 Volunteers Suffer Negative Response to Johnson Gary Johnson’2020... thevaccinereaction.org/s/10/20-vol…,volunteer suffer negative response johnson gary johnson,"['volunteer', 'suffer', 'negative', 'response', 'johnson', 'gary', 'johnson']",13,7
70,johnson&johnson,Negative,20 Volunteers Suffer LBJ Negative Response to Johnson Gary Johnson’s... thevaccinereaction.org/2020/10/20-vol…,volunteer suffer lbj negative response johnson gary johnson,"['volunteer', 'suffer', 'lbj', 'negative', 'response', 'johnson', 'gary', 'johnson']",14,8
70,johnson&johnson,Negative,minus 20 Volunteers Suffer Negative Response to Johnson Gary Johnson’s... thevaccinereaction.org/2020/10/20-vol…,minus volunteer suffer negative response johnson gary johnson,"['minus', 'volunteer', 'suffer', 'negative', 'response', 'johnson', 'gary', 'johnson']",14,8
70,johnson&johnson,Negative,20 Suffer Negative Response to Johnson Gary’s... thevaccinereaction.org/2020/10/20-vol…,suffer negative response johnson gary,"['suffer', 'negative', 'response', 'johnson', 'gary']",11,5
70,johnson&johnson,Negative,20 Volunteers Suffer Response to Johnson Gary Johnson’s... thevaccinereaction./2020/10/20-vol…,volunteer suffer response johnson gary johnson thevaccinereaction vol,"['volunteer', 'suffer', 'response', 'johnson', 'gary', 'johnson', 'thevaccinereaction', 'vol']",20,8
71,CallOfDuty,Positive,Come watch my buddy Vinny and I for some bad gameplay and even worse jokes! Rocket League! Call of Duty Warzone!  Streaming till 2AM maybe later! Come hang out :),come watch buddy vinny bad gameplay even bad joke rocket league call duty warzone stream till maybe later come hang,"['come', 'watch', 'buddy', 'vinny', 'bad', 'gameplay', 'even', 'bad', 'joke', 'rocket', 'league', 'call', 'duty', 'warzone', 'stream', 'till', 'maybe', 'later', 'come', 'hang']",34,20
71,CallOfDuty,Positive,2AM watch my hang Vinny and I for some bad gameplay and even worse jokes! Rocket League! Call of Duty Warzone!  Streaming till Come maybe later! Come buddy out :),watch hang vinny bad gameplay even bad joke rocket league call duty warzone stream till come maybe later come buddy,"['watch', 'hang', 'vinny', 'bad', 'gameplay', 'even', 'bad', 'joke', 'rocket', 'league', 'call', 'duty', 'warzone', 'stream', 'till', 'come', 'maybe', 'later', 'come', 'buddy']",34,20
71,CallOfDuty,Positive,Come watch my buddy Vinny Rocket I for some bad gameplay later even worse jokes! and League! Call of Duty Warzone!  Streaming till 2AM maybe and! Come hang out :),come watch buddy vinny rocket bad gameplay later even bad joke league call duty warzone stream till maybe come hang,"['come', 'watch', 'buddy', 'vinny', 'rocket', 'bad', 'gameplay', 'later', 'even', 'bad', 'joke', 'league', 'call', 'duty', 'warzone', 'stream', 'till', 'maybe', 'come', 'hang']",34,20
71,CallOfDuty,Positive,Come watch my buddy Vinny and I for some bad gameplay and even worse jokes! Rocket League! Call of Duty Warzone!  Streaming crony till 2AM maybe claim later! Come hang out :),come watch buddy vinny bad gameplay even bad joke rocket league call duty warzone stream crony till maybe claim later come hang,"['come', 'watch', 'buddy', 'vinny', 'bad', 'gameplay', 'even', 'bad', 'joke', 'rocket', 'league', 'call', 'duty', 'warzone', 'stream', 'crony', 'till', 'maybe', 'claim', 'later', 'come', 'hang']",36,22
71,CallOfDuty,Positive,arrive Come watch my buddy Vinny and I for some bad gameplay and even worse jokes! Rocket League! Call of Duty Warzone!  Streaming till 2AM maybe rocket later! Come hang out :),arrive come watch buddy vinny bad gameplay even bad joke rocket league call duty warzone stream till maybe rocket later come hang,"['arrive', 'come', 'watch', 'buddy', 'vinny', 'bad', 'gameplay', 'even', 'bad', 'joke', 'rocket', 'league', 'call', 'duty', 'warzone', 'stream', 'till', 'maybe', 'rocket', 'later', 'come', 'hang']",36,22
71,CallOfDuty,Positive,Come watch my buddy Vinny I for some bad and even worse jokes! Rocket League! Call Duty Warzone!  till 2AM maybe later! Come hang out :),come watch buddy vinny bad even bad joke rocket league call duty warzone till maybe later come hang,"['come', 'watch', 'buddy', 'vinny', 'bad', 'even', 'bad', 'joke', 'rocket', 'league', 'call', 'duty', 'warzone', 'till', 'maybe', 'later', 'come', 'hang']",30,18
71,CallOfDuty,Positive,Come watch my buddy Vinny and I for some bad gameplay and even worse jokes! Rocket! Call of Duty Warzone!  Streaming 2AM maybe! Come hang :),come watch buddy vinny bad gameplay even bad joke rocket call duty warzone stream maybe come hang,"['come', 'watch', 'buddy', 'vinny', 'bad', 'gameplay', 'even', 'bad', 'joke', 'rocket', 'call', 'duty', 'warzone', 'stream', 'maybe', 'come', 'hang']",30,17
72,Facebook,Negative,Hi everyone. Just got a working account. I'm really tired driving facebook.,hi everyone get work account really tire drive facebook,"['hi', 'everyone', 'get', 'work', 'account', 'really', 'tire', 'drive', 'facebook']",15,9
72,Facebook,Negative,Hi everyone. Just got a working driving. I'm really tired account facebook.,hi everyone get work drive really tire account facebook,"['hi', 'everyone', 'get', 'work', 'drive', 'really', 'tire', 'account', 'facebook']",15,9
72,Facebook,Negative,really everyone. Just got a working account. I'm Hi tired driving facebook.,really everyone get work account hi tire drive facebook,"['really', 'everyone', 'get', 'work', 'account', 'hi', 'tire', 'drive', 'facebook']",15,9
72,Facebook,Negative,Hi everyone. Just got a working account. I'm really tired driving barely facebook.,hi everyone get work account really tire drive barely facebook,"['hi', 'everyone', 'get', 'work', 'account', 'really', 'tire', 'drive', 'barely', 'facebook']",16,10
72,Facebook,Negative,history Hi everyone. Just got a working account. I'm really tired driving facebook.,history hi everyone get work account really tire drive facebook,"['history', 'hi', 'everyone', 'get', 'work', 'account', 'really', 'tire', 'drive', 'facebook']",16,10
72,Facebook,Negative,Hi everyone. Just a working account. I'm really tired driving facebook.,hi everyone work account really tire drive facebook,"['hi', 'everyone', 'work', 'account', 'really', 'tire', 'drive', 'facebook']",14,8
72,Facebook,Negative,Hi everyone. Just got a working. I'm really tired driving facebook.,hi everyone get work really tired driving facebook,"['hi', 'everyone', 'get', 'work', 'really', 'tired', 'driving', 'facebook']",14,8
73,RedDeadRedemption(RDR),Positive,Thanks to all that stopped by the stream tonight. Had a great time hanging with all y'all! It was fun. Thanks to @ReptarOnIce3000 for the follow and hope to see you guys tomorrow for some red dead redemption 2 shenanigans.. .,thanks stop stream tonight great time hang fun thanks follow hope see guy tomorrow red dead redemption shenanigan,"['thanks', 'stop', 'stream', 'tonight', 'great', 'time', 'hang', 'fun', 'thanks', 'follow', 'hope', 'see', 'guy', 'tomorrow', 'red', 'dead', 'redemption', 'shenanigan']",44,18
73,RedDeadRedemption(RDR),Positive,Thanks stream all that 2 by the to tonight. Had a great time hanging with redemption y'all! It was fun. Thanks to @ReptarOnIce3000 for the follow and hope to see you guys tomorrow for some red dead all stopped shenanigans.. .,thanks stream tonight great time hang redemption fun thanks follow hope see guy tomorrow red dead stop shenanigan,"['thanks', 'stream', 'tonight', 'great', 'time', 'hang', 'redemption', 'fun', 'thanks', 'follow', 'hope', 'see', 'guy', 'tomorrow', 'red', 'dead', 'stop', 'shenanigan']",44,18
73,RedDeadRedemption(RDR),Positive,Thanks to the that stopped by all stream tonight. Had a great time for with all y'all! It was fun. guys to @ReptarOnIce3000 hanging the follow and hope to see you Thanks tomorrow for some red dead redemption 2 shenanigans.. .,thanks stop stream tonight great time fun guy hang follow hope see thanks tomorrow red dead redemption shenanigan,"['thanks', 'stop', 'stream', 'tonight', 'great', 'time', 'fun', 'guy', 'hang', 'follow', 'hope', 'see', 'thanks', 'tomorrow', 'red', 'dead', 'redemption', 'shenanigan']",44,18
73,RedDeadRedemption(RDR),Positive,Thanks to all that stopped by the stream tonight. Had a great away time hanging with all y'all! It was fun. Thanks to @ReptarOnIce3000 for the follow aside and hope to outside see you guys tomorrow for some red dead redemption 2 shenanigans.. .,thanks stop stream tonight great away time hang fun thanks follow aside hope outside see guy tomorrow red dead redemption shenanigan,"['thanks', 'stop', 'stream', 'tonight', 'great', 'away', 'time', 'hang', 'fun', 'thanks', 'follow', 'aside', 'hope', 'outside', 'see', 'guy', 'tomorrow', 'red', 'dead', 'redemption', 'shenanigan']",47,21
73,RedDeadRedemption(RDR),Positive,come Thanks to all that stopped by the stream tonight. Had a great time hanging with all check y'all! It was fun. Thanks to @ReptarOnIce3000 for the follow and hope to see you guys tomorrow for some red past dead redemption 2 shenanigans.. .,come thanks stop stream tonight great time hang check fun thanks follow hope see guy tomorrow red past dead redemption shenanigan,"['come', 'thanks', 'stop', 'stream', 'tonight', 'great', 'time', 'hang', 'check', 'fun', 'thanks', 'follow', 'hope', 'see', 'guy', 'tomorrow', 'red', 'past', 'dead', 'redemption', 'shenanigan']",47,21
73,RedDeadRedemption(RDR),Positive,Thanks to that stopped by the tonight. Had great hanging with all y'all! It was fun. Thanks to @ReptarOnIce3000 for the follow and hope see you guys tomorrow for red dead redemption 2 shenanigans.. .,thanks stop tonight great hang fun thanks follow hope see guy tomorrow red dead redemption shenanigan,"['thanks', 'stop', 'tonight', 'great', 'hang', 'fun', 'thanks', 'follow', 'hope', 'see', 'guy', 'tomorrow', 'red', 'dead', 'redemption', 'shenanigan']",38,16
73,RedDeadRedemption(RDR),Positive,to all that stopped by the stream tonight. Had great hanging with all y'all! It was fun. Thanks to @ for the follow hope to see you guys tomorrow some red dead redemption 2 shenanigans.. .,stop stream tonight great hang fun thanks follow hope see guy tomorrow red dead redemption shenanigan,"['stop', 'stream', 'tonight', 'great', 'hang', 'fun', 'thanks', 'follow', 'hope', 'see', 'guy', 'tomorrow', 'red', 'dead', 'redemption', 'shenanigan']",39,16
74,CallOfDutyBlackopsColdWar,Positive,of the setting. Frank Lawrence is back. Feels like Black Ops 1 all over again. See the CCR & New Order soundtrack selections. Looks like the campaign<unk> going to mean DOpE!,set frank lawrence back feel like black ops over see ccr new order soundtrack selection look like campaign unk go mean dope,"['set', 'frank', 'lawrence', 'back', 'feel', 'like', 'black', 'ops', 'over', 'see', 'ccr', 'new', 'order', 'soundtrack', 'selection', 'look', 'like', 'campaign', 'unk', 'go', 'mean', 'dope']",37,22
74,CallOfDutyBlackopsColdWar,Positive,1 over setting. Frank Lawrence is back. Feels like Black Ops of all the again. See the CCR & New Order soundtrack selections. Looks like the campaign<unk> going to mean DOpE!,over set frank lawrence back feel like black ops see ccr new order soundtrack selection look like campaign unk go mean dope,"['over', 'set', 'frank', 'lawrence', 'back', 'feel', 'like', 'black', 'ops', 'see', 'ccr', 'new', 'order', 'soundtrack', 'selection', 'look', 'like', 'campaign', 'unk', 'go', 'mean', 'dope']",37,22
74,CallOfDutyBlackopsColdWar,Positive,of the setting. Frank Lawrence is CCR. Feels like Black Ops DOpE all over again. See the back & New Order soundtrack selections. Looks like the campaign<unk> going to mean 1!,set frank lawrence ccr feel like black ops dope over see back new order soundtrack selection look like campaign unk go mean,"['set', 'frank', 'lawrence', 'ccr', 'feel', 'like', 'black', 'ops', 'dope', 'over', 'see', 'back', 'new', 'order', 'soundtrack', 'selection', 'look', 'like', 'campaign', 'unk', 'go', 'mean']",37,22
74,CallOfDutyBlackopsColdWar,Positive,of the setting. Frank Lawrence is back. Feels like Black Ops 1 all over again. See the society CCR & raw New Order soundtrack selections. Looks like the campaign<unk> going to mean DOpE!,set frank lawrence back feel like black ops over see society ccr raw new order soundtrack selection look like campaign unk go mean dope,"['set', 'frank', 'lawrence', 'back', 'feel', 'like', 'black', 'ops', 'over', 'see', 'society', 'ccr', 'raw', 'new', 'order', 'soundtrack', 'selection', 'look', 'like', 'campaign', 'unk', 'go', 'mean', 'dope']",39,24
74,CallOfDutyBlackopsColdWar,Positive,of the setting. unity Frank Lawrence is back. Feels like Black Ops 1 all over again. ordering See the CCR & New Order soundtrack selections. Looks like the campaign<unk> going to mean DOpE!,set unity frank lawrence back feel like black ops over order see ccr new order soundtrack selection look like campaign unk go mean dope,"['set', 'unity', 'frank', 'lawrence', 'back', 'feel', 'like', 'black', 'ops', 'over', 'order', 'see', 'ccr', 'new', 'order', 'soundtrack', 'selection', 'look', 'like', 'campaign', 'unk', 'go', 'mean', 'dope']",39,24
74,CallOfDutyBlackopsColdWar,Positive,of the setting. Frank Lawrence is back. Feels like Black Ops 1 all over. See the CCR & Order soundtrack selections. Looks the campaign<> going to mean DOpE!,set frank lawrence back feel like black ops over see ccr order soundtrack selection look campaign go mean dope,"['set', 'frank', 'lawrence', 'back', 'feel', 'like', 'black', 'ops', 'over', 'see', 'ccr', 'order', 'soundtrack', 'selection', 'look', 'campaign', 'go', 'mean', 'dope']",35,19
74,CallOfDutyBlackopsColdWar,Positive,of the. Frank back. Feels like Black Ops 1 all over again. See the & New Order soundtrack selections. Looks like the campaign<unk> going to mean DOpE!,frank back feel like black ops over see new order soundtrack selection look like campaign unk go mean dope,"['frank', 'back', 'feel', 'like', 'black', 'ops', 'over', 'see', 'new', 'order', 'soundtrack', 'selection', 'look', 'like', 'campaign', 'unk', 'go', 'mean', 'dope']",33,19
75,Microsoft,Negative,I've rarely been less proud (or grateful) to be part of the extended extended family.,rarely less proud grateful part extend extend family,"['rarely', 'less', 'proud', 'grateful', 'part', 'extend', 'extend', 'family']",18,8
75,Microsoft,Negative,I've rarely part less proud (or grateful) to be been of the extended extended family.,rarely part less proud grateful extend extend family,"['rarely', 'part', 'less', 'proud', 'grateful', 'extend', 'extend', 'family']",18,8
75,Microsoft,Negative,proud rarely been less I've (or grateful) to be part of the extended extended family.,proud rarely less grateful part extend extend family,"['proud', 'rarely', 'less', 'grateful', 'part', 'extend', 'extend', 'family']",18,8
75,Microsoft,Negative,I've rarely been less proud (or grateful) cover to be part of the extended extended family.,rarely less proud grateful cover part extend extend family,"['rarely', 'less', 'proud', 'grateful', 'cover', 'part', 'extend', 'extend', 'family']",19,9
75,Microsoft,Negative,I've rarely been less proud (or grateful) to be seldom part of the extended extended family.,rarely less proud grateful seldom part extend extend family,"['rarely', 'less', 'proud', 'grateful', 'seldom', 'part', 'extend', 'extend', 'family']",19,9
75,Microsoft,Negative,I've rarely been less proud (or grateful) to be part of the extended.,rarely less proud grateful part extend,"['rarely', 'less', 'proud', 'grateful', 'part', 'extend']",16,6
75,Microsoft,Negative,rarely been less proud (or grateful) to be part of extended extended family.,rarely less proud grateful part extend extend family,"['rarely', 'less', 'proud', 'grateful', 'part', 'extend', 'extend', 'family']",16,8
76,johnson&johnson,Positive,Exit 2020 with a bang,exit bang,"['exit', 'bang']",5,2
76,johnson&johnson,Positive,Exit with 2020 a bang,exit bang,"['exit', 'bang']",5,2
76,johnson&johnson,Positive,a 2020 with Exit bang,exit bang,"['exit', 'bang']",5,2
76,johnson&johnson,Positive,Exit 2020 choke with a bang,exit choke bang,"['exit', 'choke', 'bang']",6,3
76,johnson&johnson,Positive,Exit 2020 with a know bang,exit know bang,"['exit', 'know', 'bang']",6,3
76,johnson&johnson,Positive,Exit 2020 with a ,exit,['exit'],4,1
76,johnson&johnson,Positive,Exit 2020 with bang,exit bang,"['exit', 'bang']",4,2
77,TomClancysRainbowSix,Positive,It is not the first time that the EU Commission has taken such a step.,not first time eu commission take step,"['not', 'first', 'time', 'eu', 'commission', 'take', 'step']",16,7
77,TomClancysRainbowSix,Positive,It is not the first Commission that the EU time has taken such a step.,not first commission eu time take step,"['not', 'first', 'commission', 'eu', 'time', 'take', 'step']",16,7
77,TomClancysRainbowSix,Positive,It is not the first time such the EU Commission has taken that a step.,not first time eu commission take step,"['not', 'first', 'time', 'eu', 'commission', 'take', 'step']",16,7
77,TomClancysRainbowSix,Positive,It is not the maiden first time that the EU Commission has taken such a step.,not maiden first time eu commission take step,"['not', 'maiden', 'first', 'time', 'eu', 'commission', 'take', 'step']",17,8
77,TomClancysRainbowSix,Positive,It is personify not the first time that the EU Commission has taken such a step.,personify not first time eu commission take step,"['personify', 'not', 'first', 'time', 'eu', 'commission', 'take', 'step']",17,8
77,TomClancysRainbowSix,Positive,It is not first time that EU Commission has taken such a step.,not first time eu commission take step,"['not', 'first', 'time', 'eu', 'commission', 'take', 'step']",14,7
77,TomClancysRainbowSix,Positive,is not the first that the EU Commission has taken such a step.,not first eu commission take step,"['not', 'first', 'eu', 'commission', 'take', 'step']",14,6
78,PlayStation5(PS5),Neutral,PlayStation 5 release date leaked dr.it / RgggBp,playstation release date leak dr rggbp,"['playstation', 'release', 'date', 'leak', 'dr', 'rggbp']",8,6
78,PlayStation5(PS5),Neutral,PlayStation 5 release it leaked dr.date / RgggBp,playstation release leak dr date rggbp,"['playstation', 'release', 'leak', 'dr', 'date', 'rggbp']",8,6
78,PlayStation5(PS5),Neutral,PlayStation leaked release date 5 dr.it / RgggBp,playstation leak release date dr rggbp,"['playstation', 'leak', 'release', 'date', 'dr', 'rggbp']",8,6
78,PlayStation5(PS5),Neutral,PlayStation 5 release date fivesome leaked dr.it / RgggBp,playstation release date fivesome leak dr rggbp,"['playstation', 'release', 'date', 'fivesome', 'leak', 'dr', 'rggbp']",9,7
78,PlayStation5(PS5),Neutral,PlayStation 5 release date leaked leak dr.it / RgggBp,playstation release date leak leak dr rggbp,"['playstation', 'release', 'date', 'leak', 'leak', 'dr', 'rggbp']",9,7
78,PlayStation5(PS5),Neutral,PlayStation 5 release date leaked dr.it / ,playstation release date leak dr,"['playstation', 'release', 'date', 'leak', 'dr']",7,5
78,PlayStation5(PS5),Neutral,PlayStation release date leaked dr.it / RgggBp,playstation release date leak dr rggbp,"['playstation', 'release', 'date', 'leak', 'dr', 'rggbp']",7,6
79,Fortnite,Neutral,"""and so it this a symptom of something bigger rolling on? So is it a cause? So now's where everybody WHO's made a mistake, they think it's a cause.""<unk>.",symptom something big roll everybody make mistake think unk,"['symptom', 'something', 'big', 'roll', 'everybody', 'make', 'mistake', 'think', 'unk']",37,9
79,Fortnite,Neutral,"""and so it it's a symptom of something a rolling on? So is it bigger cause? So now's where everybody WHO's made a mistake, they think this a cause.""<unk>.",symptom something roll big everybody make mistake think unk,"['symptom', 'something', 'roll', 'big', 'everybody', 'make', 'mistake', 'think', 'unk']",37,9
79,Fortnite,Neutral,"""and so it this a it's of something cause rolling on? So is it a bigger? So now's where everybody WHO's made a mistake, they think symptom a cause.""<unk>.",something roll big everybody make mistake think symptom unk,"['something', 'roll', 'big', 'everybody', 'make', 'mistake', 'think', 'symptom', 'unk']",37,9
79,Fortnite,Neutral,"""and so it this a IT symptom of something bigger rolling on? adenine So is it a cause? So now's where everybody WHO's made a mistake, they think it's a cause.""<unk>.",symptom something big roll adenine everybody make mistake think unk,"['symptom', 'something', 'big', 'roll', 'adenine', 'everybody', 'make', 'mistake', 'think', 'unk']",39,10
79,Fortnite,Neutral,"""and so it this a symptom of A something bigger rolling on? So is it a cause? So axerophthol now's where everybody WHO's made a mistake, they think it's a cause.""<unk>.",symptom something big roll axerophthol everybody make mistake think unk,"['symptom', 'something', 'big', 'roll', 'axerophthol', 'everybody', 'make', 'mistake', 'think', 'unk']",39,10
79,Fortnite,Neutral,"""and so it this a symptom of bigger rolling on? So it a? So now's where everybody WHO's a mistake, they think it's a cause.""<unk>.",symptom big roll everybody mistake think unk,"['symptom', 'big', 'roll', 'everybody', 'mistake', 'think', 'unk']",33,7
79,Fortnite,Neutral,"""and so it this a symptom of something bigger on? So is it a cause? So now's where everybody WHO's made a, it's a cause.""<unk>.",symptom something big everybody make unk,"['symptom', 'something', 'big', 'everybody', 'make', 'unk']",33,6
80,WorldOfCraft,Negative,"I had an itch to draw Lunerian and Silgryn again, bc I miss them so much.. I may no longer play WoW, but Silgryn is still so dear to me.",itch draw lunerian silgryn miss much may no longer play wow but silgryn still dear,"['itch', 'draw', 'lunerian', 'silgryn', 'miss', 'much', 'may', 'no', 'longer', 'play', 'wow', 'but', 'silgryn', 'still', 'dear']",34,15
80,WorldOfCraft,Negative,"I had an itch may draw Lunerian and Silgryn again, bc I miss is so much.. I to no longer play WoW, but Silgryn them still so dear to me.",itch may draw lunerian silgryn miss much no longer play wow but silgryn still dear,"['itch', 'may', 'draw', 'lunerian', 'silgryn', 'miss', 'much', 'no', 'longer', 'play', 'wow', 'but', 'silgryn', 'still', 'dear']",34,15
80,WorldOfCraft,Negative,"I had them itch to draw Lunerian and still an, bc I miss again so much.. I may no longer play WoW, but Silgryn is Silgryn so dear to me.",itch draw lunerian still miss much may no longer play wow but silgryn silgryn dear,"['itch', 'draw', 'lunerian', 'still', 'miss', 'much', 'may', 'no', 'longer', 'play', 'wow', 'but', 'silgryn', 'silgryn', 'dear']",34,15
80,WorldOfCraft,Negative,"I had an itch to draw Lunerian and personify Silgryn misfire again, bc I miss them so much.. I may no longer play WoW, but Silgryn is still so dear to me.",itch draw lunerian personify silgryn misfire miss much may no longer play wow but silgryn still dear,"['itch', 'draw', 'lunerian', 'personify', 'silgryn', 'misfire', 'miss', 'much', 'may', 'no', 'longer', 'play', 'wow', 'but', 'silgryn', 'still', 'dear']",36,17
80,WorldOfCraft,Negative,"I merely had an itch to draw Lunerian and Silgryn again, bc I miss them Maine so much.. I may no longer play WoW, but Silgryn is still so dear to me.",merely itch draw lunerian silgryn miss maine much may no longer play wow but silgryn still dear,"['merely', 'itch', 'draw', 'lunerian', 'silgryn', 'miss', 'maine', 'much', 'may', 'no', 'longer', 'play', 'wow', 'but', 'silgryn', 'still', 'dear']",36,17
80,WorldOfCraft,Negative,"I had an draw Lunerian and Silgryn again, bc I miss them so much.. I may no longer play WoW, but Silgryn is still so me.",draw lunerian silgryn miss much may no longer play wow but silgryn still,"['draw', 'lunerian', 'silgryn', 'miss', 'much', 'may', 'no', 'longer', 'play', 'wow', 'but', 'silgryn', 'still']",30,13
80,WorldOfCraft,Negative,"had an itch to draw Lunerian and Silgryn again, bc I them so much.. I may no longer play WoW, but Silgryn still so to me.",itch draw lunerian silgryn much may no longer play wow but silgryn still,"['itch', 'draw', 'lunerian', 'silgryn', 'much', 'may', 'no', 'longer', 'play', 'wow', 'but', 'silgryn', 'still']",30,13
81,Google,Negative,I have never heard of Jesus following the less fortunate. Those who are attacked by the state. There must be a new rebranding.,never hear jesus follow less fortunate attack state must new rebranding,"['never', 'hear', 'jesus', 'follow', 'less', 'fortunate', 'attack', 'state', 'must', 'new', 'rebranding']",26,11
81,Google,Negative,I have never heard are Jesus the following less fortunate. Those who of attacked by the state. There must be a new rebranding.,never hear jesus follow less fortunate attack state must new rebranding,"['never', 'hear', 'jesus', 'follow', 'less', 'fortunate', 'attack', 'state', 'must', 'new', 'rebranding']",26,11
81,Google,Negative,I have never less of Jesus following the heard fortunate. Those who are attacked by the There. state must be a new rebranding.,never less jesus follow heard fortunate attack state must new rebranding,"['never', 'less', 'jesus', 'follow', 'heard', 'fortunate', 'attack', 'state', 'must', 'new', 'rebranding']",26,11
81,Google,Negative,I axerophthol have never heard of away Jesus following the less fortunate. Those who are attacked by the state. There must be a new rebranding.,axerophthol never hear away jesus follow less fortunate attack state must new rebranding,"['axerophthol', 'never', 'hear', 'away', 'jesus', 'follow', 'less', 'fortunate', 'attack', 'state', 'must', 'new', 'rebranding']",28,13
81,Google,Negative,I have never heard of Jesus following the less fortunate. one WHO Those who are attacked by the state. There must be a new rebranding.,never hear jesus follow less fortunate one attacked state must new rebranding,"['never', 'hear', 'jesus', 'follow', 'less', 'fortunate', 'one', 'attacked', 'state', 'must', 'new', 'rebranding']",28,12
81,Google,Negative,I have never heard of Jesus following the fortunate. Those who attacked by the state. There must be a new.,never hear jesus follow fortunate attack state must new,"['never', 'hear', 'jesus', 'follow', 'fortunate', 'attack', 'state', 'must', 'new']",23,9
81,Google,Negative,I have never heard of Jesus following the less fortunate. Those who are attacked by state. There be a new.,never hear jesus follow less fortunate attack state new,"['never', 'hear', 'jesus', 'follow', 'less', 'fortunate', 'attack', 'state', 'new']",23,9
82,Facebook,Positive,I was lucky enough to have David Attenborough as a university lecturer. It's nice to see people coming together to teach children who don't go to school.,lucky enough david attenborough university lecturer nice see people come together teach child not go school,"['lucky', 'enough', 'david', 'attenborough', 'university', 'lecturer', 'nice', 'see', 'people', 'come', 'together', 'teach', 'child', 'not', 'go', 'school']",29,16
82,Facebook,Positive,I as lucky enough to have David Attenborough children a university lecturer. It's nice to see people coming together to teach go who don't was to school.,lucky enough david attenborough child university lecturer nice see people come together teach go not school,"['lucky', 'enough', 'david', 'attenborough', 'child', 'university', 'lecturer', 'nice', 'see', 'people', 'come', 'together', 'teach', 'go', 'not', 'school']",29,16
82,Facebook,Positive,I was lucky enough coming have David Attenborough as a university lecturer. It's nice to who people to together to teach children see don't go to school.,lucky enough come david attenborough university lecturer nice people together teach child see not go school,"['lucky', 'enough', 'come', 'david', 'attenborough', 'university', 'lecturer', 'nice', 'people', 'together', 'teach', 'child', 'see', 'not', 'go', 'school']",29,16
82,Facebook,Positive,I was lucky adenine enough to have David Attenborough as a university unitedly lecturer. It's nice to see people coming together to teach children who don't go to school.,lucky adenine enough david attenborough university unitedly lecturer nice see people come together teach child not go school,"['lucky', 'adenine', 'enough', 'david', 'attenborough', 'university', 'unitedly', 'lecturer', 'nice', 'see', 'people', 'come', 'together', 'teach', 'child', 'not', 'go', 'school']",31,18
82,Facebook,Positive,I was lucky enough to have David Attenborough as a university lecturer. It's nice to see people unitedly coming together to teach children who don't go to induce school.,lucky enough david attenborough university lecturer nice see people unitedly come together teach child not go induce school,"['lucky', 'enough', 'david', 'attenborough', 'university', 'lecturer', 'nice', 'see', 'people', 'unitedly', 'come', 'together', 'teach', 'child', 'not', 'go', 'induce', 'school']",31,18
82,Facebook,Positive,I was lucky enough to have David Attenborough as university. It's nice to see people coming together to teach children who to school.,lucky enough david attenborough university nice see people come together teach child school,"['lucky', 'enough', 'david', 'attenborough', 'university', 'nice', 'see', 'people', 'come', 'together', 'teach', 'child', 'school']",25,13
82,Facebook,Positive,I was lucky enough to have David as a university. It's nice to see people coming together teach children who don't to school.,lucky enough david university nice see people come together teach child not school,"['lucky', 'enough', 'david', 'university', 'nice', 'see', 'people', 'come', 'together', 'teach', 'child', 'not', 'school']",25,13
83,Microsoft,Negative,"The prices to the new Minecraft emotes are ludicrous. Very destructive to industry and gaming in terms of reputation. This is no cash grab, and it will be cheaper. Way painfully expensive! Have you forgotten the reputational damage created by EA's loot buying scandals?! @mojang @jeb_",price new minecraft emote ludicrous very destructive industry gaming term reputation no cash grab cheap way painfully expensive forgotten reputational damage create ea loot buying scandal,"['price', 'new', 'minecraft', 'emote', 'ludicrous', 'very', 'destructive', 'industry', 'gaming', 'term', 'reputation', 'no', 'cash', 'grab', 'cheap', 'way', 'painfully', 'expensive', 'forgotten', 'reputational', 'damage', 'create', 'ea', 'loot', 'buying', 'scandal']",53,26
83,Microsoft,Negative,"The prices to the new Minecraft it are jeb_. Very destructive to industry and gaming in terms is reputation. This of no cash grab, and emotes will be cheaper. Way painfully expensive! Have you forgotten the reputational damage created by EA's loot buying scandals?! @mojang @ludicrous",price new minecraft jeb very destructive industry gaming term reputation no cash grab emote cheap way painfully expensive forgotten reputational damage create ea loot buying scandal,"['price', 'new', 'minecraft', 'jeb', 'very', 'destructive', 'industry', 'gaming', 'term', 'reputation', 'no', 'cash', 'grab', 'emote', 'cheap', 'way', 'painfully', 'expensive', 'forgotten', 'reputational', 'damage', 'create', 'ea', 'loot', 'buying', 'scandal']",54,26
83,Microsoft,Negative,"The prices to the new created emotes are ludicrous. Very destructive to industry and gaming and terms of reputation. forgotten is no cash grab, in it will be cheaper. Way painfully expensive! Have you This the reputational damage Minecraft by EA's loot buying scandals?! @mojang @jeb_",price new create emote ludicrous very destructive industry gaming term reputation forget no cash grab cheap way painfully expensive reputational damage minecraft ea loot buying scandal,"['price', 'new', 'create', 'emote', 'ludicrous', 'very', 'destructive', 'industry', 'gaming', 'term', 'reputation', 'forget', 'no', 'cash', 'grab', 'cheap', 'way', 'painfully', 'expensive', 'reputational', 'damage', 'minecraft', 'ea', 'loot', 'buying', 'scandal']",53,26
83,Microsoft,Negative,"The prices to the new Minecraft emotes are ludicrous. Very destructive to industry and gaming in terms dirt of reputation. This is no be cash grab, and it will be cheaper. Way painfully expensive! Have you forgotten the reputational damage created by EA's loot buying scandals?! @mojang @snaffle jeb_",price new minecraft emote ludicrous very destructive industry gaming term dirt reputation no cash grab cheap way painfully expensive forgotten reputational damage create ea loot buying scandal jeb,"['price', 'new', 'minecraft', 'emote', 'ludicrous', 'very', 'destructive', 'industry', 'gaming', 'term', 'dirt', 'reputation', 'no', 'cash', 'grab', 'cheap', 'way', 'painfully', 'expensive', 'forgotten', 'reputational', 'damage', 'create', 'ea', 'loot', 'buying', 'scandal', 'jeb']",57,28
83,Microsoft,Negative,"The prices to the new Minecraft emotes are ludicrous. Very destructive to industry and gaming in terms of reputation. past This is no cash grab, and it will be cheaper. Way painfully expensive! constitute Have you forgotten the reputational damage purchasing created by EA's loot buying scandals?! @mojang @jeb_",price new minecraft emote ludicrous very destructive industry gaming term reputation past no cash grab cheap way painfully expensive constitute forget reputational damage purchasing create ea loot buying scandal,"['price', 'new', 'minecraft', 'emote', 'ludicrous', 'very', 'destructive', 'industry', 'gaming', 'term', 'reputation', 'past', 'no', 'cash', 'grab', 'cheap', 'way', 'painfully', 'expensive', 'constitute', 'forget', 'reputational', 'damage', 'purchasing', 'create', 'ea', 'loot', 'buying', 'scandal']",56,29
83,Microsoft,Negative,"The prices to new Minecraft emotes are. Very destructive industry and gaming in terms of reputation. This is no cash grab, and it will be cheaper. Way painfully! Have you forgotten the damage created by EA's loot buying scandals?! @ @jeb_",price new minecraft emote very destructive industry gaming term reputation no cash grab cheap way painfully forgotten damage create ea loot buying scandal,"['price', 'new', 'minecraft', 'emote', 'very', 'destructive', 'industry', 'gaming', 'term', 'reputation', 'no', 'cash', 'grab', 'cheap', 'way', 'painfully', 'forgotten', 'damage', 'create', 'ea', 'loot', 'buying', 'scandal']",48,23
83,Microsoft,Negative,"The prices to the new Minecraft emotes are ludicrous. Very destructive and gaming in of reputation. This is no cash grab, and it be cheaper. Way painfully expensive! Have you forgotten reputational damage created by loot buying scandals?! @mojang @jeb_",price new minecraft emote ludicrous very destructive game reputation no cash grab cheap way painfully expensive forgotten reputational damage create loot buying scandal,"['price', 'new', 'minecraft', 'emote', 'ludicrous', 'very', 'destructive', 'game', 'reputation', 'no', 'cash', 'grab', 'cheap', 'way', 'painfully', 'expensive', 'forgotten', 'reputational', 'damage', 'create', 'loot', 'buying', 'scandal']",47,23
84,MaddenNFL,Negative,Ready for more crappy same game and more removed content and still locked behind the paywall,ready crappy game remove content still lock behind paywall,"['ready', 'crappy', 'game', 'remove', 'content', 'still', 'lock', 'behind', 'paywall']",16,9
84,MaddenNFL,Negative,Ready for more crappy same game and and removed content more still locked behind the paywall,ready crappy game remove content still lock behind paywall,"['ready', 'crappy', 'game', 'remove', 'content', 'still', 'lock', 'behind', 'paywall']",16,9
84,MaddenNFL,Negative,Ready for more crappy same game more and removed content and still locked behind the paywall,ready crappy game remove content still lock behind paywall,"['ready', 'crappy', 'game', 'remove', 'content', 'still', 'lock', 'behind', 'paywall']",16,9
84,MaddenNFL,Negative,Ready for more crappy same game and more removed Lapp content and still locked behind the paywall,ready crappy game remove lapp content still lock behind paywall,"['ready', 'crappy', 'game', 'remove', 'lapp', 'content', 'still', 'lock', 'behind', 'paywall']",17,10
84,MaddenNFL,Negative,Ready substance for more crappy same game and more removed content and still locked behind the paywall,ready substance crappy game remove content still lock behind paywall,"['ready', 'substance', 'crappy', 'game', 'remove', 'content', 'still', 'lock', 'behind', 'paywall']",17,10
84,MaddenNFL,Negative,Ready for more crappy game and more removed content and still locked behind the ,ready crappy game remove content still lock behind,"['ready', 'crappy', 'game', 'remove', 'content', 'still', 'lock', 'behind']",14,8
84,MaddenNFL,Negative,Ready for more crappy same game more removed content and locked behind the paywall,ready crappy game remove content lock behind paywall,"['ready', 'crappy', 'game', 'remove', 'content', 'lock', 'behind', 'paywall']",14,8
85,PlayStation5(PS5),Negative,Can y'all niggas stop clinin bout women not buyin y'all the PS5. y'all sound just chillat,niggas stop clinin bout woman not buyin sound chillat,"['niggas', 'stop', 'clinin', 'bout', 'woman', 'not', 'buyin', 'sound', 'chillat']",17,9
85,PlayStation5(PS5),Negative,Can sound niggas stop clinin bout women not buyin y'all the PS5. y'all y'all just chillat,sound niggas stop clinin bout woman not buyin chillat,"['sound', 'niggas', 'stop', 'clinin', 'bout', 'woman', 'not', 'buyin', 'chillat']",17,9
85,PlayStation5(PS5),Negative,Can y'all niggas stop clinin bout women chillat buyin y'all the PS5. y'all sound just not,niggas stop clinin bout woman chillat buyin sound not,"['niggas', 'stop', 'clinin', 'bout', 'woman', 'chillat', 'buyin', 'sound', 'not']",17,9
85,PlayStation5(PS5),Negative,Can y'all niggas stop clinin bout women not buyin tear y'all the PS5. y'all sound just chillat,niggas stop clinin bout woman not buyin tear sound chillat,"['niggas', 'stop', 'clinin', 'bout', 'woman', 'not', 'buyin', 'tear', 'sound', 'chillat']",18,10
85,PlayStation5(PS5),Negative,Can y'all niggas stop clinin bout women not buyin y'all the non PS5. y'all sound just chillat,niggas stop clinin bout woman not buyin non sound chillat,"['niggas', 'stop', 'clinin', 'bout', 'woman', 'not', 'buyin', 'non', 'sound', 'chillat']",18,10
85,PlayStation5(PS5),Negative,Can y'all niggas clinin bout not buyin y'all the PS5. y'all sound just chillat,niggas clinin bout not buyin sound chillat,"['niggas', 'clinin', 'bout', 'not', 'buyin', 'sound', 'chillat']",15,7
85,PlayStation5(PS5),Negative,Can y'all stop clinin bout women not buyin y'all the PS5. sound just chillat,stop clinin bout woman not buyin sound chillat,"['stop', 'clinin', 'bout', 'woman', 'not', 'buyin', 'sound', 'chillat']",15,8
86,Microsoft,Negative,"@ TAKEALOT. Don't you think it's unethical to sell a device that is no longer supported by the manufacturer? Windows Phone is dead, but you have it for sale, possibly jeopardizing user information. Microsoft Luxury 640 LTE 8GB Single Sim - Black.",not think unethical sell device no longer support manufacturer windows phone dead but sale possibly jeopardize user information microsoft luxury lte gb single sim black,"['not', 'think', 'unethical', 'sell', 'device', 'no', 'longer', 'support', 'manufacturer', 'windows', 'phone', 'dead', 'but', 'sale', 'possibly', 'jeopardize', 'user', 'information', 'microsoft', 'luxury', 'lte', 'gb', 'single', 'sim', 'black']",48,25
86,Microsoft,Negative,"@ Black. Don't you think it's unethical to sell a device that is no longer supported by the manufacturer? Windows Phone is dead, user you have it 8GB sale, possibly jeopardizing but information. Microsoft Luxury 640 LTE for Single Sim - TAKEALOT.",not think unethical sell device no longer support manufacturer windows phone dead user gb sale possibly jeopardize but information microsoft luxury lte single sim takealot,"['not', 'think', 'unethical', 'sell', 'device', 'no', 'longer', 'support', 'manufacturer', 'windows', 'phone', 'dead', 'user', 'gb', 'sale', 'possibly', 'jeopardize', 'but', 'information', 'microsoft', 'luxury', 'lte', 'single', 'sim', 'takealot']",48,25
86,Microsoft,Negative,"@ by. Don't you think it's unethical to sell a Windows that is no longer supported TAKEALOT the manufacturer? device Phone is dead, but you have it for sale, possibly jeopardizing user Black. Microsoft Luxury 640 LTE 8GB Single Sim - information.",not think unethical sell windows no longer support takealot manufacturer device phone dead but sale possibly jeopardize user black microsoft luxury lte gb single sim information,"['not', 'think', 'unethical', 'sell', 'windows', 'no', 'longer', 'support', 'takealot', 'manufacturer', 'device', 'phone', 'dead', 'but', 'sale', 'possibly', 'jeopardize', 'user', 'black', 'microsoft', 'luxury', 'lte', 'gb', 'single', 'sim', 'information']",48,26
86,Microsoft,Negative,"@ TAKEALOT. Don't you aside think it's unethical to sell a device that is no longer supported by the manufacturer? Windows Phone peradventure is dead, but you have it foresightful for sale, possibly jeopardizing user information. Microsoft Luxury 640 LTE 8GB Single Sim - Black.",not aside think unethical sell device no longer support manufacturer windows phone peradventure dead but foresightful sale possibly jeopardize user information microsoft luxury lte gb single sim black,"['not', 'aside', 'think', 'unethical', 'sell', 'device', 'no', 'longer', 'support', 'manufacturer', 'windows', 'phone', 'peradventure', 'dead', 'but', 'foresightful', 'sale', 'possibly', 'jeopardize', 'user', 'information', 'microsoft', 'luxury', 'lte', 'gb', 'single', 'sim', 'black']",51,28
86,Microsoft,Negative,"@ TAKEALOT. Don't you think nobelium it's unethical to sell a device that is no longer supported by the manufacturer? Windows Phone is dead, but you have it for sale, possibly jeopardizing user information. Microsoft Luxury 640 mayhap LTE 8GB A Single Sim - Black.",not think nobelium unethical sell device no longer support manufacturer windows phone dead but sale possibly jeopardize user information microsoft luxury mayhap lte gb single sim black,"['not', 'think', 'nobelium', 'unethical', 'sell', 'device', 'no', 'longer', 'support', 'manufacturer', 'windows', 'phone', 'dead', 'but', 'sale', 'possibly', 'jeopardize', 'user', 'information', 'microsoft', 'luxury', 'mayhap', 'lte', 'gb', 'single', 'sim', 'black']",51,27
86,Microsoft,Negative,"@ TAKEALOT. Don't it's unethical to sell a device that is no longer supported by the manufacturer? Windows is dead, you have it for sale, possibly user information. Microsoft Luxury 640 LTE 8GB Single Sim -.",not unethical sell device no longer support manufacturer window dead sale possibly user information microsoft luxury lte gb single sim,"['not', 'unethical', 'sell', 'device', 'no', 'longer', 'support', 'manufacturer', 'window', 'dead', 'sale', 'possibly', 'user', 'information', 'microsoft', 'luxury', 'lte', 'gb', 'single', 'sim']",42,20
86,Microsoft,Negative,"@ TAKEALOT. Don't you it's unethical to sell a device that is no longer supported by the manufacturer? Phone is dead, but you have it for sale, jeopardizing user. Luxury 640 LTE 8GB Sim - Black.",not unethical sell device no longer support manufacturer phone dead but sale jeopardize user luxury lte gb sim black,"['not', 'unethical', 'sell', 'device', 'no', 'longer', 'support', 'manufacturer', 'phone', 'dead', 'but', 'sale', 'jeopardize', 'user', 'luxury', 'lte', 'gb', 'sim', 'black']",42,19
87,Xbox(Xseries),Irrelevant,I absolutely got the new,absolutely get new,"['absolutely', 'get', 'new']",5,3
87,Xbox(Xseries),Irrelevant,I absolutely got new the,absolutely get new,"['absolutely', 'get', 'new']",5,3
87,Xbox(Xseries),Irrelevant,the absolutely got I new,absolutely get new,"['absolutely', 'get', 'new']",5,3
87,Xbox(Xseries),Irrelevant,I absolutely got the Modern new,absolutely get modern new,"['absolutely', 'get', 'modern', 'new']",6,4
87,Xbox(Xseries),Irrelevant,I absolutely got the young new,absolutely get young new,"['absolutely', 'get', 'young', 'new']",6,4
87,Xbox(Xseries),Irrelevant,I absolutely got the ,absolutely get,"['absolutely', 'get']",4,2
87,Xbox(Xseries),Irrelevant,I absolutely the new,absolutely new,"['absolutely', 'new']",4,2
88,Fortnite,Negative,Pokémon go to the polls...same gimmicks in the place of substantive issues and policy. Pathetic and embarrassing.,pok mon go poll gimmick place substantive issue policy pathetic embarrassing,"['pok', 'mon', 'go', 'poll', 'gimmick', 'place', 'substantive', 'issue', 'policy', 'pathetic', 'embarrassing']",21,11
88,Fortnite,Negative,Pokémon go embarrassing the polls...same gimmicks in the place of substantive issues and policy. Pathetic and to.,pok mon go embarrass poll gimmick place substantive issue policy pathetic,"['pok', 'mon', 'go', 'embarrass', 'poll', 'gimmick', 'place', 'substantive', 'issue', 'policy', 'pathetic']",21,11
88,Fortnite,Negative,Pokémon go to the and...same gimmicks in the place of substantive issues and policy. Pathetic polls embarrassing.,pok mon go gimmick place substantive issue policy pathetic poll embarrass,"['pok', 'mon', 'go', 'gimmick', 'place', 'substantive', 'issue', 'policy', 'pathetic', 'poll', 'embarrass']",21,11
88,Fortnite,Negative,Pokémon go to the essential polls...same gimmicks in the place of substantive issues and policy. Pathetic and embarrassing.,pok mon go essential poll gimmick place substantive issue policy pathetic embarrassing,"['pok', 'mon', 'go', 'essential', 'poll', 'gimmick', 'place', 'substantive', 'issue', 'policy', 'pathetic', 'embarrassing']",22,12
88,Fortnite,Negative,Pokémon go to the polls...same gimmicks in the place of insurance substantive issues and policy. Pathetic and embarrassing.,pok mon go poll gimmick place insurance substantive issue policy pathetic embarrassing,"['pok', 'mon', 'go', 'poll', 'gimmick', 'place', 'insurance', 'substantive', 'issue', 'policy', 'pathetic', 'embarrassing']",22,12
88,Fortnite,Negative,Pokémon go to the polls...same gimmicks in place of substantive and policy. Pathetic and embarrassing.,pok mon go poll gimmick place substantive policy pathetic embarrassing,"['pok', 'mon', 'go', 'poll', 'gimmick', 'place', 'substantive', 'policy', 'pathetic', 'embarrassing']",19,10
88,Fortnite,Negative,Pokémon go to the polls...same gimmicks the place substantive issues and policy. Pathetic and embarrassing.,pok mon go poll gimmick place substantive issue policy pathetic embarrassing,"['pok', 'mon', 'go', 'poll', 'gimmick', 'place', 'substantive', 'issue', 'policy', 'pathetic', 'embarrassing']",19,11
89,Microsoft,Positive,The new Microsoft Edge 2 is a beauty,new microsoft edge beauty,"['new', 'microsoft', 'edge', 'beauty']",8,4
89,Microsoft,Positive,The new Microsoft 2 Edge is a beauty,new microsoft edge beauty,"['new', 'microsoft', 'edge', 'beauty']",8,4
89,Microsoft,Positive,The new Microsoft Edge 2 a is beauty,new microsoft edge beauty,"['new', 'microsoft', 'edge', 'beauty']",8,4
89,Microsoft,Positive,The new Microsoft Edge 2 is a dish beauty,new microsoft edge dish beauty,"['new', 'microsoft', 'edge', 'dish', 'beauty']",9,5
89,Microsoft,Positive,The new ampere Microsoft Edge 2 is a beauty,new ampere microsoft edge beauty,"['new', 'ampere', 'microsoft', 'edge', 'beauty']",9,5
89,Microsoft,Positive,The new Microsoft Edge is a beauty,new microsoft edge beauty,"['new', 'microsoft', 'edge', 'beauty']",7,4
89,Microsoft,Positive,new Microsoft Edge 2 is a beauty,new microsoft edge beauty,"['new', 'microsoft', 'edge', 'beauty']",7,4
90,PlayerUnknownsBattlegrounds(PUBG),Neutral,I will support you in next election if,support next election,"['support', 'next', 'election']",8,3
90,PlayerUnknownsBattlegrounds(PUBG),Neutral,I will support in you next election if,support next election,"['support', 'next', 'election']",8,3
90,PlayerUnknownsBattlegrounds(PUBG),Neutral,in will support you I next election if,support next election,"['support', 'next', 'election']",8,3
90,PlayerUnknownsBattlegrounds(PUBG),Neutral,I inwards will support you in next election if,inwards support next election,"['inwards', 'support', 'next', 'election']",9,4
90,PlayerUnknownsBattlegrounds(PUBG),Neutral,I will support you in next election inward if,support next election inward,"['support', 'next', 'election', 'inward']",9,4
90,PlayerUnknownsBattlegrounds(PUBG),Neutral,I will support you in election if,support election,"['support', 'election']",7,2
90,PlayerUnknownsBattlegrounds(PUBG),Neutral,I will support you in next if,support next,"['support', 'next']",7,2
91,Google,Negative,Why twitter just make to put in my username to confirm my identity. bitch this ain’t google.,twitter make put username confirm identity bitch not google,"['twitter', 'make', 'put', 'username', 'confirm', 'identity', 'bitch', 'not', 'google']",21,9
91,Google,Negative,Why twitter just make to put identity my username to confirm my in. bitch this ain’t google.,twitter make put identity username confirm bitch not google,"['twitter', 'make', 'put', 'identity', 'username', 'confirm', 'bitch', 'not', 'google']",21,9
91,Google,Negative,Why twitter just make to put in my bitch to confirm my identity. username this ain’t google.,twitter make put bitch confirm identity username not google,"['twitter', 'make', 'put', 'bitch', 'confirm', 'identity', 'username', 'not', 'google']",21,9
91,Google,Negative,Why twitter just make to put in my username to confirm my identity. bitch this ain’t place google.,twitter make put username confirm identity bitch not place google,"['twitter', 'make', 'put', 'username', 'confirm', 'identity', 'bitch', 'not', 'place', 'google']",22,10
91,Google,Negative,Why twitter just make to put in my username to confirm my identity. bitch this indistinguishability ain’t google.,twitter make put username confirm identity bitch indistinguishability not google,"['twitter', 'make', 'put', 'username', 'confirm', 'identity', 'bitch', 'indistinguishability', 'not', 'google']",22,10
91,Google,Negative,Why twitter just make to put in my username confirm my identity. bitch this ain’ google.,twitter make put username confirm identity bitch google,"['twitter', 'make', 'put', 'username', 'confirm', 'identity', 'bitch', 'google']",19,8
91,Google,Negative,twitter just make to put in username to confirm my identity. bitch this ain’t google.,twitter make put username confirm identity bitch not google,"['twitter', 'make', 'put', 'username', 'confirm', 'identity', 'bitch', 'not', 'google']",19,9
92,Cyberpunk2077,Negative,"Well, it's disappointing... Won't play then.",well disappoint not play,"['well', 'disappoint', 'not', 'play']",9,4
92,Cyberpunk2077,Negative,"Well, Won't disappointing... it's play then.",well not disappointing play,"['well', 'not', 'disappointing', 'play']",9,4
92,Cyberpunk2077,Negative,"Well, it's Won't... disappointing play then.",well not disappointing play,"['well', 'not', 'disappointing', 'play']",9,4
92,Cyberpunk2077,Negative,"Well, it's disappointing... Won't play good then.",well disappoint not play good,"['well', 'disappoint', 'not', 'play', 'good']",10,5
92,Cyberpunk2077,Negative,"Well, it's dissatisfactory disappointing... Won't play then.",well dissatisfactory disappoint not play,"['well', 'dissatisfactory', 'disappoint', 'not', 'play']",10,5
92,Cyberpunk2077,Negative,", it's disappointing... Won't play then.",disappoint not play,"['disappoint', 'not', 'play']",8,3
92,Cyberpunk2077,Negative,"Well, it's disappointing... Won't then.",well disappoint not,"['well', 'disappoint', 'not']",8,3
93,Overwatch,Positive,Lets go!!! Overwatch and good vibes!!! Come hang and play Overwatch with me at twitch.tv/z3r0c0010079 ! Hope to see you there!,let go overwatch good vibe come hang play overwatch hope see,"['let', 'go', 'overwatch', 'good', 'vibe', 'come', 'hang', 'play', 'overwatch', 'hope', 'see']",28,11
93,Overwatch,Positive,go Overwatch!!! Overwatch and good vibes!!! Come hang and play Lets with me at twitch.tv/z3r0c0010079 ! Hope to see you there!,go overwatch overwatch good vibe come hang play let hope see,"['go', 'overwatch', 'overwatch', 'good', 'vibe', 'come', 'hang', 'play', 'let', 'hope', 'see']",28,11
93,Overwatch,Positive,z3r0c0010079 go!!! Lets and good vibes!!! Come hang and play Overwatch with me at twitch.tv/Overwatch ! Hope to see you there!,go let good vibe come hang play overwatch hope see,"['go', 'let', 'good', 'vibe', 'come', 'hang', 'play', 'overwatch', 'hope', 'see']",28,10
93,Overwatch,Positive,Lets go!!! Overwatch and good vibes!!! Come hang and ME play Overwatch with me at twitch.tv/TV z3r0c0010079 ! Hope to see you there!,let go overwatch good vibe come hang play overwatch hope see,"['let', 'go', 'overwatch', 'good', 'vibe', 'come', 'hang', 'play', 'overwatch', 'hope', 'see']",30,11
93,Overwatch,Positive,Lets represent go!!! Overwatch and good vibes!!! Come hang and play permit Overwatch with me at twitch.tv/z3r0c0010079 ! Hope to see you there!,let represent go overwatch good vibe come hang play permit overwatch hope see,"['let', 'represent', 'go', 'overwatch', 'good', 'vibe', 'come', 'hang', 'play', 'permit', 'overwatch', 'hope', 'see']",30,13
93,Overwatch,Positive,Lets go!!! Overwatch and good vibes!!! Come hang and Overwatch with me twitch./z3r0c0010079 ! Hope to see you there!,let go overwatch good vibe come hang overwatch twitch hope see,"['let', 'go', 'overwatch', 'good', 'vibe', 'come', 'hang', 'overwatch', 'twitch', 'hope', 'see']",29,11
93,Overwatch,Positive,Lets go!!! Overwatch and good vibes!!! hang and play Overwatch with at twitch.tv/z3r0c0010079 ! Hope to see there!,let go overwatch good vibe hang play overwatch hope see,"['let', 'go', 'overwatch', 'good', 'vibe', 'hang', 'play', 'overwatch', 'hope', 'see']",25,10
94,RedDeadRedemption(RDR),Positive,"I'm a bit late but happy that this franchise has changed my life, but I absolutely have it and I adore it with all my heart and soul",bit late but happy franchise change life but absolutely adore heart soul,"['bit', 'late', 'but', 'happy', 'franchise', 'change', 'life', 'but', 'absolutely', 'adore', 'heart', 'soul']",29,12
94,RedDeadRedemption(RDR),Positive,"I'm a bit late but but and this franchise has changed my life, happy I absolutely have it that I adore it with all my heart and soul",bit late but but franchise change life happy absolutely adore heart soul,"['bit', 'late', 'but', 'but', 'franchise', 'change', 'life', 'happy', 'absolutely', 'adore', 'heart', 'soul']",29,12
94,RedDeadRedemption(RDR),Positive,"I'm and bit late but happy that this franchise with changed my life, but I absolutely have it a I adore it has all my heart and soul",bit late but happy franchise change life but absolutely adore heart soul,"['bit', 'late', 'but', 'happy', 'franchise', 'change', 'life', 'but', 'absolutely', 'adore', 'heart', 'soul']",29,12
94,RedDeadRedemption(RDR),Positive,"I'm a bit IT late but happy that this franchise has changed my life, but I adenine absolutely have it and I adore it with all my heart and soul",bit late but happy franchise change life but adenine absolutely adore heart soul,"['bit', 'late', 'but', 'happy', 'franchise', 'change', 'life', 'but', 'adenine', 'absolutely', 'adore', 'heart', 'soul']",31,13
94,RedDeadRedemption(RDR),Positive,"I'm a bit late but happy that this franchise has changed single my life, but I bear altogether absolutely have it and I adore it with all my heart and soul",bit late but happy franchise change single life but bear altogether absolutely adore heart soul,"['bit', 'late', 'but', 'happy', 'franchise', 'change', 'single', 'life', 'but', 'bear', 'altogether', 'absolutely', 'adore', 'heart', 'soul']",32,15
94,RedDeadRedemption(RDR),Positive,"I'm a bit but happy that this franchise changed my life, but I absolutely have it and I adore it all my and soul",bit but happy franchise change life but absolutely adore soul,"['bit', 'but', 'happy', 'franchise', 'change', 'life', 'but', 'absolutely', 'adore', 'soul']",25,10
94,RedDeadRedemption(RDR),Positive,"a bit late happy that this franchise has changed my life, but I have it I adore it with all my heart and soul",bit late happy franchise change life but adore heart soul,"['bit', 'late', 'happy', 'franchise', 'change', 'life', 'but', 'adore', 'heart', 'soul']",25,10
95,AssassinsCreed,Negative,looks like even @IGN is reporting wrong as the German version of.. again.be/lr3AWo_xBCA,look like even report wrong german version lr awo xbca,"['look', 'like', 'even', 'report', 'wrong', 'german', 'version', 'lr', 'awo', 'xbca']",14,10
95,AssassinsCreed,Negative,looks even like @IGN is reporting wrong as the German version of.. again.be/lr3AWo_xBCA,looks even like report wrong german version lr awo xbca,"['looks', 'even', 'like', 'report', 'wrong', 'german', 'version', 'lr', 'awo', 'xbca']",14,10
95,AssassinsCreed,Negative,looks wrong even @IGN is reporting like as the German version of.. again.be/lr3AWo_xBCA,look wrong even report like german version lr awo xbca,"['look', 'wrong', 'even', 'report', 'like', 'german', 'version', 'lr', 'awo', 'xbca']",14,10
95,AssassinsCreed,Negative,looks like even @IGN is reporting AS wrong as the German version of.. again.be/lr3AWo_xBCA,look like even report wrong german version lr awo xbca,"['look', 'like', 'even', 'report', 'wrong', 'german', 'version', 'lr', 'awo', 'xbca']",15,10
95,AssassinsCreed,Negative,looks like even @IGN is reporting wrong as the translation German version of.. again.be/lr3AWo_xBCA,look like even report wrong translation german version lr awo xbca,"['look', 'like', 'even', 'report', 'wrong', 'translation', 'german', 'version', 'lr', 'awo', 'xbca']",15,11
95,AssassinsCreed,Negative,like even @IGN is reporting wrong the German version of.. again.be/lr3AWo_xBCA,like even report wrong german version lr awo xbca,"['like', 'even', 'report', 'wrong', 'german', 'version', 'lr', 'awo', 'xbca']",12,9
95,AssassinsCreed,Negative,looks even @IGN is reporting wrong as the German version of...be/lr3AWo_xBCA,look even report wrong german version lr awo xbca,"['look', 'even', 'report', 'wrong', 'german', 'version', 'lr', 'awo', 'xbca']",11,9
96,Battlefield,Positive,Welcome Guest Battlefield 1 hacker who knows that,welcome guest battlefield hacker know,"['welcome', 'guest', 'battlefield', 'hacker', 'know']",8,5
96,Battlefield,Positive,Guest Welcome Battlefield 1 hacker who knows that,guest welcome battlefield hacker know,"['guest', 'welcome', 'battlefield', 'hacker', 'know']",8,5
96,Battlefield,Positive,Welcome Guest Battlefield who hacker 1 knows that,welcome guest battlefield hacker know,"['welcome', 'guest', 'battlefield', 'hacker', 'know']",8,5
96,Battlefield,Positive,Welcome Guest Battlefield 1 battleground hacker who knows that,welcome guest battlefield battleground hacker know,"['welcome', 'guest', 'battlefield', 'battleground', 'hacker', 'know']",9,6
96,Battlefield,Positive,Welcome Guest Battlefield 1 welcome hacker who knows that,welcome guest battlefield welcome hacker know,"['welcome', 'guest', 'battlefield', 'welcome', 'hacker', 'know']",9,6
96,Battlefield,Positive,Welcome Battlefield 1 hacker who knows that,welcome battlefield hacker know,"['welcome', 'battlefield', 'hacker', 'know']",7,4
96,Battlefield,Positive,Welcome Guest Battlefield 1 who knows that,welcome guest battlefield know,"['welcome', 'guest', 'battlefield', 'know']",7,4
97,Google,Irrelevant,"google your name + horror + aesthetics.. I mean,, hot pic.twitter.com / P2ASNp5Jke",google name horror aesthetic mean hot,"['google', 'name', 'horror', 'aesthetic', 'mean', 'hot']",16,6
97,Google,Irrelevant,"google your com + horror + aesthetics.. I mean,, hot pic.twitter.name / P2ASNp5Jke",google com horror aesthetic mean hot pic twitter name asnp jke,"['google', 'com', 'horror', 'aesthetic', 'mean', 'hot', 'pic', 'twitter', 'name', 'asnp', 'jke']",16,11
97,Google,Irrelevant,"google your name + I + aesthetics.. horror mean,, hot pic.twitter.com / P2ASNp5Jke",google name aesthetic horror mean hot,"['google', 'name', 'aesthetic', 'horror', 'mean', 'hot']",16,6
97,Google,Irrelevant,"google your name + horror + aesthetics.. I mean,, hot pic.ace twitter.com / P2ASNp5Jke",google name horror aesthetic mean hot pic ace,"['google', 'name', 'horror', 'aesthetic', 'mean', 'hot', 'pic', 'ace']",17,8
97,Google,Irrelevant,"google your name + horror + aesthetics.. I repulsion mean,, hot pic.twitter.com / P2ASNp5Jke",google name horror aesthetic repulsion mean hot,"['google', 'name', 'horror', 'aesthetic', 'repulsion', 'mean', 'hot']",17,7
97,Google,Irrelevant,"google your name + + aesthetics.. I mean,, hot pic.twitter.com / P2ASNp5Jke",google name aesthetic mean hot,"['google', 'name', 'aesthetic', 'mean', 'hot']",15,5
97,Google,Irrelevant,"google your name + horror + aesthetics.. I mean,, hot.twitter.com / P2ASNp5Jke",google name horror aesthetic mean,"['google', 'name', 'horror', 'aesthetic', 'mean']",15,5
98,TomClancysGhostRecon,Positive,Loved this sniper section! This mission is so cool. I'm telling you!. Hey guys. Episode 14 is out and you have not watched it yet! So click on this link promptly. . . . youtu.be/ozt2X4AX20M. .,love sniper section mission cool tell hey guy episode not watch yet click link promptly youtu ozt ax,"['love', 'sniper', 'section', 'mission', 'cool', 'tell', 'hey', 'guy', 'episode', 'not', 'watch', 'yet', 'click', 'link', 'promptly', 'youtu', 'ozt', 'ax']",40,18
98,TomClancysGhostRecon,Positive,Loved cool sniper section! This mission is so this. I'm 14 you!. Hey out. Episode telling is guys and you have not watched it yet! So click on this link promptly. . . . youtu.be/ozt2X4AX20M. .,love cool sniper section mission hey episode tell guy not watch yet click link promptly youtu ozt ax,"['love', 'cool', 'sniper', 'section', 'mission', 'hey', 'episode', 'tell', 'guy', 'not', 'watch', 'yet', 'click', 'link', 'promptly', 'youtu', 'ozt', 'ax']",40,18
98,TomClancysGhostRecon,Positive,Loved this you section! This mission is so cool. I'm telling sniper!. Hey guys. Episode watched is out and you have not 14 it yet! So click on promptly link this. . . . youtu.be/ozt2X4AX20M. .,loved section mission cool tell sniper hey guy episode watch not yet click promptly link youtu ozt ax,"['loved', 'section', 'mission', 'cool', 'tell', 'sniper', 'hey', 'guy', 'episode', 'watch', 'not', 'yet', 'click', 'promptly', 'link', 'youtu', 'ozt', 'ax']",40,18
98,TomClancysGhostRecon,Positive,Loved this sniper section! incision This mission is so cool. I'm telling verboten you!. Hey guys. Episode 14 is out and you have not watched it yet! So click on this link thence promptly. . . . youtu.be/ozt2X4AX20M. .,love sniper section incision mission cool tell verboten hey guy episode not watch yet click link thence promptly youtu ozt ax,"['love', 'sniper', 'section', 'incision', 'mission', 'cool', 'tell', 'verboten', 'hey', 'guy', 'episode', 'not', 'watch', 'yet', 'click', 'link', 'thence', 'promptly', 'youtu', 'ozt', 'ax']",43,21
98,TomClancysGhostRecon,Positive,Loved this sniper section! This let mission is so cool. I'm telling you!. Hey guys. Episode 14 is then out and you have sol not watched it yet! So click on this link promptly. . . . youtu.be/ozt2X4AX20M. .,love sniper section let mission cool tell hey guy episode sol not watch yet click link promptly youtu ozt ax,"['love', 'sniper', 'section', 'let', 'mission', 'cool', 'tell', 'hey', 'guy', 'episode', 'sol', 'not', 'watch', 'yet', 'click', 'link', 'promptly', 'youtu', 'ozt', 'ax']",43,20
98,TomClancysGhostRecon,Positive,Loved sniper section! This mission is so cool. I'm telling!. Hey guys. Episode is out and you not watched it yet! So on this link promptly. . . . youtu.be/ozt2X4AX20M. .,love sniper section mission cool tell hey guy episode not watch yet link promptly youtu ozt ax,"['love', 'sniper', 'section', 'mission', 'cool', 'tell', 'hey', 'guy', 'episode', 'not', 'watch', 'yet', 'link', 'promptly', 'youtu', 'ozt', 'ax']",35,17
98,TomClancysGhostRecon,Positive,Loved this sniper! This mission is so. telling you!. guys. Episode 14 is and you have not watched it yet! So click on this link promptly. . . . youtu.be/ozt2X4AX20M. .,love sniper mission tell guy episode not watch yet click link promptly youtu ozt ax,"['love', 'sniper', 'mission', 'tell', 'guy', 'episode', 'not', 'watch', 'yet', 'click', 'link', 'promptly', 'youtu', 'ozt', 'ax']",35,15
99,Cyberpunk2077,Negative,"Super misleading headline. Then course, as always, people jumping any conclusions as a result",super mislead headline course always people jump conclusion result,"['super', 'mislead', 'headline', 'course', 'always', 'people', 'jump', 'conclusion', 'result']",17,9
99,Cyberpunk2077,Negative,"Super misleading headline. Then a, as always, people jumping any conclusions as course result",super mislead headline always people jump conclusion course result,"['super', 'mislead', 'headline', 'always', 'people', 'jump', 'conclusion', 'course', 'result']",17,9
99,Cyberpunk2077,Negative,"Super misleading headline. Then course, as always, people jumping as conclusions any a result",super mislead headline course always people jump conclusion result,"['super', 'mislead', 'headline', 'course', 'always', 'people', 'jump', 'conclusion', 'result']",17,9
99,Cyberpunk2077,Negative,"Super misleading headline. Then course, as always, people jumping any alternate conclusions as a result",super mislead headline course always people jump alternate conclusion result,"['super', 'mislead', 'headline', 'course', 'always', 'people', 'jump', 'alternate', 'conclusion', 'result']",18,10
99,Cyberpunk2077,Negative,"Super misleading headline. Then course, as always, people jumping any conclusions as multitude a result",super mislead headline course always people jump conclusion multitude result,"['super', 'mislead', 'headline', 'course', 'always', 'people', 'jump', 'conclusion', 'multitude', 'result']",18,10
99,Cyberpunk2077,Negative,"Super misleading headline. Then course, as always, jumping any conclusions as result",super mislead headline course always jump conclusion result,"['super', 'mislead', 'headline', 'course', 'always', 'jump', 'conclusion', 'result']",15,8
99,Cyberpunk2077,Negative,"Super misleading headline. Then course, as, jumping any conclusions as a result",super mislead headline course jump conclusion result,"['super', 'mislead', 'headline', 'course', 'jump', 'conclusion', 'result']",15,7
100,PlayStation5(PS5),Negative,why are guys so obsessed with a girl getting the PS5 for them? get it yourself bb.,guy obsess girl get ps get bb,"['guy', 'obsess', 'girl', 'get', 'ps', 'get', 'bb']",19,7
100,PlayStation5(PS5),Negative,are why guys so obsessed with a girl getting the PS5 for them? get it yourself bb.,guy obsess girl get ps get bb,"['guy', 'obsess', 'girl', 'get', 'ps', 'get', 'bb']",19,7
100,PlayStation5(PS5),Negative,guys are why so obsessed with a girl getting the PS5 for them? get it yourself bb.,guy obsess girl get ps get bb,"['guy', 'obsess', 'girl', 'get', 'ps', 'get', 'bb']",19,7
100,PlayStation5(PS5),Negative,why are guys baffle so obsessed with a girl getting the PS5 for them? get it yourself bb.,guy baffle obsess girl get ps get bb,"['guy', 'baffle', 'obsess', 'girl', 'get', 'ps', 'get', 'bb']",20,8
100,PlayStation5(PS5),Negative,why are guys so obsessed with a girl wherefore getting the PS5 for them? get it yourself bb.,guy obsess girl wherefore get ps get bb,"['guy', 'obsess', 'girl', 'wherefore', 'get', 'ps', 'get', 'bb']",20,8
100,PlayStation5(PS5),Negative,are guys so obsessed with a girl getting the PS5 for them? get it bb.,guy obsess girl get ps get bb,"['guy', 'obsess', 'girl', 'get', 'ps', 'get', 'bb']",17,7
100,PlayStation5(PS5),Negative,why guys obsessed with a girl getting the PS5 for them? get it yourself bb.,guy obsess girl get ps get bb,"['guy', 'obsess', 'girl', 'get', 'ps', 'get', 'bb']",17,7
101,TomClancysRainbowSix,Negative,@Rainbow6Game . Pls fix your servers i was in a rank match and i got disconnected im already a copper 5 cause of shitty rank trollers and my mmr is going to be really low pls fix the servers thx,pls fix server rank match get disconnect already copper shitty rank troller mmr go really low pls fix server thanks,"['pls', 'fix', 'server', 'rank', 'match', 'get', 'disconnect', 'already', 'copper', 'shitty', 'rank', 'troller', 'mmr', 'go', 'really', 'low', 'pls', 'fix', 'server', 'thanks']",40,20
101,TomClancysRainbowSix,Negative,@Rainbow6Game . 5 fix your servers i was in a rank match and i got disconnected pls already a copper Pls cause of shitty rank really and my mmr is going to be trollers low im fix the servers thx,fix server rank match get disconnected pls already copper pls shitty rank really mmr go troller low fix server thanks,"['fix', 'server', 'rank', 'match', 'get', 'disconnected', 'pls', 'already', 'copper', 'pls', 'shitty', 'rank', 'really', 'mmr', 'go', 'troller', 'low', 'fix', 'server', 'thanks']",40,20
101,TomClancysRainbowSix,Negative,@Rainbow6Game . Pls fix your servers i was in a rank match and i servers disconnected im already is copper 5 cause pls shitty rank trollers and my mmr a going to be really low of fix the got thx,pls fix server rank match server disconnect already copper pls shitty rank troller mmr go really low fix get thanks,"['pls', 'fix', 'server', 'rank', 'match', 'server', 'disconnect', 'already', 'copper', 'pls', 'shitty', 'rank', 'troller', 'mmr', 'go', 'really', 'low', 'fix', 'get', 'thanks']",40,20
101,TomClancysRainbowSix,Negative,@Rainbow6Game . Pls fix your servers ane i was in a rank match and i got disconnected im already a copper 5 cause ready of shitty rank trollers and my mmr is going to be ace really low pls fix the servers thx,pls fix server ane rank match get disconnect already copper ready shitty rank troller mmr go ace really low pls fix server thanks,"['pls', 'fix', 'server', 'ane', 'rank', 'match', 'get', 'disconnect', 'already', 'copper', 'ready', 'shitty', 'rank', 'troller', 'mmr', 'go', 'ace', 'really', 'low', 'pls', 'fix', 'server', 'thanks']",43,23
101,TomClancysRainbowSix,Negative,@Rainbow6Game . Pls fix your servers i ace was in a rank match and i got disconnected im already a copper 5 cause of shitty rank trollers and my disconnect mmr is going to axerophthol be really low pls fix the servers thx,pls fix server ace rank match get disconnect already copper shitty rank troller disconnect mmr go axerophthol really low pls fix server thanks,"['pls', 'fix', 'server', 'ace', 'rank', 'match', 'get', 'disconnect', 'already', 'copper', 'shitty', 'rank', 'troller', 'disconnect', 'mmr', 'go', 'axerophthol', 'really', 'low', 'pls', 'fix', 'server', 'thanks']",43,23
101,TomClancysRainbowSix,Negative,@Rainbow6Game . Pls fix your i was in a rank match and i got already a copper 5 cause shitty rank trollers and my mmr is going to be low pls fix the servers thx,pls fix rank match get already copper shitty rank troller mmr go low pls fix server thanks,"['pls', 'fix', 'rank', 'match', 'get', 'already', 'copper', 'shitty', 'rank', 'troller', 'mmr', 'go', 'low', 'pls', 'fix', 'server', 'thanks']",35,17
101,TomClancysRainbowSix,Negative,@Rainbow6Game . Pls was in a rank match and i got disconnected im already a copper 5 cause of shitty rank trollers and my mmr is going to be really low pls fix the servers ,pls rank match get disconnect already copper shitty rank troller mmr go really low pls fix server,"['pls', 'rank', 'match', 'get', 'disconnect', 'already', 'copper', 'shitty', 'rank', 'troller', 'mmr', 'go', 'really', 'low', 'pls', 'fix', 'server']",35,17
102,Overwatch,Negative,was at this fucking unit I’d need to lubricate his tight sockets,fuck unit would need lubricate tight socket,"['fuck', 'unit', 'would', 'need', 'lubricate', 'tight', 'socket']",14,7
102,Overwatch,Negative,was at this fucking need I’d unit to lubricate his tight sockets,fuck need would unit lubricate tight socket,"['fuck', 'need', 'would', 'unit', 'lubricate', 'tight', 'socket']",14,7
102,Overwatch,Negative,was at this unit fucking I’d need to lubricate his tight sockets,unit fuck would need lubricate tight socket,"['unit', 'fuck', 'would', 'need', 'lubricate', 'tight', 'socket']",14,7
102,Overwatch,Negative,was at this fucking unit I’d need to lubricate astatine his tight sockets,fuck unit would need lubricate astatine tight socket,"['fuck', 'unit', 'would', 'need', 'lubricate', 'astatine', 'tight', 'socket']",15,8
102,Overwatch,Negative,was at this fucking unit I’penury d need to lubricate his tight sockets,fuck unit penury need lubricate tight socket,"['fuck', 'unit', 'penury', 'need', 'lubricate', 'tight', 'socket']",15,7
102,Overwatch,Negative,was at this fucking unit I’ need to lubricate his tight sockets,fuck unit need lubricate tight socket,"['fuck', 'unit', 'need', 'lubricate', 'tight', 'socket']",13,6
102,Overwatch,Negative,was at this fucking unit I’d need to lubricate his sockets,fuck unit would need lubricate socket,"['fuck', 'unit', 'would', 'need', 'lubricate', 'socket']",13,6
103,PlayerUnknownsBattlegrounds(PUBG),Negative,pubg with taehyung... i hate that game,pubg taehyung hate game,"['pubg', 'taehyung', 'hate', 'game']",8,4
103,PlayerUnknownsBattlegrounds(PUBG),Negative,pubg with taehyung... hate i that game,pubg taehyung hate game,"['pubg', 'taehyung', 'hate', 'game']",8,4
103,PlayerUnknownsBattlegrounds(PUBG),Negative,pubg with taehyung... i that hate game,pubg taehyung hate game,"['pubg', 'taehyung', 'hate', 'game']",8,4
103,PlayerUnknownsBattlegrounds(PUBG),Negative,pubg with taehyung... i hate that iodin game,pubg taehyung hate iodin game,"['pubg', 'taehyung', 'hate', 'iodin', 'game']",9,5
103,PlayerUnknownsBattlegrounds(PUBG),Negative,pubg with taehyung... mettlesome i hate that game,pubg taehyung mettlesome hate game,"['pubg', 'taehyung', 'mettlesome', 'hate', 'game']",9,5
103,PlayerUnknownsBattlegrounds(PUBG),Negative,pubg with taehyung... i that game,pubg taehyung game,"['pubg', 'taehyung', 'game']",7,3
103,PlayerUnknownsBattlegrounds(PUBG),Negative,pubg with... i hate that game,pubg hate game,"['pubg', 'hate', 'game']",7,3
104,TomClancysGhostRecon,Positive,Couple of shots I took yesterday while playing with @TacStreamDE & @Semirijha & @AgtMorganCreed . Super fun as always :). .,couple shot take yesterday play super fun always,"['couple', 'shot', 'take', 'yesterday', 'play', 'super', 'fun', 'always']",21,8
104,TomClancysGhostRecon,Positive,Couple of shots AgtMorganCreed took yesterday while playing with @TacStreamDE & @Semirijha & @I . Super fun as always :). .,couple shot agtmorgancreed take yesterday play super fun always,"['couple', 'shot', 'agtmorgancreed', 'take', 'yesterday', 'play', 'super', 'fun', 'always']",21,9
104,TomClancysGhostRecon,Positive,Couple of shots I took yesterday while playing with @AgtMorganCreed & @Semirijha & @TacStreamDE . Super fun as always :). .,couple shot take yesterday play super fun always,"['couple', 'shot', 'take', 'yesterday', 'play', 'super', 'fun', 'always']",21,8
104,TomClancysGhostRecon,Positive,Couple of exceedingly shots I took yesterday while playing with @TacStreamDE & @Semirijha & @AgtMorganCreed . Super fun as always :). .,couple exceedingly shot take yesterday play super fun always,"['couple', 'exceedingly', 'shot', 'take', 'yesterday', 'play', 'super', 'fun', 'always']",22,9
104,TomClancysGhostRecon,Positive,Couple of shots I took yesterday while playing with @TacStreamDE & @Semirijha & @AgtMorganCreed . Super unity fun as always :). .,couple shot take yesterday play super unity fun always,"['couple', 'shot', 'take', 'yesterday', 'play', 'super', 'unity', 'fun', 'always']",22,9
104,TomClancysGhostRecon,Positive,Couple of shots I took while playing with @ & @Semirijha & @AgtMorganCreed . Super fun as always :). .,couple shot take play super fun always,"['couple', 'shot', 'take', 'play', 'super', 'fun', 'always']",20,7
104,TomClancysGhostRecon,Positive,Couple of shots I took yesterday while with @TacStreamDE & @Semirijha & @AgtMorganCreed . fun as always :). .,couple shot take yesterday fun always,"['couple', 'shot', 'take', 'yesterday', 'fun', 'always']",19,6
105,Amazon,Negative,Walmart Just Gave Its Workers Another Good Reward to Cancel Their Amazon Prime Membership dlvr.it/Rf21jg<unk>],walmart give worker another good reward cancel amazon prime membership dlvr rf jg unk,"['walmart', 'give', 'worker', 'another', 'good', 'reward', 'cancel', 'amazon', 'prime', 'membership', 'dlvr', 'rf', 'jg', 'unk']",17,14
105,Amazon,Negative,Walmart Just Gave Its Workers Another Good Reward to Cancel Their Amazon unk Membership dlvr.it/Rf21jg<Prime>],walmart give worker another good reward cancel amazon unk membership dlvr rf jg prime,"['walmart', 'give', 'worker', 'another', 'good', 'reward', 'cancel', 'amazon', 'unk', 'membership', 'dlvr', 'rf', 'jg', 'prime']",17,14
105,Amazon,Negative,Walmart Just Prime Its Workers Another Good Reward to Cancel Their Amazon Gave Membership dlvr.it/Rf21jg<unk>],walmart prime worker another good reward cancel amazon give membership dlvr rf jg unk,"['walmart', 'prime', 'worker', 'another', 'good', 'reward', 'cancel', 'amazon', 'give', 'membership', 'dlvr', 'rf', 'jg', 'unk']",17,14
105,Amazon,Negative,Walmart Just Gave Its Workers Another Good Reward to Cancel actor Their Amazon Prime Membership dlvr.it/Rf21jg<unk>],walmart give worker another good reward cancel actor amazon prime membership dlvr rf jg unk,"['walmart', 'give', 'worker', 'another', 'good', 'reward', 'cancel', 'actor', 'amazon', 'prime', 'membership', 'dlvr', 'rf', 'jg', 'unk']",18,15
105,Amazon,Negative,Walmart Just flower Gave Its Workers Another Good Reward to Cancel Their Amazon Prime Membership dlvr.it/Rf21jg<unk>],walmart flower give worker another good reward cancel amazon prime membership dlvr rf jg unk,"['walmart', 'flower', 'give', 'worker', 'another', 'good', 'reward', 'cancel', 'amazon', 'prime', 'membership', 'dlvr', 'rf', 'jg', 'unk']",18,15
105,Amazon,Negative,Walmart Gave Its Workers Another Good Reward to Cancel Their Amazon Prime Membership.it/Rf21jg<unk>],walmart give worker another good reward cancel amazon prime membership rf jg unk,"['walmart', 'give', 'worker', 'another', 'good', 'reward', 'cancel', 'amazon', 'prime', 'membership', 'rf', 'jg', 'unk']",15,13
105,Amazon,Negative,Walmart Just Gave Its Workers Another Reward to Cancel Their Amazon Prime dlvr.it/Rf21jg<unk>],walmart give worker another reward cancel amazon prime dlvr rf jg unk,"['walmart', 'give', 'worker', 'another', 'reward', 'cancel', 'amazon', 'prime', 'dlvr', 'rf', 'jg', 'unk']",15,12
