orig_id,entity,source_id,label,technique,variant,text
6,Borderlands,2645,Positive,original,0,"Thank you so much to members who came out to @borderlands_sf Monday to witness @megelison and I talking about queer families, skillsharing, and fighting fascism through caring for our communities! what you great night."
6,Borderlands,2645,Positive,swap,1,"Thank you so much to communities who came out to @borderlands_sf Monday to members @megelison you I talking about queer families, skillsharing, and fighting fascism through caring for our witness! what and great night."
6,Borderlands,2645,Positive,swap,2,"Thank you so out to members who came much to @and Monday to witness @megelison and I talking about queer families, skillsharing, borderlands_sf fighting fascism through caring for our night! what you great communities."
6,Borderlands,2645,Positive,insert,1,"Thank you so much to members who came out to @borderlands_sf Monday to appendage phallus witness @megelison and I talking about queer virtually families, skillsharing, and fighting fascism through caring for our communities! what you great night."
6,Borderlands,2645,Positive,insert,2,"Thank you so much to members who came out to @borderlands_sf Monday to witness @megelison and ane I talking about queer families, skillsharing, and fighting fascism through caring fare for our communities! what appendage you great night."
6,Borderlands,2645,Positive,delete,1,"Thank you so much to members who came out to @borderlands_sf to witness @ and I about queer, skillsharing, and fighting fascism through caring for communities! what you great night."
6,Borderlands,2645,Positive,delete,2,"Thank you so much to who came out to @borderlands_sf Monday witness @megelison I talking about queer families, skillsharing, and fighting fascism through caring for our communities! what night."
7,Borderlands,2473,Irrelevant#Neutral,original,0,Borderlands 3 - Jesse Krieg Music Meets Princess Maya ( performing Psycho Krieg solo and featuring the Fantastic Duo Fustercluck DLC ). youtube. com / channel watch? id v = o4JfCk ….
7,Borderlands,2473,Irrelevant#Neutral,swap,1,Borderlands 3 - Jesse Krieg and Meets Princess Maya ( performing Psycho Krieg solo Music featuring the Fantastic Duo youtube DLC ). Fustercluck. com / channel watch? id v = o4JfCk ….
7,Borderlands,2473,Irrelevant#Neutral,swap,2,watch 3 - Jesse Krieg Music Meets Princess Maya ( performing Psycho Fustercluck solo and featuring the Fantastic Duo Krieg DLC ). youtube. com / channel Borderlands? id v = o4JfCk ….
7,Borderlands,2473,Irrelevant#Neutral,insert,1,Borderlands 3 - Jesse Krieg Music Meets Princess Maya ( performing Psycho Krieg solo and featuring the Fantastic Duo three Fustercluck DLC ). youtube. unaccompanied com / channel watch? id v = o4JfCk ….
7,Borderlands,2473,Irrelevant#Neutral,insert,2,quintet Borderlands 3 - Jesse Krieg Music Meets Princess Maya ( performing Psycho Krieg solo and featuring the Fantastic Duo Fustercluck princess DLC ). youtube. com / channel watch? id v = o4JfCk ….
7,Borderlands,2473,Irrelevant#Neutral,delete,1,3 - Jesse Krieg Music Princess Maya ( performing Psycho Krieg solo and featuring the Fantastic Duo Fustercluck DLC ). youtube. com / watch? id v = o4JfCk ….
7,Borderlands,2473,Irrelevant#Neutral,delete,2,Borderlands 3 - Jesse Music Princess Maya ( Psycho Krieg solo and featuring the Fantastic Duo Fustercluck DLC ). youtube. com / channel watch? id v = o4JfCk ….
8,CallOfDutyBlackopsColdWar,1771,Positive,original,0,I'll believe it when I see it but every way I'm excited
8,CallOfDutyBlackopsColdWar,1771,Positive,swap,1,I'll it it when I see believe but every way I'm excited
8,CallOfDutyBlackopsColdWar,1771,Positive,swap,2,excited believe it when I see it but every way I'm I'll
8,CallOfDutyBlackopsColdWar,1771,Positive,insert,1,I'll energise believe it when I see it but every way I'm excited
8,CallOfDutyBlackopsColdWar,1771,Positive,insert,2,I'll merely believe it when I see it but every way I'm excited
8,CallOfDutyBlackopsColdWar,1771,Positive,delete,1,I'll believe it when I it but every way I'm excited
8,CallOfDutyBlackopsColdWar,1771,Positive,delete,2,I'll believe it when I see it but every way I'm 
9,Nvidia,8900,Irrelevant,original,0,"Attacked again IBM, AMD releases RX 6000 dual accelerator cards: lower reviews tnewspro.com/2020/10/29/att..."
9,Nvidia,8900,Irrelevant,swap,1,"Attacked again IBM, AMD 2020 RX 6000 dual accelerator cards: lower reviews tnewspro.com/releases/10/29/att..."
9,Nvidia,8900,Irrelevant,swap,2,"Attacked again IBM, reviews releases RX 6000 dual accelerator cards: lower AMD tnewspro.com/2020/10/29/att..."
9,Nvidia,8900,Irrelevant,insert,1,"Attacked again IBM, AMD critique releases RX 6000 dual accelerator cards: lower reviews tnewspro.com/2020/10/29/att..."
9,Nvidia,8900,Irrelevant,insert,2,"Attacked again IBM, AMD releases RX 6000 dual accelerator xxix cards: lower reviews tnewspro.com/2020/10/29/att..."
9,Nvidia,8900,Irrelevant,delete,1,"Attacked again IBM, AMD RX 6000 dual accelerator: lower reviews tnewspro.com/2020/10/29/att..."
9,Nvidia,8900,Irrelevant,delete,2,"Attacked again IBM, releases RX 6000 accelerator cards: lower reviews tnewspro.com/2020/10/29/att..."
10,Verizon,11897,Positive,original,0,"Thanks to Verizon, you're too expensive not to work"
10,Verizon,11897,Positive,swap,1,"Thanks to Verizon, you're too work not to expensive"
10,Verizon,11897,Positive,swap,2,"Thanks work Verizon, you're too expensive not to to"
10,Verizon,11897,Positive,insert,1,"Thanks to excessively Verizon, you're too expensive not to work"
10,Verizon,11897,Positive,insert,2,"Thanks to likewise Verizon, you're too expensive not to work"
10,Verizon,11897,Positive,delete,1,"Thanks Verizon, you're too expensive not to work"
10,Verizon,11897,Positive,delete,2,"Thanks to Verizon, you're too not to work"
11,WorldOfCraft,12422,Positive,original,0,"Things that help with how all-caps anxious I feel right now: World of Warcraft. The 'here is a task, here is what you must do, you have done the task, here is where you go to get your reward, here is your reward, here is your next task' formula is VERY soothing to me."
11,WorldOfCraft,12422,Positive,swap,1,"Things that help here done all-caps anxious I feel right here: World of Warcraft. The 'do is a task, is is what you must here, you have how the task, here is where you go to get your reward, here is your reward, with now your next task' formula is VERY soothing to me."
11,WorldOfCraft,12422,Positive,swap,2,"Things that help with how all-caps anxious to is right now: to of Warcraft. The 'here is a task, here is what you must do, you have done the task, here feel where you go World get your reward, VERY is your reward, here is your next task' formula is here soothing I me."
11,WorldOfCraft,12422,Positive,insert,1,"Things that help with how all-caps amp serve anxious I feel right now: World of Warcraft. The 'here is a task, here is what you act must do, you have done the task, here is where you experience go to get your reward, here is your reward, here is your next task' formula is unquiet VERY soothing to me."
11,WorldOfCraft,12422,Positive,insert,2,"Things that help with how all-caps anxious I feel right now: World of Warcraft. The 'here is a task, here is what you must uneasy do, instantly you have done the task, here is where you go reinforce to get your reward, here is your reward, here is your next task' embody formula is VERY soothing to me."
11,WorldOfCraft,12422,Positive,delete,1,"Things that help with how all-caps anxious I feel right: of Warcraft. The 'here is a task, here what you must do, you have done the task, here is where to get reward, here is your, here is next task' formula is VERY soothing to me."
11,WorldOfCraft,12422,Positive,delete,2,"Things that help with how all-caps anxious I right now: World Warcraft. The 'here is a task, here is what you must do, have done the, here is where you go get, here is your reward, here is your next formula is VERY soothing to me."
12,Hearthstone,5598,Neutral#Positive,original,0,His Biggest Gold Grubber yet and best game with Reno Jackson for using his new updated zero cost Gold hero saving power
12,Hearthstone,5598,Neutral#Positive,swap,1,Biggest His for Grubber yet and best game with Reno Jackson Gold using his new updated zero cost Gold hero saving power
12,Hearthstone,5598,Neutral#Positive,swap,2,His Biggest Gold Grubber yet power best game Reno with Jackson for using his new updated zero cost Gold hero saving and
12,Hearthstone,5598,Neutral#Positive,insert,1,His Biggest Gold Grubber yet and Hero best game with stake Reno Jackson for using his new updated zero cost Gold hero saving power
12,Hearthstone,5598,Neutral#Positive,insert,2,His however Biggest Gold Grubber yet and best game with Reno Jackson for using his fighter new updated zero cost Gold hero saving power
12,Hearthstone,5598,Neutral#Positive,delete,1,His Biggest Gold Grubber yet and best with Jackson for using his updated zero cost Gold hero saving power
12,Hearthstone,5598,Neutral#Positive,delete,2,His Biggest Grubber yet and best game with Reno Jackson for his new updated zero cost Gold saving power
13,WorldOfCraft,12486,Positive,original,0,The latest WarCraft Press Daily! paper.li/WarCraftPress/… Thanks to @Shadesogrey
13,WorldOfCraft,12486,Positive,swap,1,The Daily WarCraft Press latest! paper.li/WarCraftPress/… Thanks to @Shadesogrey
13,WorldOfCraft,12486,Positive,swap,2,WarCraft latest The Press Daily! paper.li/WarCraftPress/… Thanks to @Shadesogrey
13,WorldOfCraft,12486,Positive,insert,1,The latest WarCraft Press Daily! paper.li/late WarCraftPress/… Thanks to @Shadesogrey
13,WorldOfCraft,12486,Positive,insert,2,casual The latest WarCraft Press Daily! paper.li/WarCraftPress/… Thanks to @Shadesogrey
13,WorldOfCraft,12486,Positive,delete,1,The latest WarCraft Press Daily!.li/WarCraftPress/… Thanks to @Shadesogrey
13,WorldOfCraft,12486,Positive,delete,2,The latest WarCraft Press! paper.li/WarCraftPress/… Thanks to @Shadesogrey
14,Overwatch,9333,Negative,original,0,i immediately play overwatch again (bad)
14,Overwatch,9333,Negative,swap,1,i immediately overwatch play again (bad)
14,Overwatch,9333,Negative,swap,2,immediately i play overwatch again (bad)
14,Overwatch,9333,Negative,insert,1,i immediately play overwatch again (meet bad)
14,Overwatch,9333,Negative,insert,2,unsound i immediately play overwatch again (bad)
14,Overwatch,9333,Negative,delete,1,i immediately overwatch again (bad)
14,Overwatch,9333,Negative,delete,2,immediately play overwatch again (bad)
15,PlayStation5(PS5),9988,Negative,original,0,Huge water leak. I wonder how Sony will react now to this?
15,PlayStation5(PS5),9988,Negative,swap,1,Huge water leak. I will how Sony wonder react now to this?
15,PlayStation5(PS5),9988,Negative,swap,2,Huge water leak. I wonder how Sony will react this to now?
15,PlayStation5(PS5),9988,Negative,insert,1,Huge water leak. I wonder how Sony will react now to wetting this?
15,PlayStation5(PS5),9988,Negative,insert,2,Huge water leakage leak. I wonder how Sony will react now to this?
15,PlayStation5(PS5),9988,Negative,delete,1,Huge water leak. I wonder how Sony react now to this?
15,PlayStation5(PS5),9988,Negative,delete,2,Huge water leak. wonder how Sony will react now to this?
16,Overwatch,9454,Negative,original,0,"Nerd Tweet: I'm really disappointed by @ PlayOverwatch, one of my favorite games I've played since day one. I feel that all they care about is sport. We finally have a new hero, cool, but another dps. 2 / 2 / 2 I can somehow come back. But let's switch open..."
16,Overwatch,9454,Negative,swap,1,"Nerd Tweet: I'm really disappointed by @ PlayOverwatch, let's of my favorite games I've played open day one. dps feel that all they 2 about is sport. We finally have a new hero, cool, but another I. care / 2 / 2 I can somehow come back. But one switch since..."
16,Overwatch,9454,Negative,swap,2,"Nerd Tweet: I'm really disappointed by @ PlayOverwatch, one of back games favorite 2 played since day one. I feel that all they care about is sport. We finally have a new hero, cool, but another 2. dps / 2 / I've I can somehow come my. But let's switch open..."
16,Overwatch,9454,Negative,insert,1,"Nerd Tweet: I'm really disappointed by @ deary PlayOverwatch, one of my favorite games I've played since day one. I feel that all they care about is sport. We finally have a let new hero, cool, but another dps. wonk 2 / 2 / 2 I foiled can somehow come back. But let's switch open..."
16,Overwatch,9454,Negative,insert,2,"Nerd swap Tweet: someway I'm really disappointed by @ PlayOverwatch, one of my favorite games ii I've played since day one. I feel that all they care about is sport. We finally surface have a new hero, cool, but another dps. 2 / 2 / 2 I can somehow come back. But let's switch open..."
16,Overwatch,9454,Negative,delete,1,"Nerd Tweet: really by @, one of my favorite games I've played since day one. I feel that all they care about is. We finally have a new hero, cool, but another dps. / 2 / I can somehow come back. But let's switch..."
16,Overwatch,9454,Negative,delete,2,"Tweet: I'm really disappointed by @ PlayOverwatch, of my favorite games I've played since day one. I feel that all they care about sport. We finally have a new hero, cool, but another dps. / 2 / 2 I can somehow come. let's open..."
17,PlayStation5(PS5),9984,Neutral,original,0,Will<unk> be screaming “ hello it’s Jon champion with co co commentator Jim “ as what dey fuck?
17,PlayStation5(PS5),9984,Neutral,swap,1,hello<unk> be screaming “ Will it’s Jon champion with co co commentator Jim “ as what dey fuck?
17,PlayStation5(PS5),9984,Neutral,swap,2,screaming<unk> be Will “ hello it’s Jon champion with co co commentator Jim “ as what dey fuck?
17,PlayStation5(PS5),9984,Neutral,insert,1,Will<unk> be screaming “ hello it’s Jon champion with co co commentator Jim “ CO as what dey fuck?
17,PlayStation5(PS5),9984,Neutral,insert,2,Will<unk> be screaming “ hello it’s Jon champion with co co commentator Jim “ howdy as what dey fuck?
17,PlayStation5(PS5),9984,Neutral,delete,1,Will<unk> be screaming “ hello’ Jon champion with co co commentator Jim “ as what dey fuck?
17,PlayStation5(PS5),9984,Neutral,delete,2,Will<unk> be screaming “ it’s Jon champion with co co commentator Jim “ as what fuck?
18,Borderlands,2445,Positive,original,0,4 favorite games of all time. (thanks @317Slayer and @Drunk_Cookies!). . 1. Halo 2/3 can't pick. 2. Rocket League. 3. Kingdom Hearts 2. 4. Super Mario Bros All Stars (this was probably the first game I ever played). . @Demintele_Sway @DiscoSpider93 @Void_BWungus @LSTesports let’s see em!
18,Borderlands,2445,Positive,swap,1,317Slayer favorite games of all time. (thanks @4 and @League!). . 1. Halo 2/3 Drunk_Cookies pick. 2. Rocket can't. 3. Kingdom Hearts 2. 4. Super Mario Bros All Stars (this was probably Demintele_Sway first game I ever played). . @the @DiscoSpider93 @Void_BWungus @LSTesports let’s see em!
18,Borderlands,2445,Positive,swap,2,4 favorite games of all time. (Demintele_Sway @317Slayer and @Drunk_Cookies!). . League. Halo 2/3 can't pick. 2. Rocket 1. 3. Kingdom Hearts 2. 4. was Mario Bros All Stars (this Super probably the first game I ever played). . @thanks @DiscoSpider93 @Void_BWungus @LSTesports let’s see em!
18,Borderlands,2445,Positive,insert,1,4 favorite games of all time. (thanks @317Slayer and @Drunk_Cookies!). . 1. Halo 2/3 can't pick. 2. clip Rocket visualise League. 3. Kingdom Hearts 2. 4. Super Mario Bros All Stars (this hotshot was probably the first game I ever played). . @Demintele_Sway @DiscoSpider93 @Void_BWungus @LSTesports let’s see em!
18,Borderlands,2445,Positive,insert,2,thank 4 favorite games of all time. (thanks @317Slayer and @Drunk_Cookies!). . 1. Halo 2/totally 3 can't pick. 2. Rocket League. 3. Kingdom Hearts 2. 4. Super Mario Bros All Stars (this was probably the first game I ever played). . @Demintele_Sway @DiscoSpider93 @skyrocket Void_BWungus @LSTesports let’s see em!
18,Borderlands,2445,Positive,delete,1,4 favorite games of all time. ( @317Slayer and @!). . 1. Halo 2/3 can't pick. 2. Rocket League. 3. Kingdom Hearts 2. 4. Super Mario Bros All Stars (this was probably first game I played). . @ @ @Void_BWungus @LSTesports let’s see em!
18,Borderlands,2445,Positive,delete,2,4 games of all time. (thanks @317Slayer and @Drunk_Cookies!). . 1. Halo 2/ pick. 2. Rocket League. 3. Hearts. 4. Super Mario Bros All Stars (this was probably the first game I ever played). . @Demintele_Sway @DiscoSpider93 @ @LSTesports let’s see em!
19,NBA2K,8631,Negative,original,0,I like you how some @NBA2K_2KTV act like nothing wrong with that @NBA2K just keep selling this wack info.
19,NBA2K,8631,Negative,swap,1,I like you how some @NBA2K_2KTV act like nothing wrong with that @NBA2K just keep info this wack selling.
19,NBA2K,8631,Negative,swap,2,I wack you how some @NBA2K_2KTV act like nothing wrong with that @NBA2K just keep selling this like info.
19,NBA2K,8631,Negative,insert,1,I iodine like you how some @NBA2K_2KTV act like nothing wrong with that @NBA2K just keep selling this wack info.
19,NBA2K,8631,Negative,insert,2,I like you how some @NBA2K_2KTV act like nothing wrong with about that @NBA2K just keep selling this wack info.
19,NBA2K,8631,Negative,delete,1,I like how some @NBA2K_2KTV act like nothing wrong with that @NBA2K keep selling this wack info.
19,NBA2K,8631,Negative,delete,2,like you how some @NBA2K_2KTV act like nothing wrong with that @NBA2K just selling this wack info.
20,RedDeadRedemption(RDR),10481,Negative,original,0,One of the strangest things Red Dead Redement 2 has taught me (offline and online) is that there were banks and garbage cans everywhere in the old West.
20,RedDeadRedemption(RDR),10481,Negative,swap,1,One of the me things and Dead Redement 2 has taught strangest (offline Red online) is that there were banks and garbage cans everywhere in the old West.
20,RedDeadRedemption(RDR),10481,Negative,swap,2,One of the strangest things Red Dead taught 2 has offline me (Redement and online) is that garbage were banks and there cans everywhere in the old West.
20,RedDeadRedemption(RDR),10481,Negative,insert,1,One of the strangest things Red Dead Redement 2 has swear taught me (offline and online) is that there were drivel banks and garbage cans everywhere in the old West.
20,RedDeadRedemption(RDR),10481,Negative,insert,2,One of the strangest things Red Dead Redement 2 has taught me (offline Occident and Occident online) is that there were banks and garbage cans everywhere in the old West.
20,RedDeadRedemption(RDR),10481,Negative,delete,1,One of strangest things Red Dead Redement 2 has (offline and online) is that there were banks and garbage cans everywhere in old West.
20,RedDeadRedemption(RDR),10481,Negative,delete,2,One of the strangest things Red Redement 2 me (offline and online) is that there were banks and garbage cans in the old West.
21,Microsoft,8208,Negative,original,0,RT vikatan:'Walking in India is the worst! 2-Microsoft to
21,Microsoft,8208,Negative,swap,1,RT vikatan:'is in India Walking the worst! 2-Microsoft to
21,Microsoft,8208,Negative,swap,2,in vikatan:'Walking RT India is the worst! 2-Microsoft to
21,Microsoft,8208,Negative,insert,1,RT Bharat vikatan:'Walking in India is the worst! 2-Microsoft to
21,Microsoft,8208,Negative,insert,2,RT vikatan:'Walking in India In is the worst! 2-Microsoft to
21,Microsoft,8208,Negative,delete,1,RT vikatan:' in India is the worst! 2-Microsoft to
21,Microsoft,8208,Negative,delete,2,RT:'Walking in India is the worst! 2-Microsoft to
22,RedDeadRedemption(RDR),10613,Irrelevant,original,0,Red Dead Redemption. . store.playstation.com/
22,RedDeadRedemption(RDR),10613,Irrelevant,swap,1,Red Dead Redemption. . com.playstation.store/
22,RedDeadRedemption(RDR),10613,Irrelevant,swap,2,com Dead Redemption. . store.playstation.Red/
22,RedDeadRedemption(RDR),10613,Irrelevant,insert,1,Red Dead Redemption. . store.Marxist playstation.com/
22,RedDeadRedemption(RDR),10613,Irrelevant,insert,2,Red Dead buyback Redemption. . store.playstation.com/
22,RedDeadRedemption(RDR),10613,Irrelevant,delete,1,Red Dead Redemption. . store.playstation./
22,RedDeadRedemption(RDR),10613,Irrelevant,delete,2,Red Dead. . store.playstation.com/
23,NBA2K,8552,Positive,original,0,"@ NBA2K can I ask an episode also I have bought almost 2 million worth of vc, this is how much I love this game"
23,NBA2K,8552,Positive,swap,1,"@ NBA2K can I I an episode also I have bought almost 2 million vc of worth, this is how much ask love this game"
23,NBA2K,8552,Positive,swap,2,"@ NBA2K can I love an episode also much have bought almost 2 million worth of vc, this is how I I ask this game"
23,NBA2K,8552,Positive,insert,1,"@ NBA2K can I ask an episode also I have bought almost 2 million worth of vc, this is single how much unity I love this game"
23,NBA2K,8552,Positive,insert,2,"@ deserving NBA2K can I AN ask an episode also I have bought almost 2 million worth of vc, this is how much I love this game"
23,NBA2K,8552,Positive,delete,1,"@ NBA2K can I ask an episode also I have bought almost 2 of, this is how much I love this game"
23,NBA2K,8552,Positive,delete,2,"@ NBA2K can I ask an episode also have bought almost 2 million worth of, this is how much I love game"
24,Google,4462,Negative#Neutral,original,0,pause who the god uses microsoft word... what's the point for them...
24,Google,4462,Negative#Neutral,swap,1,pause who the god uses microsoft them... what's the point for word...
24,Google,4462,Negative#Neutral,swap,2,pause who the god uses microsoft what's... word the point for them...
24,Google,4462,Negative#Neutral,insert,1,pause Logos who the god uses microsoft word... what's the point for them...
24,Google,4462,Negative#Neutral,insert,2,pause who the god uses microsoft word... WHO what's the point for them...
24,Google,4462,Negative#Neutral,delete,1,pause the god uses microsoft word... what's the point for them...
24,Google,4462,Negative#Neutral,delete,2,pause who the god uses microsoft word... what's the point them...
25,Battlefield,1457,Irrelevant#Negative,original,0,The ban for Battlefield 4 911 _ kbbbbbbb.com player was due to DETAILS: bf4db.com / player / ban / 513...
25,Battlefield,1457,Irrelevant#Negative,swap,1,The ban for Battlefield 4 911 _ kbbbbbbb.player player was due to DETAILS: bf4db.com / com / ban / 513...
25,Battlefield,1457,Irrelevant#Negative,swap,2,The ban for Battlefield 4 player _ kbbbbbbb.com player was due to DETAILS: bf4db.com / 911 / ban / 513...
25,Battlefield,1457,Irrelevant#Negative,insert,1,The ban for Battlefield 4 911 _ kbbbbbbb.com player was due to DETAILS: bf4db.com / player / ban / ostracise 513...
25,Battlefield,1457,Irrelevant#Negative,insert,2,The ban for Battlefield 4 quartet 911 _ kbbbbbbb.com player was due to DETAILS: bf4db.com / player / ban / 513...
25,Battlefield,1457,Irrelevant#Negative,delete,1,The ban for Battlefield 4 911 _ kbbbbbbb. player was due to DETAILS: bf4db. / player / ban / 513...
25,Battlefield,1457,Irrelevant#Negative,delete,2,The ban for Battlefield 4 _ kbbbbbbb.com player was due DETAILS: bf4db.com / player / ban / 513...
26,Borderlands,2654,Positive,original,0,4 Favorite Game Soundtracks:.. Doom. Doom. Doom. Doom forever
26,Borderlands,2654,Positive,swap,1,4 Favorite Game Soundtracks:.. forever. Doom. Doom. Doom Doom
26,Borderlands,2654,Positive,swap,2,Favorite 4 Game Soundtracks:.. Doom. Doom. Doom. Doom forever
26,Borderlands,2654,Positive,insert,1,4 Favorite Game Soundtracks:.. Doom. pet Doom. Doom. Doom forever
26,Borderlands,2654,Positive,insert,2,4 soundtrack Favorite Game Soundtracks:.. Doom. Doom. Doom. Doom forever
26,Borderlands,2654,Positive,delete,1,4 Favorite Game Soundtracks:... Doom. Doom. Doom forever
26,Borderlands,2654,Positive,delete,2,4 Favorite Game:.. Doom. Doom. Doom. Doom forever
27,CallOfDuty,2027,Negative,original,0,niggas really out here tryna play me like I'm Call of Duty! I hate it here
27,CallOfDuty,2027,Negative,swap,1,like really out here tryna play me niggas I'm Call of Duty! I hate it here
27,CallOfDuty,2027,Negative,swap,2,niggas really out here tryna of me like I'm Call play Duty! I hate it here
27,CallOfDuty,2027,Negative,insert,1,niggas IT really out here tryna play me like I'm Call of Duty! I hate it here
27,CallOfDuty,2027,Negative,insert,2,niggas really out here similar tryna play me like I'm Call of Duty! I hate it here
27,CallOfDuty,2027,Negative,delete,1,niggas really out here tryna play me I'm Call of Duty! hate it here
27,CallOfDuty,2027,Negative,delete,2,niggas really out here tryna play me like Call of Duty! I it here
28,AssassinsCreed,938,Neutral,original,0,Well... it was kind of puzzling.
28,AssassinsCreed,938,Neutral,swap,1,Well... puzzling was kind of it.
28,AssassinsCreed,938,Neutral,swap,2,it... Well was kind of puzzling.
28,AssassinsCreed,938,Neutral,insert,1,Well... it was confusing kind of puzzling.
28,AssassinsCreed,938,Neutral,insert,2,Well... it was kind of sort puzzling.
28,AssassinsCreed,938,Neutral,delete,1,Well... it kind of puzzling.
28,AssassinsCreed,938,Neutral,delete,2,Well... it was kind of.
29,LeagueOfLegends,7491,Positive,original,0,"oh fuck I just realized... if a League of Legends Champion gets into smash, there's a relatively high chance it's Yasuo. FUCK"
29,LeagueOfLegends,7491,Positive,swap,1,"just fuck I relatively realized... if a League of Legends Champion gets into smash, there's a oh high chance it's Yasuo. FUCK"
29,LeagueOfLegends,7491,Positive,swap,2,"oh fuck I just realized... if a League of Legends Champion high into a, there's smash relatively gets chance it's Yasuo. FUCK"
29,LeagueOfLegends,7491,Positive,insert,1,"oh fuck A I just realized... if a League of Legends Champion gets into smash, there's a relatively adenine high chance it's Yasuo. FUCK"
29,LeagueOfLegends,7491,Positive,insert,2,"oh fuck comparatively I just realized... if a League of Legends Ohio Champion gets into smash, there's a relatively high chance it's Yasuo. FUCK"
29,LeagueOfLegends,7491,Positive,delete,1,"fuck I just realized... if a League of Legends Champion gets into smash, there's a high chance Yasuo. FUCK"
29,LeagueOfLegends,7491,Positive,delete,2,"oh fuck I just realized... a League Legends Champion gets into smash, there's a relatively high chance it's. FUCK"
30,TomClancysGhostRecon,10830,Neutral,original,0,Something went wrong.
30,TomClancysGhostRecon,10830,Neutral,swap,1,Something wrong went.
30,TomClancysGhostRecon,10830,Neutral,swap,2,went Something wrong.
30,TomClancysGhostRecon,10830,Neutral,insert,1,Something went get wrong.
30,TomClancysGhostRecon,10830,Neutral,insert,2,untimely Something went wrong.
30,TomClancysGhostRecon,10830,Neutral,delete,1,Something went.
30,TomClancysGhostRecon,10830,Neutral,delete,2,went wrong.
31,Microsoft,8269,Irrelevant,original,0,I'm live on Twitch - watch me on twitch.tv / osg _ shotz
31,Microsoft,8269,Irrelevant,swap,1,I'm tv on Twitch - watch me on twitch.live / osg _ shotz
31,Microsoft,8269,Irrelevant,swap,2,osg live on Twitch - watch me on twitch.tv / I'm _ shotz
31,Microsoft,8269,Irrelevant,insert,1,I'm live TV on Twitch - watch me on twitch.tv / osg _ shotz
31,Microsoft,8269,Irrelevant,insert,2,sentry I'm live on Twitch - watch me on twitch.tv / osg _ shotz
31,Microsoft,8269,Irrelevant,delete,1,I'm live on Twitch - watch me on.tv / osg _ shotz
31,Microsoft,8269,Irrelevant,delete,2,I'm on Twitch - watch me on twitch.tv / osg _ shotz
32,CallOfDutyBlackopsColdWar,1636,Irrelevant,original,0,The Best Decent Bot •. sniper prize for La @NioxSnipingYT •...
32,CallOfDutyBlackopsColdWar,1636,Irrelevant,swap,1,Best The Decent Bot •. sniper prize for La @NioxSnipingYT •...
32,CallOfDutyBlackopsColdWar,1636,Irrelevant,swap,2,The Decent Best Bot •. sniper prize for La @NioxSnipingYT •...
32,CallOfDutyBlackopsColdWar,1636,Irrelevant,insert,1,The Best Decent Bot •. sniper prize for La @LA NioxSnipingYT •...
32,CallOfDutyBlackopsColdWar,1636,Irrelevant,insert,2,The Best Decent Bot •. sniper prize salutary for La @NioxSnipingYT •...
32,CallOfDutyBlackopsColdWar,1636,Irrelevant,delete,1,The Best Decent Bot •. prize for La @NioxSnipingYT •...
32,CallOfDutyBlackopsColdWar,1636,Irrelevant,delete,2,The Best Decent Bot •. sniper prize La @NioxSnipingYT •...
33,HomeDepot,5805,Neutral#Positive,original,0,I miss the hot dog stands at Home Depot
33,HomeDepot,5805,Neutral#Positive,swap,1,I miss the hot dog Home at stands Depot
33,HomeDepot,5805,Neutral#Positive,swap,2,at miss the hot dog stands I Home Depot
33,HomeDepot,5805,Neutral#Positive,insert,1,I miss the hot dog stands ace at Home Depot
33,HomeDepot,5805,Neutral#Positive,insert,2,I miss the hot dog stands at Home At Depot
33,HomeDepot,5805,Neutral#Positive,delete,1,I miss hot dog stands at Home Depot
33,HomeDepot,5805,Neutral#Positive,delete,2,I miss the hot dog at Home Depot
34,Amazon,230,Positive,original,0,"Beautiful song. Powerful lyrics that more people should hear..  ""Furious Love"" by VERIDIA on Amazon Music. music.amazon.com/albums/B00IPBY…"
34,Amazon,230,Positive,swap,1,"Beautiful song. Powerful that lyrics more people should hear..  ""Furious Love"" by VERIDIA on Amazon amazon. music.Music.com/albums/B00IPBY…"
34,Amazon,230,Positive,swap,2,"lyrics song. Powerful Beautiful com more people should hear..  ""Furious Love"" by VERIDIA on Amazon Music. music.amazon.that/albums/B00IPBY…"
34,Amazon,230,Positive,insert,1,"Beautiful song. Powerful lyrics that more people see should hear..  ""Furious Love"" by VERIDIA on Amazon hefty Music. music.amazon.com/albums/B00IPBY…"
34,Amazon,230,Positive,insert,2,"Beautiful song. Powerful lyrics that more people should music hear..  ""Furious euphony Love"" by VERIDIA on Amazon Music. music.amazon.com/albums/B00IPBY…"
34,Amazon,230,Positive,delete,1,"Beautiful song. Powerful lyrics that more people should..  ""Furious"" by on Amazon Music. music.amazon.com/albums/B00IPBY…"
34,Amazon,230,Positive,delete,2,"song. Powerful lyrics that more people should hear..  ""Furious Love"" by on Music. music.amazon.com/albums/B00IPBY…"
35,Fortnite,6630,Positive,original,0,Great way to bring exposure to young up and new coming artists
35,Fortnite,6630,Positive,swap,1,Great exposure to bring way to young up and new coming artists
35,Fortnite,6630,Positive,swap,2,Great new to bring exposure to young up and way coming artists
35,Fortnite,6630,Positive,insert,1,Great way to bring exposure to young up and new coming bestow artists
35,Fortnite,6630,Positive,insert,2,Great way to bring exposure to young up and new neat coming artists
35,Fortnite,6630,Positive,delete,1,Great to bring exposure to young up and new coming artists
35,Fortnite,6630,Positive,delete,2,Great way to exposure to young up and new coming artists
36,MaddenNFL,7715,Irrelevant#Positive,original,0,with I mean this is just insane . . . RhandlerR RhandlerR RhandlerR pic.twitter.com/30llzT6egr
36,MaddenNFL,7715,Irrelevant#Positive,swap,1,with I just this is mean insane . . . RhandlerR RhandlerR RhandlerR pic.twitter.com/30llzT6egr
36,MaddenNFL,7715,Irrelevant#Positive,swap,2,with I mean com is just insane . . . RhandlerR RhandlerR RhandlerR pic.twitter.this/30llzT6egr
36,MaddenNFL,7715,Irrelevant#Positive,insert,1,with I ace mean this is just insane . . . RhandlerR RhandlerR RhandlerR pic.twitter.com/30llzT6egr
36,MaddenNFL,7715,Irrelevant#Positive,insert,2,with I mean this is just insane . . . RhandlerR RhandlerR RhandlerR pic.beggarly twitter.com/30llzT6egr
36,MaddenNFL,7715,Irrelevant#Positive,delete,1,with I mean this is just insane . . . RhandlerR RhandlerR pic..com/30llzT6egr
36,MaddenNFL,7715,Irrelevant#Positive,delete,2,with mean this is just . . . RhandlerR RhandlerR RhandlerR pic.twitter.com/30llzT6egr
37,CS-GO,4107,Positive,original,0,Congratulations to @Team__Spirit!... You are the.. Good coaching job. Yes Thank you again for playing!...
37,CS-GO,4107,Positive,swap,1,Congratulations to @Team__Spirit!... You playing the.. Good coaching job. Yes Thank you again for are!...
37,CS-GO,4107,Positive,swap,2,Congratulations to @for!... You are the.. Good coaching job. Yes Thank you again Team__Spirit playing!...
37,CS-GO,4107,Positive,insert,1,Congratulations extolment to @Team__Spirit!... You are the.. Good coaching job. Yes Thank you again for playing!...
37,CS-GO,4107,Positive,insert,2,Congratulations to @Team__Spirit!... You are the.. Good coaching job. thank Yes Thank you again for playing!...
37,CS-GO,4107,Positive,delete,1,Congratulations to @Team__Spirit!... You are the.. coaching job. Yes Thank you for playing!...
37,CS-GO,4107,Positive,delete,2,Congratulations to @Team__Spirit!... You the.. Good coaching. Yes Thank you again for playing!...
38,PlayerUnknownsBattlegrounds(PUBG),10122,Neutral,original,0,Why government banned pubg
38,PlayerUnknownsBattlegrounds(PUBG),10122,Neutral,swap,1,Why banned government pubg
38,PlayerUnknownsBattlegrounds(PUBG),10122,Neutral,swap,2,Why pubg banned government
38,PlayerUnknownsBattlegrounds(PUBG),10122,Neutral,insert,1,Why government banish banned pubg
38,PlayerUnknownsBattlegrounds(PUBG),10122,Neutral,insert,2,Why government why banned pubg
38,PlayerUnknownsBattlegrounds(PUBG),10122,Neutral,delete,1,Why banned pubg
38,PlayerUnknownsBattlegrounds(PUBG),10122,Neutral,delete,2,government banned pubg
39,Verizon,11692,Neutral,original,0,Hey @ verizonfios @ verizonSupport Why does my internet speed drop to 591 Mbit / s when I pay for 1Gig SIM card services?.. Testing is done via a wired connection with CAT8 SFTP 40GB cables.. speedtest.net / result / c / 1999d...
39,Verizon,11692,Neutral,swap,1,Hey @ c @ verizonSupport Why does my Mbit speed drop to 591 internet / s when I pay for 1Gig SIM wired services?.. Testing is done via a card connection with CAT8 SFTP 40GB cables.. speedtest.net / result / verizonfios / 1999d...
39,Verizon,11692,Neutral,swap,2,Hey @ verizonfios @ verizonSupport Why does my c speed drop to 591 Mbit / s when I pay for 1Gig 40GB card services?.. wired is done via a Testing connection with CAT8 SFTP SIM cables.. speedtest.net / result / internet / 1999d...
39,Verizon,11692,Neutral,insert,1,Hey @ verizonfios @ verizonSupport Why does my internet speed drop make to 591 Mbit / s when I pay for 1Gig SIM card services?.. Testing is done examine via a wired connection with CAT8 why SFTP 40GB cables.. speedtest.net / result / c / 1999d...
39,Verizon,11692,Neutral,insert,2,Hey @ verizonfios @ verizonSupport Why does my scorecard internet speed angstrom drop to 591 Mbit / s when I pay A for 1Gig SIM card services?.. Testing is done via a wired connection with CAT8 SFTP 40GB cables.. speedtest.net / result / c / 1999d...
39,Verizon,11692,Neutral,delete,1,Hey @ @ Why does my internet speed drop to 591 Mbit / when I pay for 1Gig SIM card services?.. Testing is done a wired connection CAT8 SFTP 40GB cables.. speedtest.net / result / c / 1999d...
39,Verizon,11692,Neutral,delete,2,Hey @ verizonfios @ verizonSupport Why does my internet speed drop to 591 / I pay for SIM card?.. Testing is done via a wired connection with CAT8 SFTP 40GB cables.. speedtest.net / result / c / 1999d...
40,CS-GO,4054,Negative,original,0,"bloody hell sounds so dumb, I’ve won 10 matches in a row with over 50 MVPS’s and reached 1,500 kills each game carrying my team. Like do I needed to build a new online CSGO account????"
40,CS-GO,4054,Negative,swap,1,"bloody hell sounds so dumb, I’ve won row matches 50 a 10 with over in MVPS’s and reached 1,kills 500 each game carrying my team. Like do I needed to build a new online CSGO account????"
40,CS-GO,4054,Negative,swap,2,"kills hell sounds so dumb, I’ve won 10 500 in a row new over 50 MVPS’s and reached 1,matches bloody each game carrying my team. Like do I needed to build a with online CSGO account????"
40,CS-GO,4054,Negative,insert,1,"bloody transport hell i sounds so dumb, I’ve won 10 matches in ship a row with over 50 MVPS’s and reached 1,500 kills each game carrying my team. Like do I needed to build a new online CSGO account????"
40,CS-GO,4054,Negative,insert,2,"l compeer bloody hell sounds so dumb, I’ve won 10 D matches in a row with over 50 MVPS’s and reached 1,500 kills each game carrying my team. Like do I needed to build a new online CSGO account????"
40,CS-GO,4054,Negative,delete,1,"bloody hell so dumb, I’ve won 10 matches in a row with over MVPS’s and reached 1, kills game carrying my team. Like do I to build a new online CSGO account????"
40,CS-GO,4054,Negative,delete,2,"bloody hell sounds so dumb,’ve won 10 matches in a row with over 50 MVPS’s and reached 1,500 kills game my team. Like do I to build a new online CSGO????"
41,TomClancysGhostRecon,10930,Irrelevant,original,0,We really are Ghosts... Real and we don't exist.
41,TomClancysGhostRecon,10930,Irrelevant,swap,1,We really Ghosts are... Real and we don't exist.
41,TomClancysGhostRecon,10930,Irrelevant,swap,2,don't really are Ghosts... Real and we We exist.
41,TomClancysGhostRecon,10930,Irrelevant,insert,1,We really are Ghosts... Real and we don't really exist.
41,TomClancysGhostRecon,10930,Irrelevant,insert,2,We very really are Ghosts... Real and we don't exist.
41,TomClancysGhostRecon,10930,Irrelevant,delete,1,We really are Ghosts... Real and we exist.
41,TomClancysGhostRecon,10930,Irrelevant,delete,2,We really are... Real and we don't exist.
42,Microsoft,8035,Negative,original,0,"Who is ready for microsoft to forcibly resurrect a nasty series with no plan or direction but to make money, and then force archaic spin to release it in 2 years?!!!???"
42,Microsoft,8035,Negative,swap,1,"Who is ready for microsoft to forcibly resurrect a to series with no plan or force but nasty make money, and then direction archaic spin to release it in 2 years?!!!???"
42,Microsoft,8035,Negative,swap,2,"Who is ready for to to forcibly resurrect a nasty series microsoft no plan or direction but spin make money, and then force archaic with to release it in 2 years?!!!???"
42,Microsoft,8035,Negative,insert,1,"Who is ready for microsoft to forcibly resurrect a nasty WHO series with no plan or direction but to make money, and then force archaic spin to serial release it in 2 years?!!!???"
42,Microsoft,8035,Negative,insert,2,"Who is ready for microsoft to forcibly resurrect a nasty series amp with no plan or direction but to make money, and antediluvian then force archaic spin to release it in 2 years?!!!???"
42,Microsoft,8035,Negative,delete,1,"is ready for microsoft to forcibly resurrect a nasty series no plan or but to make money, then force archaic spin to release it in 2 years?!!!???"
42,Microsoft,8035,Negative,delete,2,"Who is ready for microsoft forcibly resurrect a nasty series no plan or direction but to make money, and then force archaic to release it in years?!!!???"
43,CS-GO,4341,Positive,original,0,csgo pls stop ranking me up games are getting harder huhu
43,CS-GO,4341,Positive,swap,1,csgo me stop ranking pls up games are getting harder huhu
43,CS-GO,4341,Positive,swap,2,csgo pls me ranking stop up games are getting harder huhu
43,CS-GO,4341,Positive,insert,1,ME csgo pls stop ranking me up games are getting harder huhu
43,CS-GO,4341,Positive,insert,2,csgo pls stop ranking me up games are getting harder superior huhu
43,CS-GO,4341,Positive,delete,1,csgo pls stop ranking me up are getting harder huhu
43,CS-GO,4341,Positive,delete,2,csgo pls stop ranking me up games are harder huhu
44,Amazon,371,Negative,original,0,"Google and Amazon were the biggest imitators of the brands used in phishing attacks in the June quarter, the report said."
44,Amazon,371,Negative,swap,1,"Google and Amazon were the the imitators of biggest said used in phishing attacks in the June quarter, the report brands."
44,Amazon,371,Negative,swap,2,"the and Amazon were the biggest imitators of Google brands used June phishing attacks in the in quarter, the report said."
44,Amazon,371,Negative,insert,1,"Google and Amazon were the biggest imitators of the brands used in phishing attacks in the inwards June quarter, the ape report said."
44,Amazon,371,Negative,insert,2,"Google and Amazon were the story biggest imitators of the brands used in phishing attacks in the June google quarter, the report said."
44,Amazon,371,Negative,delete,1,"Google and Amazon were biggest imitators of the brands in phishing attacks in the quarter, the report said."
44,Amazon,371,Negative,delete,2,"Google and Amazon were the imitators of the brands in phishing attacks the June quarter, the report said."
45,PlayerUnknownsBattlegrounds(PUBG),10245,Positive,original,0,The current state of the PUBG community regarding Loot Re-balance on Karakin... Personally I'm pretty happy with the changes and look forward to playing the card tonight! pic.twitter.com / eFc2HR1n8Y
45,PlayerUnknownsBattlegrounds(PUBG),10245,Positive,swap,1,The current state happy the PUBG community regarding Loot Re-balance on Karakin... Personally I'm pretty of with the changes and look forward card playing the to tonight! pic.twitter.com / eFc2HR1n8Y
45,PlayerUnknownsBattlegrounds(PUBG),10245,Positive,swap,2,The current state regarding the PUBG community I'm Loot Re-balance on Karakin... Personally of pretty happy with the changes and look forward to playing the pic tonight! card.twitter.com / eFc2HR1n8Y
45,PlayerUnknownsBattlegrounds(PUBG),10245,Positive,insert,1,The current state of the PUBG community on regarding Loot Re-balance on Karakin... Personally I'm pretty happy with the changes and look forward to playing the card tonight! pic.twitter.along com / eFc2HR1n8Y
45,PlayerUnknownsBattlegrounds(PUBG),10245,Positive,insert,2,The current state of the PUBG community regarding forrad Loot affect Re-balance on Karakin... Personally I'm pretty happy with the changes and look forward to playing the card tonight! pic.twitter.com / eFc2HR1n8Y
45,PlayerUnknownsBattlegrounds(PUBG),10245,Positive,delete,1,The current state of the PUBG community regarding Loot Re-balance on... Personally I'm with the changes and look forward to playing the card! pic.twitter.com / eFc2HR1n8Y
45,PlayerUnknownsBattlegrounds(PUBG),10245,Positive,delete,2,The current state the PUBG regarding Loot Re-balance on Karakin... Personally I'm pretty happy the changes and look forward to playing the card tonight! pic..com / eFc2HR1n8Y
46,CallOfDutyBlackopsColdWar,1995,Negative,original,0,and Exclusive to PlayStation? Oh fuck off. pic.twitter.com/1NwFtyVXeX
46,CallOfDutyBlackopsColdWar,1995,Negative,swap,1,and Exclusive 1NwFtyVXeX PlayStation? Oh fuck off. pic.twitter.com/to
46,CallOfDutyBlackopsColdWar,1995,Negative,swap,2,pic Exclusive to PlayStation? Oh fuck off. and.twitter.com/1NwFtyVXeX
46,CallOfDutyBlackopsColdWar,1995,Negative,insert,1,and Exclusive away to PlayStation? Oh fuck off. pic.twitter.com/1NwFtyVXeX
46,CallOfDutyBlackopsColdWar,1995,Negative,insert,2,and Exclusive to PlayStation? Oh fuck off. pic.scoop twitter.com/1NwFtyVXeX
46,CallOfDutyBlackopsColdWar,1995,Negative,delete,1,Exclusive to PlayStation? Oh fuck off. pic.twitter.com/1NwFtyVXeX
46,CallOfDutyBlackopsColdWar,1995,Negative,delete,2,and Exclusive to PlayStation? Oh fuck off. pic.twitter.com/
47,PlayStation5(PS5),9749,Negative,original,0,@ArgosHelpers I do love how you took money from providing my PayPal for PS5 but because the order didn ’ t completely go through your high end management because they ran an out worth of stock the moment I paid?.
47,PlayStation5(PS5),9749,Negative,swap,1,@ArgosHelpers I do love how you took money from for my PayPal providing PS5 but because the order didn ’ t completely go ran your high end management because they through paid out worth of stock the moment I an?.
47,PlayStation5(PS5),9749,Negative,swap,2,@providing I do love end you took money from ArgosHelpers my PayPal for PS5 but because the moment didn ’ t completely go through your high how management because they ran an out worth of stock the order I paid?.
47,PlayStation5(PS5),9749,Negative,insert,1,@ArgosHelpers I do threadbare love how second you took money from providing my PayPal for PS5 but because the instant order didn ’ t completely go through your high end management because they ran an out worth of stock the moment I paid?.
47,PlayStation5(PS5),9749,Negative,insert,2,@ArgosHelpers answer I do love how thyroxin you took extend money from providing my PayPal for PS5 but because the order didn ’ t completely go through your high end management because they ran an out worth of stock the moment I paid?.
47,PlayStation5(PS5),9749,Negative,delete,1,@ArgosHelpers I do love how you took money providing my PayPal for PS5 but because the order didn ’ t completely go through your management because they ran worth of stock the moment I paid?.
47,PlayStation5(PS5),9749,Negative,delete,2,@ArgosHelpers I do love how you took my PayPal for PS5 but because the order didn ’ t completely go through your high end management because they ran out worth of stock moment I paid?.
48,CS-GO,4214,Irrelevant#Positive,original,0,Best pistol player in 2016:GO?..
48,CS-GO,4214,Irrelevant#Positive,swap,1,Best pistol player GO 2016:in?..
48,CS-GO,4214,Irrelevant#Positive,swap,2,GO pistol player in 2016:Best?..
48,CS-GO,4214,Irrelevant#Positive,insert,1,Best pistol offer player in 2016:GO?..
48,CS-GO,4214,Irrelevant#Positive,insert,2,dependable Best pistol player in 2016:GO?..
48,CS-GO,4214,Irrelevant#Positive,delete,1,Best pistol player 2016:GO?..
48,CS-GO,4214,Irrelevant#Positive,delete,2,pistol player in 2016:GO?..
49,Nvidia,9077,Positive,original,0,"Oh, yeah, although I always used to work mostly with these older guys. Second company from inside my portfolio to be acquired in the past for three months. Congrats, @SwiftStack team, on winning the acquisition!"
49,Nvidia,9077,Positive,swap,1,"Oh, yeah, although I always used to work mostly with these in guys. winning company older inside my portfolio to be acquired from the past for three months. Congrats, @SwiftStack team, on Second the acquisition!"
49,Nvidia,9077,Positive,swap,2,"in, yeah, although I always used to work mostly with these portfolio guys. Second company from inside my older to be acquired Oh the past for three months. on, @SwiftStack team, Congrats winning the acquisition!"
49,Nvidia,9077,Positive,insert,1,"Oh, yeah, although I always used to work mostly with these win older guys. Second company from inside my portfolio to be acquired in hombre the past for three months. Congrats, @indoors SwiftStack team, on winning the acquisition!"
49,Nvidia,9077,Positive,insert,2,"Oh, yeah, constitute although I cultivate always used to work mostly with these older guys. Second company from inside my portfolio to be acquired in the past for three months. Congrats, @SwiftStack team, OH on winning the acquisition!"
49,Nvidia,9077,Positive,delete,1,"Oh, yeah, although I always used to work mostly with these. company from inside my portfolio to be acquired in the past for. Congrats, @SwiftStack team, on winning the acquisition!"
49,Nvidia,9077,Positive,delete,2,"Oh,, although I always used to work mostly with these older guys. Second company from inside my portfolio to be acquired in for months. Congrats, @SwiftStack team, winning the acquisition!"
50,CallOfDutyBlackopsColdWar,1945,Positive,original,0,"all hyped for cold war, campaign is something i cant wait let start! Who else is hyped!?"
50,CallOfDutyBlackopsColdWar,1945,Positive,swap,1,"all hyped cant cold war, campaign is something i for wait let start! Who else is hyped!?"
50,CallOfDutyBlackopsColdWar,1945,Positive,swap,2,"start hyped for cold war, campaign is something i cant wait let all! Who else is hyped!?"
50,CallOfDutyBlackopsColdWar,1945,Positive,insert,1,"all hyped for cold war, campaign is something get i cant wait let start! Who else is hyped!?"
50,CallOfDutyBlackopsColdWar,1945,Positive,insert,2,"all hyped for cold war, campaign is something i live cant wait let start! Who else is hyped!?"
50,CallOfDutyBlackopsColdWar,1945,Positive,delete,1,"all for cold war, campaign is something cant wait let start! Who else is hyped!?"
50,CallOfDutyBlackopsColdWar,1945,Positive,delete,2,"all hyped for cold war, campaign is something cant wait let start! Who else hyped!?"
51,Microsoft,8173,Neutral,original,0,"Not exactly. Free means the price is your data. During the early days of Avast and AVG, I used to say it was better than nothing. Now, I think nothing - and Microsoft Defender - is better than this bad firewall."
51,Microsoft,8173,Neutral,swap,1,"Not exactly. Free means the better price your data. early the During days of Avast and AVG, I used to say it was is than nothing. Now, I think nothing - and Microsoft Defender - is better than this bad firewall."
51,Microsoft,8173,Neutral,swap,2,"firewall exactly. Free means the price is your data. better than early days of Avast and AVG, I used to say it was During the nothing. Now, I think nothing - and Microsoft Defender - is better than this bad Not."
51,Microsoft,8173,Neutral,insert,1,"Not exactly. Free means the price is your data. During the early days of Avast daylight and AVG, I guess used to say it was better than nothing. Now, I think nothing - and Microsoft Defender - is better than this bad one firewall."
51,Microsoft,8173,Neutral,insert,2,"Not exactly. Free means the price is your data. During the early days of Avast uncollectible and AVG, I other used to say it was better than nothing. Now, I think nothing - and Microsoft Defender - comprise is better than this bad firewall."
51,Microsoft,8173,Neutral,delete,1,"Not exactly. Free means the is your data. During the early days of Avast and, I used to say it better than nothing. Now, I think - and Microsoft Defender - is better than this bad."
51,Microsoft,8173,Neutral,delete,2,"Not. Free means the price is your data. During the early days of Avast and, I used say it was better than nothing. Now, I think nothing - and Microsoft Defender - is than bad firewall."
52,TomClancysGhostRecon,11003,Negative,original,0,Just tried @GhostRecon_UK for the first time in months and it's still a bug riddled mess. Seriously guy just abandon it and move on. It's dead now.
52,TomClancysGhostRecon,11003,Negative,swap,1,Just it's @GhostRecon_UK for the first time in months and tried still a bug riddled mess. Seriously guy just abandon it and on move. It's dead now.
52,TomClancysGhostRecon,11003,Negative,swap,2,Just tried @GhostRecon_UK for the first time in mess and it's still a on riddled months. Seriously guy just abandon it and move bug. It's dead now.
52,TomClancysGhostRecon,11003,Negative,insert,1,Just tried @GhostRecon_UK today for the first time in months and it's still a bug riddled mess. Seriously guy just abandon it and move on. It's dead essay now.
52,TomClancysGhostRecon,11003,Negative,insert,2,today Just tried @GhostRecon_UK for the first time in months and it's still a vacate bug riddled mess. Seriously guy just abandon it and move on. It's dead now.
52,TomClancysGhostRecon,11003,Negative,delete,1,Just @GhostRecon_UK for first time in months it's still a bug riddled mess. Seriously guy just abandon it move on. It's dead now.
52,TomClancysGhostRecon,11003,Negative,delete,2,tried @GhostRecon_UK for the time in months and it's a riddled mess. Seriously guy just abandon it and move on. It's dead now.
53,NBA2K,8407,Irrelevant,original,0,@ YoyaltyGaming I can't see them.
53,NBA2K,8407,Irrelevant,swap,1,@ YoyaltyGaming I see can't them.
53,NBA2K,8407,Irrelevant,swap,2,@ YoyaltyGaming see can't I them.
53,NBA2K,8407,Irrelevant,insert,1,@ YoyaltyGaming assure I can't see them.
53,NBA2K,8407,Irrelevant,insert,2,@ YoyaltyGaming i I can't see them.
53,NBA2K,8407,Irrelevant,delete,1,@ I can't see them.
53,NBA2K,8407,Irrelevant,delete,2,@ YoyaltyGaming I see them.
54,Microsoft,8156,Irrelevant,original,0,Uh huh pic.facebook.com / bi5qYQfatb
54,Microsoft,8156,Irrelevant,swap,1,Uh bi5qYQfatb pic.facebook.com / huh
54,Microsoft,8156,Irrelevant,swap,2,Uh huh pic.facebook.bi5qYQfatb / com
54,Microsoft,8156,Irrelevant,insert,1,Uh huh pic.facebook.com / film bi5qYQfatb
54,Microsoft,8156,Irrelevant,delete,1,Uh huh pic..com / bi5qYQfatb
54,Microsoft,8156,Irrelevant,delete,2,Uh huh.facebook.com / bi5qYQfatb
55,Nvidia,9192,Irrelevant#Positive,original,0,"than $500 on the AERO VA OLED - Award winning design, stunning 4K OLED panel, color in front edge of kitchen oven, with i7 core and Nvidia Core 4. This is a no work from home, create anywhere laptop! buff.ly/3kd6oRQ"
55,Nvidia,9192,Irrelevant#Positive,swap,1,"than $500 Award the AERO VA kitchen - on winning design, stunning 4K OLED panel, color in front edge of OLED Core, with i7 core and Nvidia oven 4. This is a no work from home, create anywhere laptop! buff.ly/3kd6oRQ"
55,Nvidia,9192,Irrelevant#Positive,swap,2,"than $kitchen on the AERO VA OLED - Award winning design, stunning 4K OLED panel, This home front edge of 500 oven, with i7 core and Nvidia Core 4. color is a no work from in, create anywhere laptop! buff.ly/3kd6oRQ"
55,Nvidia,9192,Irrelevant#Positive,insert,1,"than $500 on railroad the AERO VA OLED - Award sandbag winning design, stunning 4K OLED panel, color in front edge of anyplace kitchen oven, with i7 core and Nvidia Core 4. This is a no work from home, create anywhere laptop! buff.ly/3kd6oRQ"
55,Nvidia,9192,Irrelevant#Positive,insert,2,"than $500 on the AERO VA OLED - Award winning design, stunning 4K Virginia OLED panel, color in front edge of kitchen oven, with i7 core coloration and Nvidia Core 4. This is a no work from home, create anywhere base laptop! buff.ly/3kd6oRQ"
55,Nvidia,9192,Irrelevant#Positive,delete,1,"$500 on the AERO - Award winning design, stunning 4K OLED panel, color in front edge of kitchen oven, with core and Nvidia 4. is a no work from home, create anywhere laptop! buff.ly/3kd6oRQ"
55,Nvidia,9192,Irrelevant#Positive,delete,2,"than $500 on VA OLED - winning design, stunning 4K OLED panel, color in front edge of kitchen oven, with i7 and Nvidia Core 4. This is no from home, create anywhere laptop! buff.ly/3kd6oRQ"
56,PlayerUnknownsBattlegrounds(PUBG),10188,Positive,original,0,Congratulations guys finally PUBG UNBAN ho gye thnks @ZakaWaqar  thnks all pubg lover .
56,PlayerUnknownsBattlegrounds(PUBG),10188,Positive,swap,1,Congratulations guys finally PUBG UNBAN ZakaWaqar gye thnks @ho  thnks all pubg lover .
56,PlayerUnknownsBattlegrounds(PUBG),10188,Positive,swap,2,Congratulations guys finally PUBG UNBAN thnks gye ho @ZakaWaqar  thnks all pubg lover .
56,PlayerUnknownsBattlegrounds(PUBG),10188,Positive,insert,1,Congratulations guys finally PUBG UNBAN ho fan gye thnks @ZakaWaqar  thnks all pubg lover .
56,PlayerUnknownsBattlegrounds(PUBG),10188,Positive,insert,2,Congratulations guys holmium finally PUBG UNBAN ho gye thnks @ZakaWaqar  thnks all pubg lover .
56,PlayerUnknownsBattlegrounds(PUBG),10188,Positive,delete,1,Congratulations guys finally PUBG UNBAN ho gye @ZakaWaqar  thnks all pubg lover .
56,PlayerUnknownsBattlegrounds(PUBG),10188,Positive,delete,2,Congratulations guys finally PUBG UNBAN ho gye thnks @ZakaWaqar  all pubg lover .
57,Fortnite,6575,Positive,original,0,"A new game racing mode called "" Liferun "" will be added to Fortnite very effective soon! It will first ever be showcased at PAX South in a few extra days.... In this game mode you'll play here as only a Red Green Cross Society Worker with racing to always save the lives of characters in 4 different missions!. via ) @AdamGrenade im excited!"
57,Fortnite,6575,Positive,swap,1,"Green new game racing soon called "" Liferun "" will im added to Fortnite very effective mode! It will first ever be showcased at PAX South in a few extra days.... In this game mode you'll play here as only a Red A Cross Society in different racing to always save the lives of characters Worker 4 with missions!. via ) @AdamGrenade be excited!"
57,Fortnite,6575,Positive,swap,2,"a new game game racing called "" Liferun "" will be added to Fortnite In effective soon! It will first ever be showcased at PAX South in a few extra days.... very this mode mode you'll play here as only A Red Green of Society Worker with racing to always save the lives Cross characters in 4 different missions!. via ) @AdamGrenade im excited!"
57,Fortnite,6575,Positive,insert,1,"A new dwell game racing mode called "" Liferun "" will be added to Fortnite very effective soon! It will first ever be In showcased write at PAX South in a few extra days.... In this game mode you'll play here as only a Red Green Cross Society Worker with racing to always save the lives of characters in 4 personify fashion different missions!. via ) @AdamGrenade im excited!"
57,Fortnite,6575,Positive,insert,2,"A new game racing mode called "" Liferun "" will be added to Fortnite very effective soon! It will first ever be showcased at PAX South in a few extra days.... In At this game mode you'll play here just as but mettlesome only a Red Green Cross Society Worker with racing to always save the lives of characters in 4 different missions!. via ) @AdamGrenade gamey im excited!"
57,Fortnite,6575,Positive,delete,1,"A new game mode "" Liferun "" will be added to Fortnite very effective soon! It will first be showcased at South in a extra days.... In this game mode you'll play here as only a Red Green Cross Society Worker racing to always save the lives of in 4 different!. via ) @ im excited!"
57,Fortnite,6575,Positive,delete,2,"new game called "" Liferun "" added Fortnite very effective soon! It will first ever be showcased at PAX South in a few extra days.... In this game mode you'll play as a Red Cross Society Worker with racing to always save the lives of characters in 4 different missions!. via ) @AdamGrenade im excited!"
58,Microsoft,8361,Negative,original,0,Microsoft falls after Microsoft forgot to issue a certificate: -))))))) theverge.com / 2020 / 2 / 3 / 21120...
58,Microsoft,8361,Negative,swap,1,Microsoft falls after Microsoft forgot to issue a certificate: -))))))) theverge.com / 3 / 2 / 2020 / 21120...
58,Microsoft,8361,Negative,swap,2,Microsoft falls after com forgot to issue a certificate: -))))))) theverge.Microsoft / 2020 / 2 / 3 / 21120...
58,Microsoft,8361,Negative,insert,1,Microsoft emergence falls after Microsoft forgot to issue a certificate: -))))))) theverge.com / 2020 / 2 / 3 / 21120...
58,Microsoft,8361,Negative,insert,2,Microsoft falls after afterward Microsoft forgot to issue a certificate: -))))))) theverge.com / 2020 / 2 / 3 / 21120...
58,Microsoft,8361,Negative,delete,1,Microsoft falls Microsoft to issue a certificate: -))))))) theverge.com / 2020 / 2 / 3 / 21120...
58,Microsoft,8361,Negative,delete,2,Microsoft falls after Microsoft forgot to issue a certificate: -))))))) theverge. / 2020 / 2 / / 21120...
59,Borderlands,2768,Positive,original,0,"New Borderlands Ports on Switch are so good, 100% gave no complaints, definitely worth it, can’t wait to get Bioshock Collection soon."
59,Borderlands,2768,Positive,swap,1,"New Borderlands Ports on to are so good, 100% gave no complaints, Switch worth it, can’t wait definitely get Bioshock Collection soon."
59,Borderlands,2768,Positive,swap,2,"New Borderlands Ports soon Switch are so can, 100% gave no complaints, definitely worth it, good’t wait to get Bioshock Collection on."
59,Borderlands,2768,Positive,insert,1,"New Borderlands Ports on Switch are live Worth so good, 100% gave no complaints, definitely worth it, can’t wait to get Bioshock Collection soon."
59,Borderlands,2768,Positive,insert,2,"New Borderlands Ports on Switch are so good, 100% gave no complaints, definitely worth it, can’t posterior wait to get Bioshock Collection along soon."
59,Borderlands,2768,Positive,delete,1,"New Borderlands on Switch are so good,% gave no complaints, definitely worth it, can’t to get Bioshock Collection soon."
59,Borderlands,2768,Positive,delete,2,"New Ports on Switch are so good, 100% gave no complaints, definitely worth it, can’t to get Bioshock soon."
60,Cyberpunk2077,3619,Negative,original,0,I ’ m really bummed that @CyberpunkGame is only first person. 5 I think your 3rd person is always leading the move forward for successful side story games. The camera angles while playing just really seems so awkward and leave your game constantly struggling to enjoy the surrounding details. 4 This is going to hurt me their success
60,Cyberpunk2077,3619,Negative,swap,1,I ’ going This bummed that @CyberpunkGame is only first leave. 5 I think your 3rd person is always leading the move forward for successful side story games. The camera angles while playing just really seems so awkward and person your game constantly struggling to enjoy details surrounding the. 4 really is m to hurt me their success
60,Cyberpunk2077,3619,Negative,swap,2,I ’ m really bummed that @CyberpunkGame is only first person. 5 I think your 3rd person is always while the move forward for successful side story games. The camera angles leading playing just really seems enjoy awkward and leave your game going struggling to so the surrounding details. success This is constantly to hurt me their 4
60,Cyberpunk2077,3619,Negative,insert,1,I ’ m really bummed that @CyberpunkGame is only first person. 5 I think your 3rd person is always leading the move forward for successful side story games. The camera angles while playing just rattling really seems so awkward and leave your game winner constantly struggling to forth fin enjoy the ace surrounding details. 4 This is going to hurt me their success
60,Cyberpunk2077,3619,Negative,insert,2,I ’ m really bummed that @CyberpunkGame is only first person. 5 M succeeder I think your 3rd person is always leading the move forward for successful side story games. The camera yard angles while playing just really seems so awkward and result leave your commencement game constantly struggling to enjoy the surrounding details. 4 This is going to hurt me their success
60,Cyberpunk2077,3619,Negative,delete,1,I ’ m really bummed that @CyberpunkGame is only first person. 5 think your 3rd person is always leading the move forward side story games. The camera angles while playing just seems so awkward and leave your game constantly struggling enjoy. 4 This is going to hurt me their success
60,Cyberpunk2077,3619,Negative,delete,2,I ’ m really that @CyberpunkGame is only first person. 5 I think your 3rd is always leading the move forward for successful side story. The camera angles while playing just really seems awkward and leave your game struggling to enjoy the surrounding details. 4 This is going to me 
61,CallOfDutyBlackopsColdWar,1748,Irrelevant,original,0,"Scump, Simp, Loony, Slacked"
61,CallOfDutyBlackopsColdWar,1748,Irrelevant,swap,1,"Loony, Simp, Scump, Slacked"
61,CallOfDutyBlackopsColdWar,1748,Irrelevant,swap,2,"Scump, Simp, Slacked, Loony"
61,CallOfDutyBlackopsColdWar,1748,Irrelevant,insert,1,"Scump, Simp, Loony, nutty Slacked"
61,CallOfDutyBlackopsColdWar,1748,Irrelevant,insert,2,"Scump, slow Simp, Loony, Slacked"
61,CallOfDutyBlackopsColdWar,1748,Irrelevant,delete,1,", Simp, Loony, Slacked"
61,CallOfDutyBlackopsColdWar,1748,Irrelevant,delete,2,"Scump,, Loony, Slacked"
62,Nvidia,8911,Positive,original,0,"It's take a while, but great to see the RTX real-time ray tracing technology lent out to even more mainstream games. The addition aboard @nvidia represents a big one."
62,Nvidia,8911,Positive,swap,1,"It's take a aboard, but great to see the RTX real-time ray tracing games lent out to even more mainstream technology. The addition while @nvidia represents a big one."
62,Nvidia,8911,Positive,swap,2,"It's take a while, even great to see the RTX real-time tracing ray technology lent out to but more mainstream games. The addition aboard @nvidia represents a big one."
62,Nvidia,8911,Positive,insert,1,"It's take a while, but great to see bring the RTX real-time ray tracing technology lent out to even more convey mainstream games. The addition aboard @nvidia represents a big one."
62,Nvidia,8911,Positive,insert,2,"bragging It's take a while, but great to see the RTX real-time ray tracing technology lent out to even more mainstream games. The addition aboard @nvidia represents liberal a big one."
62,Nvidia,8911,Positive,delete,1,"It's take a while, but great to see the RTX real-time ray technology lent out to more mainstream. The addition aboard @nvidia represents big one."
62,Nvidia,8911,Positive,delete,2,"It's take a while, but great to see the RTX real-time ray tracing technology lent to even more games. The addition aboard @nvidia represents big."
63,CallOfDuty,2320,Negative,original,0,@CallofDuty has gotten over 156GB. . . Absolutely pathetic.
63,CallOfDuty,2320,Negative,swap,1,@156GB has gotten over CallofDuty. . . Absolutely pathetic.
63,CallOfDuty,2320,Negative,swap,2,@CallofDuty has gotten over pathetic. . . Absolutely 156GB.
63,CallOfDuty,2320,Negative,insert,1,@CallofDuty has gotten over 156GB. . . Absolutely stimulate pathetic.
63,CallOfDuty,2320,Negative,insert,2,@amaze CallofDuty has gotten over 156GB. . . Absolutely pathetic.
63,CallOfDuty,2320,Negative,delete,1,@CallofDuty gotten over 156GB. . . Absolutely pathetic.
63,CallOfDuty,2320,Negative,delete,2,@CallofDuty has gotten over. . . Absolutely pathetic.
64,Hearthstone,5513,Positive,original,0,"The new @ PlayHearthstone expansion looks like it will add some really fun cards, and the old gods were my favorite expansion."
64,Hearthstone,5513,Positive,swap,1,"The new @ PlayHearthstone expansion favorite like it will old some really fun cards, and the add gods were my looks expansion."
64,Hearthstone,5513,Positive,swap,2,"The new @ PlayHearthstone looks expansion like it will add some really gods cards, and the old fun were my favorite expansion."
64,Hearthstone,5513,Positive,insert,1,"The new @ PlayHearthstone expansion looks like it embody will add some really fun cards, and the old gods were former my favorite expansion."
64,Hearthstone,5513,Positive,insert,2,"roughly The young new @ PlayHearthstone expansion looks like it will add some really fun cards, and the old gods were my favorite expansion."
64,Hearthstone,5513,Positive,delete,1,"The @ PlayHearthstone expansion looks like it will some really cards, and the old gods were my favorite expansion."
64,Hearthstone,5513,Positive,delete,2,"The new @ PlayHearthstone expansion looks like it will add some cards, and the old gods were my favorite."
65,MaddenNFL,7981,Negative,original,0,@saquon you peep with ball carrier vision? They hurt 🤦. ‍.
65,MaddenNFL,7981,Negative,swap,1,@peep you saquon with ball carrier vision? They hurt 🤦. ‍.
65,MaddenNFL,7981,Negative,swap,2,@saquon you peep hurt ball carrier vision? They with 🤦. ‍.
65,MaddenNFL,7981,Negative,insert,1,@saquon you cheep peep with ball carrier vision? They hurt 🤦. ‍.
65,MaddenNFL,7981,Negative,insert,2,@saquon you peep with ball carrier vision? clump They hurt 🤦. ‍.
65,MaddenNFL,7981,Negative,delete,1,@saquon you peep with ball carrier vision? hurt 🤦. ‍.
65,MaddenNFL,7981,Negative,delete,2,@saquon you peep with ball vision? They hurt 🤦. ‍.
66,AssassinsCreed,879,Neutral#Positive,original,0,Found this perfect setting for Zeus
66,AssassinsCreed,879,Neutral#Positive,swap,1,Found Zeus perfect setting for this
66,AssassinsCreed,879,Neutral#Positive,swap,2,this Found perfect setting for Zeus
66,AssassinsCreed,879,Neutral#Positive,insert,1,Found this perfect see setting for Zeus
66,AssassinsCreed,879,Neutral#Positive,insert,2,Found this perfect setting incur for Zeus
66,AssassinsCreed,879,Neutral#Positive,delete,1,Found this perfect for Zeus
66,AssassinsCreed,879,Neutral#Positive,delete,2,Found this perfect setting for 
67,TomClancysGhostRecon,10875,Irrelevant#Positive,original,0,. Is beautiful @GhostRecon..
67,TomClancysGhostRecon,10875,Irrelevant#Positive,swap,1,. Is GhostRecon @beautiful..
67,TomClancysGhostRecon,10875,Irrelevant#Positive,swap,2,. beautiful Is @GhostRecon..
67,TomClancysGhostRecon,10875,Irrelevant#Positive,insert,1,. Is beautiful @live GhostRecon..
67,TomClancysGhostRecon,10875,Irrelevant#Positive,insert,2,. Is live beautiful @GhostRecon..
67,TomClancysGhostRecon,10875,Irrelevant#Positive,delete,1,. Is @GhostRecon..
67,TomClancysGhostRecon,10875,Irrelevant#Positive,delete,2,. beautiful @GhostRecon..
68,LeagueOfLegends,7572,Positive,original,0,Happy Happy Monday!!! Tonight we will be streaming me Playing League Of Legends and learning characters through ARAM!! can’t hope will see you all!
68,LeagueOfLegends,7572,Positive,swap,1,Happy Happy Monday!!! Tonight can all be streaming me Playing League Of Legends and learning characters through ARAM!! we’t hope will see you will!
68,LeagueOfLegends,7572,Positive,swap,2,Happy see Monday!!! Tonight we will be streaming me Playing League Of hope and learning characters through ARAM!! can’t Legends will Happy you all!
68,LeagueOfLegends,7572,Positive,insert,1,Happy Happy Monday!!! Tonight we will be streaming me Playing League Of Legends and learning characters through bequeath swarm ARAM!! can’t hope will see you all!
68,LeagueOfLegends,7572,Positive,insert,2,Happy Happy escort Monday!!! Tonight we will be streaming me Playing League tonight Of Legends and learning characters through ARAM!! can’t hope will see you all!
68,LeagueOfLegends,7572,Positive,delete,1,Happy Happy Monday!!! Tonight we will be streaming me League and learning characters through ARAM!! can’t hope will see you all!
68,LeagueOfLegends,7572,Positive,delete,2,Happy!!! Tonight we will be streaming me Playing League Of Legends and learning characters through ARAM!! can’t hope will you all!
69,RedDeadRedemption(RDR),10790,Positive,original,0,"A second and a half not watching it, I finally beat Red Dead Redemption III, a wonderfully rich game that kills you with a fantastic storyline if you constantly fight with deliberate controls and molasses coated pace. Can’t wait to seriously play RDR1 now for the first time.<unk>]"
69,RedDeadRedemption(RDR),10790,Positive,swap,1,"A second and a half III watching it, I finally beat Red Dead Redemption not, a wonderfully rich game that kills coated with a fantastic storyline wait you constantly fight with deliberate controls and molasses you pace. Can’t if first seriously play RDR1 now for the to time.<unk>]"
69,RedDeadRedemption(RDR),10790,Positive,swap,2,"A second and a half not watching it, controls finally beat Red Dead Redemption III, a wonderfully Can game that kills you with a fantastic storyline if you the fight with deliberate I coated molasses and pace. rich’t wait to seriously play RDR1 now for constantly first time.<unk>]"
69,RedDeadRedemption(RDR),10790,Positive,insert,1,"A second and a half not watching it, I finally beat Red Dead Redemption deep III, a wonderfully rich game that kills you with a kickoff fantastic storyline if you constantly fight with deliberate controls and molasses coated pace. Can’t wait to seriously play RDR1 eventually now for the pound first time.<unk>]"
69,RedDeadRedemption(RDR),10790,Positive,insert,2,"A second and a half not watching it, I finally beat Red Dead axerophthol Redemption III, a wonderfully rich game that kills you with a fantastic storyline mo if you constantly fight with deliberate controls and molasses coated pace. bolshy Can’t wait to seriously commencement play RDR1 now for the first time.<unk>]"
69,RedDeadRedemption(RDR),10790,Positive,delete,1,"A second and half not watching it, I finally beat Red Dead Redemption III, a rich game that kills you with fantastic storyline you constantly fight with deliberate controls and coated pace. Can’t wait to seriously RDR1 now the first time.<unk>]"
69,RedDeadRedemption(RDR),10790,Positive,delete,2,"A second and not watching it, finally beat Red Dead Redemption III, wonderfully rich game that kills with a fantastic storyline if you constantly fight with deliberate controls and molasses coated pace.’t wait to seriously play now for the first time.<unk>]"
70,johnson&johnson,6805,Negative,original,0,20 Volunteers Suffer Negative Response to Johnson Gary Johnson’s... thevaccinereaction.org/2020/10/20-vol…
70,johnson&johnson,6805,Negative,swap,1,10 Volunteers Suffer Negative Response to Johnson Gary Johnson’s... thevaccinereaction.org/2020/20/20-vol…
70,johnson&johnson,6805,Negative,swap,2,20 Volunteers Suffer Negative to Response Johnson Gary Johnson’s... thevaccinereaction.org/2020/10/20-vol…
70,johnson&johnson,6805,Negative,insert,1,20 Volunteers Suffer Negative Response to Johnson Gary Johnson’s... thevaccinereaction.Tennessean org/2020/10/20-vol…
70,johnson&johnson,6805,Negative,insert,2,20 Volunteers Suffer Negative Response to Johnson Gary Johnson’s... thevaccinereaction.Volunteer org/2020/10/20-vol…
70,johnson&johnson,6805,Negative,delete,1,20 Volunteers Suffer Negative Response to Gary Johnson’s....org/2020/10/20-vol…
70,johnson&johnson,6805,Negative,delete,2,20 Volunteers Suffer Negative Response to Gary’s... thevaccinereaction.org/2020/10/20-vol…
71,CallOfDuty,2044,Positive,original,0,Come watch my buddy Vinny and I for some bad gameplay and even worse jokes! Rocket League! Call of Duty Warzone!  Streaming till 2AM maybe later! Come hang out :)
71,CallOfDuty,2044,Positive,swap,1,Come watch gameplay buddy Vinny and Streaming for some bad my and even worse jokes! Rocket League! Call of Duty Warzone!  I till 2AM maybe later! Come hang out :)
71,CallOfDuty,2044,Positive,swap,2,I watch my jokes Vinny and Come for some bad gameplay and even worse buddy! Rocket League! Call of Duty Warzone!  Streaming till 2AM maybe later! Come hang out :)
71,CallOfDuty,2044,Positive,insert,1,Come defective watch my buddy Vinny and I for some bad gameplay kayoed and even worse jokes! Rocket League! Call of Duty Warzone!  Streaming till 2AM maybe later! Come hang out :)
71,CallOfDuty,2044,Positive,insert,2,Come watch my buddy Vinny and I for some bad gameplay attend and even worse jokes! Rocket League! Call of Duty Warzone!  Streaming till 2AM conference maybe later! Come hang out :)
71,CallOfDuty,2044,Positive,delete,1,Come watch my buddy Vinny and I for bad gameplay and even! Rocket League! Call of Warzone!  Streaming till 2AM maybe later! Come hang out :)
71,CallOfDuty,2044,Positive,delete,2,Come watch my buddy Vinny for some bad gameplay and even worse jokes! Rocket League! Call of Warzone!  Streaming till 2AM maybe later! Come hang :)
72,Facebook,3222,Negative,original,0,Hi everyone. Just got a working account. I'm really tired driving facebook.
72,Facebook,3222,Negative,swap,1,Hi everyone. Just account a working got. I'm really tired driving facebook.
72,Facebook,3222,Negative,swap,2,account everyone. Just got a working Hi. I'm really tired driving facebook.
72,Facebook,3222,Negative,insert,1,Hi everyone. Just got a working account. I'm really tired pall driving facebook.
72,Facebook,3222,Negative,insert,2,have Hi everyone. Just got a working account. I'm really tired driving facebook.
72,Facebook,3222,Negative,delete,1,Hi everyone. Just got a account. I'm really tired driving facebook.
72,Facebook,3222,Negative,delete,2,Hi everyone. got a working account. I'm really tired driving facebook.
73,RedDeadRedemption(RDR),10603,Positive,original,0,Thanks to all that stopped by the stream tonight. Had a great time hanging with all y'all! It was fun. Thanks to @ReptarOnIce3000 for the follow and hope to see you guys tomorrow for some red dead redemption 2 shenanigans.. .
73,RedDeadRedemption(RDR),10603,Positive,swap,1,Thanks to all that stopped by the stream tonight. Had a great time hanging with ReptarOnIce3000 to! It was fun. Thanks to @all for the follow and hope y'all see you guys tomorrow for shenanigans red dead redemption 2 some.. .
73,RedDeadRedemption(RDR),10603,Positive,swap,2,Thanks to all that stopped by the stream tonight. Had was shenanigans time hanging with all y'all! It a fun. Thanks to @ReptarOnIce3000 for the follow and hope to see you guys some for tomorrow red dead redemption 2 great.. .
73,RedDeadRedemption(RDR),10603,Positive,insert,1,Thanks to all that stopped by the stream tonight. Had a great time hanging with all y'all! sentence sustain It was fun. Thanks to @ReptarOnIce3000 for angstrom swarm the follow and hope to see you guys tomorrow for some red dead redemption 2 shenanigans.. .
73,RedDeadRedemption(RDR),10603,Positive,insert,2,approximately Thanks to all that stopped by the stream tonight. Had a great time hanging with all clip y'all! It was fun. Thanks to @ReptarOnIce3000 for the follow and hope to see you guys tomorrow for some red past dead redemption 2 shenanigans.. .
73,RedDeadRedemption(RDR),10603,Positive,delete,1,Thanks to all that stopped the tonight. Had a great time hanging with all y'all! was fun. Thanks to @ReptarOnIce3000 for the follow and hope to see you guys tomorrow for dead redemption 2.. .
73,RedDeadRedemption(RDR),10603,Positive,delete,2,to that stopped the stream tonight. Had a great time hanging with all y'all! It fun. Thanks to @ReptarOnIce3000 the follow and hope to see you guys tomorrow for red dead redemption 2 shenanigans.. .
74,CallOfDutyBlackopsColdWar,1672,Positive,original,0,of the setting. Frank Lawrence is back. Feels like Black Ops 1 all over again. See the CCR & New Order soundtrack selections. Looks like the campaign<unk> going to mean DOpE!
74,CallOfDutyBlackopsColdWar,1672,Positive,swap,1,of the setting. Frank Lawrence 1 back. Feels like Black New is all over again. See the CCR & Ops Order soundtrack selections. Looks like the campaign<unk> going to mean DOpE!
74,CallOfDutyBlackopsColdWar,1672,Positive,swap,2,of the setting. Frank Lawrence is like. Feels like Black Ops 1 all over again. See the CCR & New Order campaign selections. back Looks the soundtrack<unk> going to mean DOpE!
74,CallOfDutyBlackopsColdWar,1672,Positive,insert,1,of entirely the setting. Frank Lawrence is back. Feels like Black Ops 1 all drive over again. See the CCR & New Order soundtrack selections. Looks like the campaign<unk> going to mean DOpE!
74,CallOfDutyBlackopsColdWar,1672,Positive,insert,2,of the setting. Frank Lawrence is back. Feels like Black frankfurter Ops 1 all over again. See the determine CCR & New Order soundtrack selections. Looks like the campaign<unk> going to mean DOpE!
74,CallOfDutyBlackopsColdWar,1672,Positive,delete,1,of the setting. Frank Lawrence is back. Feels like Black Ops 1 over again. See the & New Order selections. Looks like the campaign<unk> to mean DOpE!
74,CallOfDutyBlackopsColdWar,1672,Positive,delete,2,of the. Frank back. Feels like Ops 1 all over again. See the CCR & New Order soundtrack selections. Looks like the campaign<unk> going to mean DOpE!
75,Microsoft,8122,Negative,original,0,I've rarely been less proud (or grateful) to be part of the extended extended family.
75,Microsoft,8122,Negative,swap,1,I've rarely been less proud (the grateful) to be part of or extended extended family.
75,Microsoft,8122,Negative,swap,2,I've to been less proud (or grateful) rarely be part of the extended extended family.
75,Microsoft,8122,Negative,insert,1,I've lead rarely been less proud (or grateful) to be part of the extended extended family.
75,Microsoft,8122,Negative,insert,2,I've rarely been less broaden proud (or grateful) to be part of the extended extended family.
75,Microsoft,8122,Negative,delete,1,I've less proud (or grateful) to be part of the extended extended family.
75,Microsoft,8122,Negative,delete,2,rarely been less proud (or) to be part of the extended extended family.
76,johnson&johnson,6982,Positive,original,0,Exit 2020 with a bang
76,johnson&johnson,6982,Positive,swap,1,Exit 2020 with bang a
76,johnson&johnson,6982,Positive,swap,2,a 2020 with Exit bang
76,johnson&johnson,6982,Positive,insert,1,Exit 2020 axerophthol with a bang
76,johnson&johnson,6982,Positive,insert,2,Exit 2020 with a boot bang
76,johnson&johnson,6982,Positive,delete,1,2020 with a bang
76,johnson&johnson,6982,Positive,delete,2,Exit 2020 with a 
77,TomClancysRainbowSix,11518,Positive,original,0,It is not the first time that the EU Commission has taken such a step.
77,TomClancysRainbowSix,11518,Positive,swap,1,EU is not the first time that the It Commission has taken such a step.
77,TomClancysRainbowSix,11518,Positive,swap,2,It is not the has time that the EU Commission first taken such a step.
77,TomClancysRainbowSix,11518,Positive,insert,1,It is not inaugural the first time that the EU Commission has taken such a step.
77,TomClancysRainbowSix,11518,Positive,insert,2,It is not the first time that the EU Commission has taken non such a step.
77,TomClancysRainbowSix,11518,Positive,delete,1,It is not the first time that EU Commission has taken such a.
77,TomClancysRainbowSix,11518,Positive,delete,2,It is not the first time that the EU Commission has such a.
78,PlayStation5(PS5),9977,Neutral,original,0,PlayStation 5 release date leaked dr.it / RgggBp
78,PlayStation5(PS5),9977,Neutral,swap,1,5 PlayStation release date leaked dr.it / RgggBp
78,PlayStation5(PS5),9977,Neutral,swap,2,dr 5 release date leaked PlayStation.it / RgggBp
78,PlayStation5(PS5),9977,Neutral,insert,1,PlayStation 5 release date escort leaked dr.it / RgggBp
78,PlayStation5(PS5),9977,Neutral,insert,2,PlayStation leak 5 release date leaked dr.it / RgggBp
78,PlayStation5(PS5),9977,Neutral,delete,1,5 release date leaked dr.it / RgggBp
78,PlayStation5(PS5),9977,Neutral,delete,2,PlayStation 5 release date leaked dr. / RgggBp
79,Fortnite,6712,Neutral,original,0,"""and so it this a symptom of something bigger rolling on? So is it a cause? So now's where everybody WHO's made a mistake, they think it's a cause.""<unk>."
79,Fortnite,6712,Neutral,swap,1,"""and so it's this now's symptom of something bigger rolling on? So is it a cause? So a where everybody WHO's made a mistake, they think it a cause.""<unk>."
79,Fortnite,6712,Neutral,swap,2,"""something so it this a symptom of and bigger rolling on? So is it a cause? So now's where everybody WHO's made a unk, they think it's a cause.""<mistake>."
79,Fortnite,6712,Neutral,insert,1,"""and so it this a symptom of something angstrom bigger rolling on? So is it a cause? enceinte So now's where everybody WHO's made a mistake, they think it's a cause.""<unk>."
79,Fortnite,6712,Neutral,insert,2,"""and so it this a symptom of something bigger rolling on? So personify is it a misidentify cause? So now's where everybody WHO's made a mistake, they think it's a cause.""<unk>."
79,Fortnite,6712,Neutral,delete,1,"""and so it this a symptom of something bigger rolling on? So is it cause? So now's where everybody made a mistake, think it's cause.""<unk>."
79,Fortnite,6712,Neutral,delete,2,"""so it this a of something bigger rolling on? So is it a cause? now's where everybody WHO's made a, they think it's a cause.""<unk>."
80,WorldOfCraft,12535,Negative,original,0,"I had an itch to draw Lunerian and Silgryn again, bc I miss them so much.. I may no longer play WoW, but Silgryn is still so dear to me."
80,WorldOfCraft,12535,Negative,swap,1,"I had an itch to may Lunerian and Silgryn again, bc I miss them so much.. I draw no longer play WoW, Silgryn but is still so dear to me."
80,WorldOfCraft,12535,Negative,swap,2,"I had an so to draw Lunerian and Silgryn again, bc I miss them itch I.. much may no longer play WoW, but Silgryn is still so dear to me."
80,WorldOfCraft,12535,Negative,insert,1,"I had an itch to draw Lunerian and Silgryn again, bc I frolic miss them heartfelt so much.. I may no longer play WoW, but Silgryn is still so dear to me."
80,WorldOfCraft,12535,Negative,insert,2,"I had an itch to draw Lunerian and Silgryn again, bc I miss them so much.. I may no longer play WoW, but Silgryn ME is still so missy dear to me."
80,WorldOfCraft,12535,Negative,delete,1,"I had an itch to draw and Silgryn again, bc I miss them much.. I may no play WoW, but Silgryn is still dear to me."
80,WorldOfCraft,12535,Negative,delete,2,"I had itch to draw Lunerian and Silgryn again, bc miss them so much.. I may no longer play, but Silgryn is still so dear to."
81,Google,4578,Negative,original,0,I have never heard of Jesus following the less fortunate. Those who are attacked by the state. There must be a new rebranding.
81,Google,4578,Negative,swap,1,I have never heard of Jesus must the less fortunate. Those following are attacked by the state. There who be a new rebranding.
81,Google,4578,Negative,swap,2,I state of heard never Jesus following the less fortunate. Those who are attacked by the have. There must be a new rebranding.
81,Google,4578,Negative,insert,1,I have never heard of Jesus following the less fortunate. Those who are attacked by the state. WHO iodin There must be a new rebranding.
81,Google,4578,Negative,insert,2,match I have never heard of Jesus following the less fortunate. Those who are attacked by the state. There must equal be a new rebranding.
81,Google,4578,Negative,delete,1,I have never heard Jesus the less fortunate. Those who are attacked the state. There must be a new rebranding.
81,Google,4578,Negative,delete,2,I have never heard Jesus following less fortunate. Those who are by the state. There must be a new rebranding.
82,Facebook,3477,Positive,original,0,I was lucky enough to have David Attenborough as a university lecturer. It's nice to see people coming together to teach children who don't go to school.
82,Facebook,3477,Positive,swap,1,I was lucky enough to have David children teach a university lecturer. It's nice to see people coming together to as Attenborough who don't go to school.
82,Facebook,3477,Positive,swap,2,I was lucky enough to have go Attenborough as a university lecturer. It's nice to see people coming together to teach children school don't David to who.
82,Facebook,3477,Positive,insert,1,I was lucky enough to have David Attenborough as a university lecturer. It's nice to see people minor coming together to teach children who WA don't go to school.
82,Facebook,3477,Positive,insert,2,favourable I was lucky enough to have David Attenborough as a university lecturer. It's nice to see people coming together to teach children do who don't go to school.
82,Facebook,3477,Positive,delete,1,I was lucky enough to have David Attenborough university lecturer. It's nice to see together to teach children who don't go to school.
82,Facebook,3477,Positive,delete,2,I was lucky to have David Attenborough a lecturer. It's nice to see people together to teach children who don't go to school.
83,Microsoft,8158,Negative,original,0,"The prices to the new Minecraft emotes are ludicrous. Very destructive to industry and gaming in terms of reputation. This is no cash grab, and it will be cheaper. Way painfully expensive! Have you forgotten the reputational damage created by EA's loot buying scandals?! @mojang @jeb_"
83,Microsoft,8158,Negative,swap,1,"The prices to the industry Minecraft emotes are ludicrous. Very the to new and gaming in terms of reputation. This is no cash grab, and it will be cheaper. by painfully expensive! Have you forgotten destructive reputational damage created Way EA's loot buying scandals?! @mojang @jeb_"
83,Microsoft,8158,Negative,swap,2,"The prices to the new Minecraft emotes Have ludicrous. Very destructive to industry and gaming in terms of reputation. This is no cash grab, and be will it cheaper. by painfully expensive! are you forgotten the reputational damage created Way EA's loot buying scandals?! @mojang @jeb_"
83,Microsoft,8158,Negative,insert,1,"The prices to the new Minecraft emotes are ludicrous. Very destructive to industry and gaming in bury IT terms of reputation. This is no cash grab, and it will be Indiana cheaper. Way painfully expensive! Have you forgotten the reputational damage created constitute by EA's loot buying scandals?! @mojang @jeb_"
83,Microsoft,8158,Negative,insert,2,"The prices to the new Minecraft emotes are ludicrous. Very destructive to industry and gaming in emote terms of reputation. This is live no price IT cash grab, and it will be cheaper. Way painfully expensive! Have you forgotten the reputational damage created by EA's loot buying scandals?! @mojang @jeb_"
83,Microsoft,8158,Negative,delete,1,"The prices the new Minecraft emotes are ludicrous. destructive to and gaming in terms of. This is no cash, and it will be cheaper. Way painfully expensive! Have you forgotten the reputational created by EA's loot buying scandals?! @mojang @jeb_"
83,Microsoft,8158,Negative,delete,2,"The prices to the new Minecraft emotes are ludicrous. Very to industry and gaming in terms of reputation. This is no cash grab, and be cheaper. Way painfully! Have you forgotten the reputational damage created by EA's buying?! @mojang @jeb_"
84,MaddenNFL,7995,Negative,original,0,Ready for more crappy same game and more removed content and still locked behind the paywall
84,MaddenNFL,7995,Negative,swap,1,Ready for and crappy same game more more removed content and still locked behind the paywall
84,MaddenNFL,7995,Negative,swap,2,Ready for more crappy same game and more removed content locked still and behind the paywall
84,MaddenNFL,7995,Negative,insert,1,Ready for more crappy same game and more removed content and still locked lock behind the paywall
84,MaddenNFL,7995,Negative,insert,2,Ready for more crappy same make game and more removed content and still locked behind the paywall
84,MaddenNFL,7995,Negative,delete,1,Ready for crappy same game and more removed content and still locked the paywall
84,MaddenNFL,7995,Negative,delete,2,Ready for more crappy same game and removed content and still locked the paywall
85,PlayStation5(PS5),9965,Negative,original,0,Can y'all niggas stop clinin bout women not buyin y'all the PS5. y'all sound just chillat
85,PlayStation5(PS5),9965,Negative,swap,1,Can the niggas stop clinin bout women not buyin y'all y'all PS5. y'all sound just chillat
85,PlayStation5(PS5),9965,Negative,swap,2,PS5 y'all niggas stop clinin bout women not buyin y'all the Can. y'all sound just chillat
85,PlayStation5(PS5),9965,Negative,insert,1,Can y'all niggas equitable stop clinin bout women not buyin y'all the PS5. y'all sound just chillat
85,PlayStation5(PS5),9965,Negative,insert,2,Can y'all niggas stop clinin bout women not buyin y'all the PS5. y'all sound john just chillat
85,PlayStation5(PS5),9965,Negative,delete,1,Can niggas stop clinin bout women not buyin y'all PS5. y'all sound just chillat
85,PlayStation5(PS5),9965,Negative,delete,2,Can niggas stop clinin bout women not buyin y'all the PS5. y'all sound chillat
86,Microsoft,8028,Negative,original,0,"@ TAKEALOT. Don't you think it's unethical to sell a device that is no longer supported by the manufacturer? Windows Phone is dead, but you have it for sale, possibly jeopardizing user information. Microsoft Luxury 640 LTE 8GB Single Sim - Black."
86,Microsoft,8028,Negative,swap,1,"@ Don't. dead you think it's unethical to sell a device that is no longer supported by the possibly? Windows Phone is TAKEALOT, but you have 8GB for sale, manufacturer jeopardizing user information. Microsoft Luxury 640 LTE it Single Sim - Black."
86,Microsoft,8028,Negative,swap,2,"@ TAKEALOT. Don't you Luxury it's unethical to sell a device that no is longer supported by the manufacturer? Windows Phone is dead, but Sim have it for sale, possibly jeopardizing user information. Microsoft think 640 LTE 8GB Single you - Black."
86,Microsoft,8028,Negative,insert,1,"@ TAKEALOT. Don't you think it's unethical to sell a device that is no longer supported hazard by the manufacturer? Windows Phone is dead, but you have it for sale, possibly jeopardizing user information. Microsoft Luxury 640 IT LTE 8GB Single entropy Sim - Black."
86,Microsoft,8028,Negative,insert,2,"@ TAKEALOT. Don't you think it's unethical to sell a device that substantiate is no longer supported by the manufacturer? Windows Phone is dead, but blacken suffer you have it for sale, gimmick possibly jeopardizing user information. Microsoft Luxury 640 LTE 8GB Single Sim - Black."
86,Microsoft,8028,Negative,delete,1,"@ TAKEALOT. Don't you think unethical to sell a device that is no longer supported the manufacturer? Phone is dead, but you have it for sale, possibly jeopardizing user. Microsoft Luxury 640 LTE 8GB - Black."
86,Microsoft,8028,Negative,delete,2,"@ TAKEALOT. you think it's unethical to a device that no longer supported by the manufacturer? Windows Phone is dead, but you have it for, jeopardizing user information. Microsoft Luxury 640 LTE 8GB Single - Black."
87,Xbox(Xseries),13137,Irrelevant,original,0,I absolutely got the new
87,Xbox(Xseries),13137,Irrelevant,swap,1,I got absolutely the new
87,Xbox(Xseries),13137,Irrelevant,swap,2,new absolutely got the I
87,Xbox(Xseries),13137,Irrelevant,insert,1,I raw absolutely got the new
87,Xbox(Xseries),13137,Irrelevant,insert,2,one I absolutely got the new
87,Xbox(Xseries),13137,Irrelevant,delete,1,I absolutely the new
87,Xbox(Xseries),13137,Irrelevant,delete,2,absolutely got the new
88,Fortnite,6573,Negative,original,0,Pokémon go to the polls...same gimmicks in the place of substantive issues and policy. Pathetic and embarrassing.
88,Fortnite,6573,Negative,swap,1,Pathetic go to the polls...same gimmicks in the place of substantive issues and policy. Pokémon and embarrassing.
88,Fortnite,6573,Negative,swap,2,Pokémon go to in polls...same gimmicks the the place of substantive issues and policy. Pathetic and embarrassing.
88,Fortnite,6573,Negative,insert,1,Pokémon go to the polls...same gimmicks in the place of substantive issues and localise policy. Pathetic and embarrassing.
88,Fortnite,6573,Negative,insert,2,Pokémon go to the polls...same gimmicks in the place of substantive issues doojigger and policy. Pathetic and embarrassing.
88,Fortnite,6573,Negative,delete,1,Pokémon go to polls...same gimmicks in the place of substantive issues and policy. Pathetic embarrassing.
88,Fortnite,6573,Negative,delete,2,Pokémon to the polls...same gimmicks in the place of substantive issues and policy. Pathetic embarrassing.
89,Microsoft,8026,Positive,original,0,The new Microsoft Edge 2 is a beauty
89,Microsoft,8026,Positive,swap,1,The 2 Microsoft Edge new is a beauty
89,Microsoft,8026,Positive,swap,2,The new Microsoft is 2 Edge a beauty
89,Microsoft,8026,Positive,insert,1,The new II Microsoft Edge 2 is a beauty
89,Microsoft,8026,Positive,insert,2,The new Microsoft Edge 2 is a Modern beauty
89,Microsoft,8026,Positive,delete,1,The new Microsoft Edge 2 a beauty
89,Microsoft,8026,Positive,delete,2,The new Microsoft Edge is a beauty
90,PlayerUnknownsBattlegrounds(PUBG),10318,Neutral,original,0,I will support you in next election if
90,PlayerUnknownsBattlegrounds(PUBG),10318,Neutral,swap,1,I will you support in next election if
90,PlayerUnknownsBattlegrounds(PUBG),10318,Neutral,swap,2,you will support I in next election if
90,PlayerUnknownsBattlegrounds(PUBG),10318,Neutral,insert,1,I will support you IN in next election if
90,PlayerUnknownsBattlegrounds(PUBG),10318,Neutral,insert,2,I will support you in following next election if
90,PlayerUnknownsBattlegrounds(PUBG),10318,Neutral,delete,1,I support you in next election if
90,PlayerUnknownsBattlegrounds(PUBG),10318,Neutral,delete,2,I will support you in election if
91,Google,4558,Negative,original,0,Why twitter just make to put in my username to confirm my identity. bitch this ain’t google.
91,Google,4558,Negative,swap,1,Why twitter just bitch to put in my username to confirm my identity. make this ain’t google.
91,Google,4558,Negative,swap,2,Why twitter just make bitch put in my username to confirm my identity. to this ain’t google.
91,Google,4558,Negative,insert,1,Why twitter just make grouse to put in my username to confirm my identity. bitch this ain’t google.
91,Google,4558,Negative,insert,2,Why twitter just make to put in my username invest to confirm my identity. bitch this ain’t google.
91,Google,4558,Negative,delete,1,Why twitter just make to put in my to my identity. bitch this ain’t google.
91,Google,4558,Negative,delete,2,Why twitter just to put in my username to my identity. bitch this ain’t google.
92,Cyberpunk2077,3713,Negative,original,0,"Well, it's disappointing... Won't play then."
92,Cyberpunk2077,3713,Negative,swap,1,"Well, it's disappointing... then play Won't."
92,Cyberpunk2077,3713,Negative,swap,2,"Won't, it's disappointing... Well play then."
92,Cyberpunk2077,3713,Negative,insert,1,"Well, bid it's disappointing... Won't play then."
92,Cyberpunk2077,3713,Negative,insert,2,"Well, it's disappointing... Won't play well then."
92,Cyberpunk2077,3713,Negative,delete,1,"Well, it's disappointing... Won't then."
92,Cyberpunk2077,3713,Negative,delete,2,"Well, it's disappointing... play then."
93,Overwatch,9578,Positive,original,0,Lets go!!! Overwatch and good vibes!!! Come hang and play Overwatch with me at twitch.tv/z3r0c0010079 ! Hope to see you there!
93,Overwatch,9578,Positive,swap,1,Lets go!!! Overwatch and good vibes!!! Come hang and there Overwatch you me at twitch.tv/z3r0c0010079 ! Hope to see with play!
93,Overwatch,9578,Positive,swap,2,Lets go!!! twitch and good vibes!!! Come hang and play Overwatch with me see Overwatch.tv/z3r0c0010079 ! Hope to at you there!
93,Overwatch,9578,Positive,insert,1,Lets go!!! Overwatch and good vibes!!! Come hang and vibe play Overwatch lease with me at twitch.tv/z3r0c0010079 ! Hope to see you there!
93,Overwatch,9578,Positive,insert,2,Lets go!!! project Overwatch and good vibes!!! Come hang and video play Overwatch with me at twitch.tv/z3r0c0010079 ! Hope to see you there!
93,Overwatch,9578,Positive,delete,1,Lets go!!! Overwatch and good vibes!!! Come hang and play Overwatch with me at twitch./z3r0c0010079 ! Hope see you!
93,Overwatch,9578,Positive,delete,2,Lets go!!! Overwatch good vibes!!! Come hang and play Overwatch with me twitch.tv/z3r0c0010079 ! Hope to see you!
94,RedDeadRedemption(RDR),10424,Positive,original,0,"I'm a bit late but happy that this franchise has changed my life, but I absolutely have it and I adore it with all my heart and soul"
94,RedDeadRedemption(RDR),10424,Positive,swap,1,"I'm a bit but that happy but this franchise has changed my life, late I absolutely have it and I adore it with all my heart and soul"
94,RedDeadRedemption(RDR),10424,Positive,swap,2,"I'm a bit late all happy that this franchise has changed my life, but I absolutely have it and I adore it heart but my with and soul"
94,RedDeadRedemption(RDR),10424,Positive,insert,1,"I'm a bit late but happy that this franchise has changed my life, but I dead absolutely have it perfectly and I adore it with all my heart and soul"
94,RedDeadRedemption(RDR),10424,Positive,insert,2,"I'm a bit late but spirit happy that this franchise has changed my life, but dead I absolutely have it and I adore it with all my heart and soul"
94,RedDeadRedemption(RDR),10424,Positive,delete,1,"I'm a bit late but happy that this franchise changed life, I have it and I adore it with all my heart and soul"
94,RedDeadRedemption(RDR),10424,Positive,delete,2,"I'm late but happy that franchise has changed my life, but I absolutely it and I adore it with all my heart and soul"
95,AssassinsCreed,1020,Negative,original,0,looks like even @IGN is reporting wrong as the German version of.. again.be/lr3AWo_xBCA
95,AssassinsCreed,1020,Negative,swap,1,looks like even @IGN is reporting version as the German wrong of.. again.be/lr3AWo_xBCA
95,AssassinsCreed,1020,Negative,swap,2,looks like even @IGN the reporting wrong as is German version of.. again.be/lr3AWo_xBCA
95,AssassinsCreed,1020,Negative,insert,1,looks like even @IGN is reporting wrong as the German version of.. again.be/cost lr3AWo_xBCA
95,AssassinsCreed,1020,Negative,insert,2,looks like even @IGN untimely is reporting wrong as the German version of.. again.be/lr3AWo_xBCA
95,AssassinsCreed,1020,Negative,delete,1,looks like even @IGN is reporting the German version of.. again.be/lr3AWo_xBCA
95,AssassinsCreed,1020,Negative,delete,2,looks like even @IGN is reporting wrong German version of.. again.be/lr3AWo_xBCA
96,Battlefield,1281,Positive,original,0,Welcome Guest Battlefield 1 hacker who knows that
96,Battlefield,1281,Positive,swap,1,Welcome Guest who 1 hacker Battlefield knows that
96,Battlefield,1281,Positive,swap,2,who Guest Battlefield 1 hacker Welcome knows that
96,Battlefield,1281,Positive,insert,1,Welcome Guest Battlefield 1 hacker battleground who knows that
96,Battlefield,1281,Positive,insert,2,Welcome Guest Battlefield WHO 1 hacker who knows that
96,Battlefield,1281,Positive,delete,1,Welcome Guest 1 hacker who knows that
96,Battlefield,1281,Positive,delete,2,Welcome Guest Battlefield 1 hacker who that
97,Google,4609,Irrelevant,original,0,"google your name + horror + aesthetics.. I mean,, hot pic.twitter.com / P2ASNp5Jke"
97,Google,4609,Irrelevant,swap,1,"google P2ASNp5Jke name + horror + aesthetics.. I mean,, hot pic.twitter.com / your"
97,Google,4609,Irrelevant,swap,2,"google your name + horror + I.. aesthetics mean,, hot pic.twitter.com / P2ASNp5Jke"
97,Google,4609,Irrelevant,insert,1,"google your name + chitter horror + aesthetics.. I mean,, hot pic.twitter.com / P2ASNp5Jke"
97,Google,4609,Irrelevant,insert,2,"google your name + horror + aesthetics.. I mean,, spicy hot pic.twitter.com / P2ASNp5Jke"
97,Google,4609,Irrelevant,delete,1,"google your name + horror + aesthetics.. I,, hot pic.twitter.com / P2ASNp5Jke"
97,Google,4609,Irrelevant,delete,2,"your name + horror + aesthetics.. I mean,, hot pic.twitter.com / P2ASNp5Jke"
98,TomClancysGhostRecon,11084,Positive,original,0,Loved this sniper section! This mission is so cool. I'm telling you!. Hey guys. Episode 14 is out and you have not watched it yet! So click on this link promptly. . . . youtu.be/ozt2X4AX20M. .
98,TomClancysGhostRecon,11084,Positive,swap,1,Loved this telling section! This sniper is so cool. I'm mission you!. Hey guys. Episode 14 is out and you be not watched it yet! So click on this link promptly. . . . youtu.have/ozt2X4AX20M. .
98,TomClancysGhostRecon,11084,Positive,swap,2,cool this sniper section! This mission is so Loved. I'm telling you!. yet guys. Episode 14 is out and you have not watched it Hey! this click on So link promptly. . . . youtu.be/ozt2X4AX20M. .
98,TomClancysGhostRecon,11084,Positive,insert,1,Loved this sniper section! This mission is so cool. I'm telling you!. Hey guys. Episode 14 is out and you xiv have not watched it poise yet! So click on possess this link promptly. . . . youtu.be/ozt2X4AX20M. .
98,TomClancysGhostRecon,11084,Positive,insert,2,Loved this sniper section! This mission is so cool. I'm telling you!. Hey guys. Episode part 14 is out and bonk you have not watched it yet! So click on this link promptly. . . . dawn youtu.be/ozt2X4AX20M. .
98,TomClancysGhostRecon,11084,Positive,delete,1,Loved this section! This mission is so cool. I'm telling!. Hey guys. 14 is out and you have not watched it! So click this link promptly. . . . youtu.be/ozt2X4AX20M. .
98,TomClancysGhostRecon,11084,Positive,delete,2,Loved this sniper section! mission is so. I'm telling you!. Hey guys. Episode 14 is out and you have not watched it yet! on link promptly. . . . youtu.be/ozt2X4AX20M. .
99,Cyberpunk2077,3953,Negative,original,0,"Super misleading headline. Then course, as always, people jumping any conclusions as a result"
99,Cyberpunk2077,3953,Negative,swap,1,"Super misleading headline. Then course, as always, any jumping people conclusions as a result"
99,Cyberpunk2077,3953,Negative,swap,2,"Super misleading headline. Then course, as always, conclusions jumping any people as a result"
99,Cyberpunk2077,3953,Negative,insert,1,"Super misleading headline. Then course, as whatever always, people jumping any conclusions as a result"
99,Cyberpunk2077,3953,Negative,insert,2,"Super misleading shoddy headline. Then course, as always, people jumping any conclusions as a result"
99,Cyberpunk2077,3953,Negative,delete,1,"Super headline. Then course, as always, people jumping any conclusions as a "
99,Cyberpunk2077,3953,Negative,delete,2,"Super misleading. Then course, as always, people jumping conclusions as a result"
100,PlayStation5(PS5),9688,Negative,original,0,why are guys so obsessed with a girl getting the PS5 for them? get it yourself bb.
100,PlayStation5(PS5),9688,Negative,swap,1,why are guys so obsessed with a girl getting the PS5 them for? get it yourself bb.
100,PlayStation5(PS5),9688,Negative,swap,2,why them guys so obsessed with a girl getting the PS5 for are? get it yourself bb.
100,PlayStation5(PS5),9688,Negative,insert,1,why are guys so obsessed with a BB girl getting the PS5 for them? get it yourself bb.
100,PlayStation5(PS5),9688,Negative,insert,2,why are guys so obsessed with a girl getting the haunt PS5 for them? get it yourself bb.
100,PlayStation5(PS5),9688,Negative,delete,1,why are guys so obsessed with a girl getting PS5 for them? get it bb.
100,PlayStation5(PS5),9688,Negative,delete,2,why are guys so obsessed with a girl the PS5 for them? get yourself bb.
101,TomClancysRainbowSix,11564,Negative,original,0,@Rainbow6Game . Pls fix your servers i was in a rank match and i got disconnected im already a copper 5 cause of shitty rank trollers and my mmr is going to be really low pls fix the servers thx
101,TomClancysRainbowSix,11564,Negative,swap,1,@Rainbow6Game . Pls servers your fix i was in a rank to and i got disconnected im already a copper 5 my of shitty rank trollers and cause mmr is going match be really low pls fix the servers thx
101,TomClancysRainbowSix,11564,Negative,swap,2,@im . Pls fix your servers i was in a rank match and i got disconnected Rainbow6Game already a copper low cause of shitty rank trollers and my mmr is going to be really servers pls fix the 5 thx
101,TomClancysRainbowSix,11564,Negative,insert,1,@Rainbow6Game . pig Pls fix your servers i was in a rank match and i got disconnected im already a copper 5 cause of shitty rank trollers and my rate mmr is going vex to be really low pls fix the servers thx
101,TomClancysRainbowSix,11564,Negative,insert,2,@operate Rainbow6Game . Pls fix your servers i was in a rank match and i got disconnected im already a copper 5 cause of shitty rank trollers Cu and stimulate my mmr is going to be really low pls fix the servers thx
101,TomClancysRainbowSix,11564,Negative,delete,1,@Rainbow6Game . Pls fix your servers i was in a rank match and i got disconnected im already a copper of shitty rank trollers and mmr is going to be pls fix the servers thx
101,TomClancysRainbowSix,11564,Negative,delete,2,@Rainbow6Game . Pls fix your servers in a rank match and i got im a copper 5 cause of shitty rank trollers and my is going to be really low pls fix the servers thx
102,Overwatch,9360,Negative,original,0,was at this fucking unit I’d need to lubricate his tight sockets
102,Overwatch,9360,Negative,swap,1,was at this fucking unit I’d need to sockets his tight lubricate
102,Overwatch,9360,Negative,swap,2,was at this fucking unit to’d need I lubricate his tight sockets
102,Overwatch,9360,Negative,insert,1,was at live this fucking unit I’d need to lubricate his tight sockets
102,Overwatch,9360,Negative,insert,2,was at this fucking unit I’d need unity to lubricate his tight sockets
102,Overwatch,9360,Negative,delete,1,was at this fucking unit I’d need to his tight sockets
102,Overwatch,9360,Negative,delete,2,was this fucking unit I’d need to lubricate his tight sockets
103,PlayerUnknownsBattlegrounds(PUBG),10158,Negative,original,0,pubg with taehyung... i hate that game
103,PlayerUnknownsBattlegrounds(PUBG),10158,Negative,swap,1,pubg with hate... i taehyung that game
103,PlayerUnknownsBattlegrounds(PUBG),10158,Negative,swap,2,that with taehyung... i hate pubg game
103,PlayerUnknownsBattlegrounds(PUBG),10158,Negative,insert,1,pubg with I taehyung... i hate that game
103,PlayerUnknownsBattlegrounds(PUBG),10158,Negative,insert,2,pubg with taehyung... i hate iodine that game
103,PlayerUnknownsBattlegrounds(PUBG),10158,Negative,delete,1,pubg with taehyung... i hate game
103,PlayerUnknownsBattlegrounds(PUBG),10158,Negative,delete,2,with taehyung... i hate that game
104,TomClancysGhostRecon,10823,Positive,original,0,Couple of shots I took yesterday while playing with @TacStreamDE & @Semirijha & @AgtMorganCreed . Super fun as always :). .
104,TomClancysGhostRecon,10823,Positive,swap,1,Couple of shots always took yesterday while playing with @TacStreamDE & @Semirijha & @AgtMorganCreed . Super fun as I :). .
104,TomClancysGhostRecon,10823,Positive,swap,2,always of shots I took yesterday while playing with @TacStreamDE & @Semirijha & @AgtMorganCreed . Super fun as Couple :). .
104,TomClancysGhostRecon,10823,Positive,insert,1,Couple of shots I took yesterday while playing with @TacStreamDE & @Semirijha & @AgtMorganCreed . Super fun forever as always :). .
104,TomClancysGhostRecon,10823,Positive,insert,2,Couple of shots I took yesterday while playing with @TacStreamDE & @tops Semirijha & @AgtMorganCreed . Super fun as always :). .
104,TomClancysGhostRecon,10823,Positive,delete,1,Couple shots I took yesterday while playing with @TacStreamDE & @Semirijha & @AgtMorganCreed . fun as always :). .
104,TomClancysGhostRecon,10823,Positive,delete,2,of shots I took while playing with @TacStreamDE & @Semirijha & @AgtMorganCreed . Super fun as always :). .
105,Amazon,183,Negative,original,0,Walmart Just Gave Its Workers Another Good Reward to Cancel Their Amazon Prime Membership dlvr.it/Rf21jg<unk>]
105,Amazon,183,Negative,swap,1,Walmart Just Gave Its Workers Another Good Reward to Cancel Their Amazon Prime Membership dlvr.it/unk<Rf21jg>]
105,Amazon,183,Negative,swap,2,Walmart Just Gave Its Workers Another unk Reward to Cancel Their Amazon Prime Membership dlvr.it/Rf21jg<Good>]
105,Amazon,183,Negative,insert,1,Walmart Just Gave Its Workers Another Good Reward to Cancel Their Amazon actor Prime Membership dlvr.it/Rf21jg<unk>]
105,Amazon,183,Negative,insert,2,Walmart Just Gave Its Workers Another IT Good Reward to Cancel Their Amazon Prime Membership dlvr.it/Rf21jg<unk>]
105,Amazon,183,Negative,delete,1,Walmart Just Gave Its Workers Another Good Reward to Cancel Amazon Membership dlvr.it/Rf21jg<unk>]
105,Amazon,183,Negative,delete,2,Walmart Just Its Workers Another Good Reward to Cancel Their Amazon Prime Membership dlvr.it/<unk>]
