id,entity,label,raw_text,cleaned_text,tokens,n_tokens_raw,n_tokens_clean
6,Borderlands,Positive,"Thank you so much to members who came out to @borderlands_sf Monday to witness @megelison and I talking about queer families, skillsharing, and fighting fascism through caring for our communities! what you great night.",thank much member come monday witness talk queer family skillsharing fight fascism care community great night,"['thank', 'much', 'member', 'come', 'monday', 'witness', 'talk', 'queer', 'family', 'skillsharing', 'fight', 'fascism', 'care', 'community', 'great', 'night']",38,16
6,Borderlands,Positive,"Thank you so much to communities who came out to @borderlands_sf Monday to members @megelison you I talking about queer families, skillsharing, and fighting fascism through caring for our witness! what and great night.",thank much community come monday member talk queer family skillsharing fight fascism care witness great night,"['thank', 'much', 'community', 'come', 'monday', 'member', 'talk', 'queer', 'family', 'skillsharing', 'fight', 'fascism', 'care', 'witness', 'great', 'night']",38,16
6,Borderlands,Positive,"Thank you so out to members who came much to @and Monday to witness @megelison and I talking about queer families, skillsharing, borderlands_sf fighting fascism through caring for our night! what you great communities.",thank member come much monday witness talk queer family skillsharing borderlands sf fight fascism care night great community,"['thank', 'member', 'come', 'much', 'monday', 'witness', 'talk', 'queer', 'family', 'skillsharing', 'borderlands', 'sf', 'fight', 'fascism', 'care', 'night', 'great', 'community']",38,18
6,Borderlands,Positive,"Thank you so much to members who came out to @borderlands_sf Monday to appendage phallus witness @megelison and I talking about queer virtually families, skillsharing, and fighting fascism through caring for our communities! what you great night.",thank much member come monday appendage phallus witness talk queer virtually family skillsharing fight fascism care community great night,"['thank', 'much', 'member', 'come', 'monday', 'appendage', 'phallus', 'witness', 'talk', 'queer', 'virtually', 'family', 'skillsharing', 'fight', 'fascism', 'care', 'community', 'great', 'night']",41,19
6,Borderlands,Positive,"Thank you so much to members who came out to @borderlands_sf Monday to witness @megelison and ane I talking about queer families, skillsharing, and fighting fascism through caring fare for our communities! what appendage you great night.",thank much member come monday witness ane talk queer family skillsharing fight fascism care fare community appendage great night,"['thank', 'much', 'member', 'come', 'monday', 'witness', 'ane', 'talk', 'queer', 'family', 'skillsharing', 'fight', 'fascism', 'care', 'fare', 'community', 'appendage', 'great', 'night']",41,19
6,Borderlands,Positive,"Thank you so much to members who came out to @borderlands_sf to witness @ and I about queer, skillsharing, and fighting fascism through caring for communities! what you great night.",thank much member come witness queer skillsharing fight fascism care community great night,"['thank', 'much', 'member', 'come', 'witness', 'queer', 'skillsharing', 'fight', 'fascism', 'care', 'community', 'great', 'night']",34,13
6,Borderlands,Positive,"Thank you so much to who came out to @borderlands_sf Monday witness @megelison I talking about queer families, skillsharing, and fighting fascism through caring for our communities! what night.",thank much come monday witness talk queer family skillsharing fight fascism care community night,"['thank', 'much', 'come', 'monday', 'witness', 'talk', 'queer', 'family', 'skillsharing', 'fight', 'fascism', 'care', 'community', 'night']",33,14
7,Borderlands,Irrelevant#Neutral,Borderlands 3 - Jesse Krieg Music Meets Princess Maya ( performing Psycho Krieg solo and featuring the Fantastic Duo Fustercluck DLC ). youtube. com / channel watch? id v = o4JfCk ….,borderlands jesse krieg music meets princess maya perform psycho krieg solo feature fantastic duo fustercluck dlc youtube channel watch id o4jfck,"['borderlands', 'jesse', 'krieg', 'music', 'meets', 'princess', 'maya', 'perform', 'psycho', 'krieg', 'solo', 'feature', 'fantastic', 'duo', 'fustercluck', 'dlc', 'youtube', 'channel', 'watch', 'id', 'o4jfck']",36,21
7,Borderlands,Irrelevant#Neutral,Borderlands 3 - Jesse Krieg and Meets Princess Maya ( performing Psycho Krieg solo Music featuring the Fantastic Duo youtube DLC ). Fustercluck. com / channel watch? id v = o4JfCk ….,borderlands jesse krieg meets princess maya perform psycho krieg solo music feature fantastic duo youtube dlc fustercluck channel watch id o4jfck,"['borderlands', 'jesse', 'krieg', 'meets', 'princess', 'maya', 'perform', 'psycho', 'krieg', 'solo', 'music', 'feature', 'fantastic', 'duo', 'youtube', 'dlc', 'fustercluck', 'channel', 'watch', 'id', 'o4jfck']",36,21
7,Borderlands,Irrelevant#Neutral,watch 3 - Jesse Krieg Music Meets Princess Maya ( performing Psycho Fustercluck solo and featuring the Fantastic Duo Krieg DLC ). youtube. com / channel Borderlands? id v = o4JfCk ….,watch jesse krieg music meets princess maya perform psycho fustercluck solo feature fantastic duo krieg dlc youtube channel borderlands id o4jfck,"['watch', 'jesse', 'krieg', 'music', 'meets', 'princess', 'maya', 'perform', 'psycho', 'fustercluck', 'solo', 'feature', 'fantastic', 'duo', 'krieg', 'dlc', 'youtube', 'channel', 'borderlands', 'id', 'o4jfck']",36,21
7,Borderlands,Irrelevant#Neutral,Borderlands 3 - Jesse Krieg Music Meets Princess Maya ( performing Psycho Krieg solo and featuring the Fantastic Duo three Fustercluck DLC ). youtube. unaccompanied com / channel watch? id v = o4JfCk ….,borderlands jesse krieg music meets princess maya perform psycho krieg solo feature fantastic duo three fustercluck dlc youtube unaccompanied channel watch id o4jfck,"['borderlands', 'jesse', 'krieg', 'music', 'meets', 'princess', 'maya', 'perform', 'psycho', 'krieg', 'solo', 'feature', 'fantastic', 'duo', 'three', 'fustercluck', 'dlc', 'youtube', 'unaccompanied', 'channel', 'watch', 'id', 'o4jfck']",38,23
7,Borderlands,Irrelevant#Neutral,quintet Borderlands 3 - Jesse Krieg Music Meets Princess Maya ( performing Psycho Krieg solo and featuring the Fantastic Duo Fustercluck princess DLC ). youtube. com / channel watch? id v = o4JfCk ….,quintet borderlands jesse krieg music meets princess maya perform psycho krieg solo feature fantastic duo fustercluck princess dlc youtube channel watch id o4jfck,"['quintet', 'borderlands', 'jesse', 'krieg', 'music', 'meets', 'princess', 'maya', 'perform', 'psycho', 'krieg', 'solo', 'feature', 'fantastic', 'duo', 'fustercluck', 'princess', 'dlc', 'youtube', 'channel', 'watch', 'id', 'o4jfck']",38,23
7,Borderlands,Irrelevant#Neutral,3 - Jesse Krieg Music Princess Maya ( performing Psycho Krieg solo and featuring the Fantastic Duo Fustercluck DLC ). youtube. com / watch? id v = o4JfCk ….,jesse krieg music princess maya perform psycho krieg solo feature fantastic duo fustercluck dlc youtube watch id o4jfck,"['jesse', 'krieg', 'music', 'princess', 'maya', 'perform', 'psycho', 'krieg', 'solo', 'feature', 'fantastic', 'duo', 'fustercluck', 'dlc', 'youtube', 'watch', 'id', 'o4jfck']",33,18
7,Borderlands,Irrelevant#Neutral,Borderlands 3 - Jesse Music Princess Maya ( Psycho Krieg solo and featuring the Fantastic Duo Fustercluck DLC ). youtube. com / channel watch? id v = o4JfCk ….,borderlands jesse music princess maya psycho krieg solo feature fantastic duo fustercluck dlc youtube channel watch id o4jfck,"['borderlands', 'jesse', 'music', 'princess', 'maya', 'psycho', 'krieg', 'solo', 'feature', 'fantastic', 'duo', 'fustercluck', 'dlc', 'youtube', 'channel', 'watch', 'id', 'o4jfck']",33,18
8,CallOfDutyBlackopsColdWar,Positive,I'll believe it when I see it but every way I'm excited,believe see but every way excite,"['believe', 'see', 'but', 'every', 'way', 'excite']",12,6
8,CallOfDutyBlackopsColdWar,Positive,I'll it it when I see believe but every way I'm excited,see believe but every way excite,"['see', 'believe', 'but', 'every', 'way', 'excite']",12,6
8,CallOfDutyBlackopsColdWar,Positive,excited believe it when I see it but every way I'm I'll,excited believe see but every way,"['excited', 'believe', 'see', 'but', 'every', 'way']",12,6
8,CallOfDutyBlackopsColdWar,Positive,I'll energise believe it when I see it but every way I'm excited,energise believe see but every way excite,"['energise', 'believe', 'see', 'but', 'every', 'way', 'excite']",13,7
8,CallOfDutyBlackopsColdWar,Positive,I'll merely believe it when I see it but every way I'm excited,merely believe see but every way excite,"['merely', 'believe', 'see', 'but', 'every', 'way', 'excite']",13,7
8,CallOfDutyBlackopsColdWar,Positive,I'll believe it when I it but every way I'm excited,believe but every way excite,"['believe', 'but', 'every', 'way', 'excite']",11,5
8,CallOfDutyBlackopsColdWar,Positive,I'll believe it when I see it but every way I'm ,believe see but every way,"['believe', 'see', 'but', 'every', 'way']",11,5
9,Nvidia,Irrelevant,"Attacked again IBM, AMD releases RX 6000 dual accelerator cards: lower reviews tnewspro.com/2020/10/29/att...",attacked ibm amd release rx dual accelerator card low review,"['attacked', 'ibm', 'amd', 'release', 'rx', 'dual', 'accelerator', 'card', 'low', 'review']",16,10
9,Nvidia,Irrelevant,"Attacked again IBM, AMD 2020 RX 6000 dual accelerator cards: lower reviews tnewspro.com/releases/10/29/att...",attacked ibm amd rx dual accelerator card low review,"['attacked', 'ibm', 'amd', 'rx', 'dual', 'accelerator', 'card', 'low', 'review']",16,9
9,Nvidia,Irrelevant,"Attacked again IBM, reviews releases RX 6000 dual accelerator cards: lower AMD tnewspro.com/2020/10/29/att...",attacked ibm review release rx dual accelerator card low amd,"['attacked', 'ibm', 'review', 'release', 'rx', 'dual', 'accelerator', 'card', 'low', 'amd']",16,10
9,Nvidia,Irrelevant,"Attacked again IBM, AMD critique releases RX 6000 dual accelerator cards: lower reviews tnewspro.com/2020/10/29/att...",attacked ibm amd critique release rx dual accelerator card low review,"['attacked', 'ibm', 'amd', 'critique', 'release', 'rx', 'dual', 'accelerator', 'card', 'low', 'review']",17,11
9,Nvidia,Irrelevant,"Attacked again IBM, AMD releases RX 6000 dual accelerator xxix cards: lower reviews tnewspro.com/2020/10/29/att...",attacked ibm amd release rx dual accelerator xxix card low review,"['attacked', 'ibm', 'amd', 'release', 'rx', 'dual', 'accelerator', 'xxix', 'card', 'low', 'review']",17,11
9,Nvidia,Irrelevant,"Attacked again IBM, AMD RX 6000 dual accelerator: lower reviews tnewspro.com/2020/10/29/att...",attacked ibm amd rx dual accelerator lower review,"['attacked', 'ibm', 'amd', 'rx', 'dual', 'accelerator', 'lower', 'review']",14,8
9,Nvidia,Irrelevant,"Attacked again IBM, releases RX 6000 accelerator cards: lower reviews tnewspro.com/2020/10/29/att...",attacked ibm release rx accelerator card low review,"['attacked', 'ibm', 'release', 'rx', 'accelerator', 'card', 'low', 'review']",14,8
10,Verizon,Positive,"Thanks to Verizon, you're too expensive not to work",thanks verizon too expensive not work,"['thanks', 'verizon', 'too', 'expensive', 'not', 'work']",10,6
10,Verizon,Positive,"Thanks to Verizon, you're too work not to expensive",thanks verizon too work not expensive,"['thanks', 'verizon', 'too', 'work', 'not', 'expensive']",10,6
10,Verizon,Positive,"Thanks work Verizon, you're too expensive not to to",thanks work verizon too expensive not,"['thanks', 'work', 'verizon', 'too', 'expensive', 'not']",10,6
10,Verizon,Positive,"Thanks to excessively Verizon, you're too expensive not to work",thanks excessively verizon too expensive not work,"['thanks', 'excessively', 'verizon', 'too', 'expensive', 'not', 'work']",11,7
10,Verizon,Positive,"Thanks to likewise Verizon, you're too expensive not to work",thanks likewise verizon too expensive not work,"['thanks', 'likewise', 'verizon', 'too', 'expensive', 'not', 'work']",11,7
10,Verizon,Positive,"Thanks Verizon, you're too expensive not to work",thanks verizon too expensive not work,"['thanks', 'verizon', 'too', 'expensive', 'not', 'work']",9,6
10,Verizon,Positive,"Thanks to Verizon, you're too not to work",thanks verizon too not work,"['thanks', 'verizon', 'too', 'not', 'work']",9,5
11,WorldOfCraft,Positive,"Things that help with how all-caps anxious I feel right now: World of Warcraft. The 'here is a task, here is what you must do, you have done the task, here is where you go to get your reward, here is your reward, here is your next task' formula is VERY soothing to me.",thing help cap anxious feel right world warcraft task must do task go get reward reward next task formula very soothe,"['thing', 'help', 'cap', 'anxious', 'feel', 'right', 'world', 'warcraft', 'task', 'must', 'do', 'task', 'go', 'get', 'reward', 'reward', 'next', 'task', 'formula', 'very', 'soothe']",64,21
11,WorldOfCraft,Positive,"Things that help here done all-caps anxious I feel right here: World of Warcraft. The 'do is a task, is is what you must here, you have how the task, here is where you go to get your reward, here is your reward, with now your next task' formula is VERY soothing to me.",thing help do cap anxious feel right world warcraft task must task go get reward reward next task formula very soothe,"['thing', 'help', 'do', 'cap', 'anxious', 'feel', 'right', 'world', 'warcraft', 'task', 'must', 'task', 'go', 'get', 'reward', 'reward', 'next', 'task', 'formula', 'very', 'soothe']",64,21
11,WorldOfCraft,Positive,"Things that help with how all-caps anxious to is right now: to of Warcraft. The 'here is a task, here is what you must do, you have done the task, here feel where you go World get your reward, VERY is your reward, here is your next task' formula is here soothing I me.",thing help cap anxious right warcraft task must do task feel go world get reward very reward next task formula soothe,"['thing', 'help', 'cap', 'anxious', 'right', 'warcraft', 'task', 'must', 'do', 'task', 'feel', 'go', 'world', 'get', 'reward', 'very', 'reward', 'next', 'task', 'formula', 'soothe']",64,21
11,WorldOfCraft,Positive,"Things that help with how all-caps amp serve anxious I feel right now: World of Warcraft. The 'here is a task, here is what you act must do, you have done the task, here is where you experience go to get your reward, here is your reward, here is your next task' formula is unquiet VERY soothing to me.",thing help cap serve anxious feel right world warcraft task act must do task experience go get reward reward next task formula unquiet very soothe,"['thing', 'help', 'cap', 'serve', 'anxious', 'feel', 'right', 'world', 'warcraft', 'task', 'act', 'must', 'do', 'task', 'experience', 'go', 'get', 'reward', 'reward', 'next', 'task', 'formula', 'unquiet', 'very', 'soothe']",69,25
11,WorldOfCraft,Positive,"Things that help with how all-caps anxious I feel right now: World of Warcraft. The 'here is a task, here is what you must uneasy do, instantly you have done the task, here is where you go reinforce to get your reward, here is your reward, here is your next task' embody formula is VERY soothing to me.",thing help cap anxious feel right world warcraft task must uneasy instantly do task go reinforce get reward reward next task embody formula very soothe,"['thing', 'help', 'cap', 'anxious', 'feel', 'right', 'world', 'warcraft', 'task', 'must', 'uneasy', 'instantly', 'do', 'task', 'go', 'reinforce', 'get', 'reward', 'reward', 'next', 'task', 'embody', 'formula', 'very', 'soothe']",68,25
11,WorldOfCraft,Positive,"Things that help with how all-caps anxious I feel right: of Warcraft. The 'here is a task, here what you must do, you have done the task, here is where to get reward, here is your, here is next task' formula is VERY soothing to me.",thing help cap anxious feel right warcraft task must do task get reward next task formula very soothe,"['thing', 'help', 'cap', 'anxious', 'feel', 'right', 'warcraft', 'task', 'must', 'do', 'task', 'get', 'reward', 'next', 'task', 'formula', 'very', 'soothe']",56,18
11,WorldOfCraft,Positive,"Things that help with how all-caps anxious I right now: World Warcraft. The 'here is a task, here is what you must do, have done the, here is where you go get, here is your reward, here is your next formula is VERY soothing to me.",thing help cap anxious right world warcraft task must do go get reward next formula very soothe,"['thing', 'help', 'cap', 'anxious', 'right', 'world', 'warcraft', 'task', 'must', 'do', 'go', 'get', 'reward', 'next', 'formula', 'very', 'soothe']",55,17
12,Hearthstone,Neutral#Positive,His Biggest Gold Grubber yet and best game with Reno Jackson for using his new updated zero cost Gold hero saving power,biggest gold grubber yet best game reno jackson use new update zero cost gold hero save power,"['biggest', 'gold', 'grubber', 'yet', 'best', 'game', 'reno', 'jackson', 'use', 'new', 'update', 'zero', 'cost', 'gold', 'hero', 'save', 'power']",22,17
12,Hearthstone,Neutral#Positive,Biggest His for Grubber yet and best game with Reno Jackson Gold using his new updated zero cost Gold hero saving power,big grubber yet best game reno jackson gold use new update zero cost gold hero save power,"['big', 'grubber', 'yet', 'best', 'game', 'reno', 'jackson', 'gold', 'use', 'new', 'update', 'zero', 'cost', 'gold', 'hero', 'save', 'power']",22,17
12,Hearthstone,Neutral#Positive,His Biggest Gold Grubber yet power best game Reno with Jackson for using his new updated zero cost Gold hero saving and,biggest gold grubber yet power best game reno jackson use new update zero cost gold hero save,"['biggest', 'gold', 'grubber', 'yet', 'power', 'best', 'game', 'reno', 'jackson', 'use', 'new', 'update', 'zero', 'cost', 'gold', 'hero', 'save']",22,17
12,Hearthstone,Neutral#Positive,His Biggest Gold Grubber yet and Hero best game with stake Reno Jackson for using his new updated zero cost Gold hero saving power,biggest gold grubber yet hero best game stake reno jackson use new update zero cost gold hero save power,"['biggest', 'gold', 'grubber', 'yet', 'hero', 'best', 'game', 'stake', 'reno', 'jackson', 'use', 'new', 'update', 'zero', 'cost', 'gold', 'hero', 'save', 'power']",24,19
12,Hearthstone,Neutral#Positive,His however Biggest Gold Grubber yet and best game with Reno Jackson for using his fighter new updated zero cost Gold hero saving power,however biggest gold grubber yet best game reno jackson use fighter new update zero cost gold hero save power,"['however', 'biggest', 'gold', 'grubber', 'yet', 'best', 'game', 'reno', 'jackson', 'use', 'fighter', 'new', 'update', 'zero', 'cost', 'gold', 'hero', 'save', 'power']",24,19
12,Hearthstone,Neutral#Positive,His Biggest Gold Grubber yet and best with Jackson for using his updated zero cost Gold hero saving power,biggest gold grubber yet best jackson use updated zero cost gold hero save power,"['biggest', 'gold', 'grubber', 'yet', 'best', 'jackson', 'use', 'updated', 'zero', 'cost', 'gold', 'hero', 'save', 'power']",19,14
12,Hearthstone,Neutral#Positive,His Biggest Grubber yet and best game with Reno Jackson for his new updated zero cost Gold saving power,big grubber yet best game reno jackson new update zero cost gold save power,"['big', 'grubber', 'yet', 'best', 'game', 'reno', 'jackson', 'new', 'update', 'zero', 'cost', 'gold', 'save', 'power']",19,14
13,WorldOfCraft,Positive,The latest WarCraft Press Daily! paper.li/WarCraftPress/… Thanks to @Shadesogrey,late warcraft press daily paper li warcraftpress thanks,"['late', 'warcraft', 'press', 'daily', 'paper', 'li', 'warcraftpress', 'thanks']",10,8
13,WorldOfCraft,Positive,The Daily WarCraft Press latest! paper.li/WarCraftPress/… Thanks to @Shadesogrey,daily warcraft press late paper li warcraftpress thanks,"['daily', 'warcraft', 'press', 'late', 'paper', 'li', 'warcraftpress', 'thanks']",10,8
13,WorldOfCraft,Positive,WarCraft latest The Press Daily! paper.li/WarCraftPress/… Thanks to @Shadesogrey,warcraft late press daily paper li warcraftpress thanks,"['warcraft', 'late', 'press', 'daily', 'paper', 'li', 'warcraftpress', 'thanks']",10,8
13,WorldOfCraft,Positive,The latest WarCraft Press Daily! paper.li/late WarCraftPress/… Thanks to @Shadesogrey,late warcraft press daily paper li late warcraftpress thanks,"['late', 'warcraft', 'press', 'daily', 'paper', 'li', 'late', 'warcraftpress', 'thanks']",13,9
13,WorldOfCraft,Positive,casual The latest WarCraft Press Daily! paper.li/WarCraftPress/… Thanks to @Shadesogrey,casual late warcraft press daily paper li warcraftpress thanks,"['casual', 'late', 'warcraft', 'press', 'daily', 'paper', 'li', 'warcraftpress', 'thanks']",11,9
13,WorldOfCraft,Positive,The latest WarCraft Press Daily!.li/WarCraftPress/… Thanks to @Shadesogrey,late warcraft press daily li warcraftpress thanks,"['late', 'warcraft', 'press', 'daily', 'li', 'warcraftpress', 'thanks']",15,7
13,WorldOfCraft,Positive,The latest WarCraft Press! paper.li/WarCraftPress/… Thanks to @Shadesogrey,late warcraft press paper li warcraftpress thanks,"['late', 'warcraft', 'press', 'paper', 'li', 'warcraftpress', 'thanks']",9,7
14,Overwatch,Negative,i immediately play overwatch again (bad),immediately play overwatch bad,"['immediately', 'play', 'overwatch', 'bad']",8,4
14,Overwatch,Negative,i immediately overwatch play again (bad),immediately overwatch play bad,"['immediately', 'overwatch', 'play', 'bad']",8,4
14,Overwatch,Negative,immediately i play overwatch again (bad),immediately play overwatch bad,"['immediately', 'play', 'overwatch', 'bad']",8,4
14,Overwatch,Negative,i immediately play overwatch again (meet bad),immediately play overwatch meet bad,"['immediately', 'play', 'overwatch', 'meet', 'bad']",9,5
14,Overwatch,Negative,unsound i immediately play overwatch again (bad),unsound immediately play overwatch bad,"['unsound', 'immediately', 'play', 'overwatch', 'bad']",9,5
14,Overwatch,Negative,i immediately overwatch again (bad),immediately overwatch bad,"['immediately', 'overwatch', 'bad']",7,3
14,Overwatch,Negative,immediately play overwatch again (bad),immediately play overwatch bad,"['immediately', 'play', 'overwatch', 'bad']",7,4
15,PlayStation5(PS5),Negative,Huge water leak. I wonder how Sony will react now to this?,huge water leak wonder sony react,"['huge', 'water', 'leak', 'wonder', 'sony', 'react']",14,6
15,PlayStation5(PS5),Negative,Huge water leak. I will how Sony wonder react now to this?,huge water leak sony wonder react,"['huge', 'water', 'leak', 'sony', 'wonder', 'react']",14,6
15,PlayStation5(PS5),Negative,Huge water leak. I wonder how Sony will react this to now?,huge water leak wonder sony react,"['huge', 'water', 'leak', 'wonder', 'sony', 'react']",14,6
15,PlayStation5(PS5),Negative,Huge water leak. I wonder how Sony will react now to wetting this?,huge water leak wonder sony react wet,"['huge', 'water', 'leak', 'wonder', 'sony', 'react', 'wet']",15,7
15,PlayStation5(PS5),Negative,Huge water leakage leak. I wonder how Sony will react now to this?,huge water leakage leak wonder sony react,"['huge', 'water', 'leakage', 'leak', 'wonder', 'sony', 'react']",15,7
15,PlayStation5(PS5),Negative,Huge water leak. I wonder how Sony react now to this?,huge water leak wonder sony react,"['huge', 'water', 'leak', 'wonder', 'sony', 'react']",13,6
15,PlayStation5(PS5),Negative,Huge water leak. wonder how Sony will react now to this?,huge water leak wonder sony react,"['huge', 'water', 'leak', 'wonder', 'sony', 'react']",13,6
16,Overwatch,Negative,"Nerd Tweet: I'm really disappointed by @ PlayOverwatch, one of my favorite games I've played since day one. I feel that all they care about is sport. We finally have a new hero, cool, but another dps. 2 / 2 / 2 I can somehow come back. But let's switch open...",nerd tweet really disappointed one favorite game play since day one feel care sport finally new hero cool but another dp somehow come back but let switch open,"['nerd', 'tweet', 'really', 'disappointed', 'one', 'favorite', 'game', 'play', 'since', 'day', 'one', 'feel', 'care', 'sport', 'finally', 'new', 'hero', 'cool', 'but', 'another', 'dp', 'somehow', 'come', 'back', 'but', 'let', 'switch', 'open']",60,28
16,Overwatch,Negative,"Nerd Tweet: I'm really disappointed by @ PlayOverwatch, let's of my favorite games I've played open day one. dps feel that all they 2 about is sport. We finally have a new hero, cool, but another I. care / 2 / 2 I can somehow come back. But one switch since...",nerd tweet really disappointed let favorite game played open day one dp feel sport finally new hero cool but another care somehow come back but one switch since,"['nerd', 'tweet', 'really', 'disappointed', 'let', 'favorite', 'game', 'played', 'open', 'day', 'one', 'dp', 'feel', 'sport', 'finally', 'new', 'hero', 'cool', 'but', 'another', 'care', 'somehow', 'come', 'back', 'but', 'one', 'switch', 'since']",60,28
16,Overwatch,Negative,"Nerd Tweet: I'm really disappointed by @ PlayOverwatch, one of back games favorite 2 played since day one. I feel that all they care about is sport. We finally have a new hero, cool, but another 2. dps / 2 / I've I can somehow come my. But let's switch open...",nerd tweet really disappointed one back game favorite play since day one feel care sport finally new hero cool but another dp somehow come but let switch open,"['nerd', 'tweet', 'really', 'disappointed', 'one', 'back', 'game', 'favorite', 'play', 'since', 'day', 'one', 'feel', 'care', 'sport', 'finally', 'new', 'hero', 'cool', 'but', 'another', 'dp', 'somehow', 'come', 'but', 'let', 'switch', 'open']",60,28
16,Overwatch,Negative,"Nerd Tweet: I'm really disappointed by @ deary PlayOverwatch, one of my favorite games I've played since day one. I feel that all they care about is sport. We finally have a let new hero, cool, but another dps. wonk 2 / 2 / 2 I foiled can somehow come back. But let's switch open...",nerd tweet really disappointed playoverwatch one favorite game play since day one feel care sport finally let new hero cool but another dp wonk foil somehow come back but let switch open,"['nerd', 'tweet', 'really', 'disappointed', 'playoverwatch', 'one', 'favorite', 'game', 'play', 'since', 'day', 'one', 'feel', 'care', 'sport', 'finally', 'let', 'new', 'hero', 'cool', 'but', 'another', 'dp', 'wonk', 'foil', 'somehow', 'come', 'back', 'but', 'let', 'switch', 'open']",64,32
16,Overwatch,Negative,"Nerd swap Tweet: someway I'm really disappointed by @ PlayOverwatch, one of my favorite games ii I've played since day one. I feel that all they care about is sport. We finally surface have a new hero, cool, but another dps. 2 / 2 / 2 I can somehow come back. But let's switch open...",nerd swap tweet someway really disappointed one favorite game ii play since day one feel care sport finally surface new hero cool but another dp somehow come back but let switch open,"['nerd', 'swap', 'tweet', 'someway', 'really', 'disappointed', 'one', 'favorite', 'game', 'ii', 'play', 'since', 'day', 'one', 'feel', 'care', 'sport', 'finally', 'surface', 'new', 'hero', 'cool', 'but', 'another', 'dp', 'somehow', 'come', 'back', 'but', 'let', 'switch', 'open']",64,32
16,Overwatch,Negative,"Nerd Tweet: really by @, one of my favorite games I've played since day one. I feel that all they care about is. We finally have a new hero, cool, but another dps. / 2 / I can somehow come back. But let's switch...",nerd tweet really one favorite game play since day one feel care finally new hero cool but another dp somehow come back but let switch,"['nerd', 'tweet', 'really', 'one', 'favorite', 'game', 'play', 'since', 'day', 'one', 'feel', 'care', 'finally', 'new', 'hero', 'cool', 'but', 'another', 'dp', 'somehow', 'come', 'back', 'but', 'let', 'switch']",53,25
16,Overwatch,Negative,"Tweet: I'm really disappointed by @ PlayOverwatch, of my favorite games I've played since day one. I feel that all they care about sport. We finally have a new hero, cool, but another dps. / 2 / 2 I can somehow come. let's open...",tweet really disappointed favorite game play since day one feel care sport finally new hero cool but another dp somehow come let open,"['tweet', 'really', 'disappointed', 'favorite', 'game', 'play', 'since', 'day', 'one', 'feel', 'care', 'sport', 'finally', 'new', 'hero', 'cool', 'but', 'another', 'dp', 'somehow', 'come', 'let', 'open']",53,23
17,PlayStation5(PS5),Neutral,Will<unk> be screaming “ hello it’s Jon champion with co co commentator Jim “ as what dey fuck?,unk scream hello jon champion co co commentator jim dey fuck,"['unk', 'scream', 'hello', 'jon', 'champion', 'co', 'co', 'commentator', 'jim', 'dey', 'fuck']",22,11
17,PlayStation5(PS5),Neutral,hello<unk> be screaming “ Will it’s Jon champion with co co commentator Jim “ as what dey fuck?,hello unk scream jon champion co co commentator jim dey fuck,"['hello', 'unk', 'scream', 'jon', 'champion', 'co', 'co', 'commentator', 'jim', 'dey', 'fuck']",22,11
17,PlayStation5(PS5),Neutral,screaming<unk> be Will “ hello it’s Jon champion with co co commentator Jim “ as what dey fuck?,scream unk hello jon champion co co commentator jim dey fuck,"['scream', 'unk', 'hello', 'jon', 'champion', 'co', 'co', 'commentator', 'jim', 'dey', 'fuck']",22,11
17,PlayStation5(PS5),Neutral,Will<unk> be screaming “ hello it’s Jon champion with co co commentator Jim “ CO as what dey fuck?,unk scream hello jon champion co co commentator jim co dey fuck,"['unk', 'scream', 'hello', 'jon', 'champion', 'co', 'co', 'commentator', 'jim', 'co', 'dey', 'fuck']",23,12
17,PlayStation5(PS5),Neutral,Will<unk> be screaming “ hello it’s Jon champion with co co commentator Jim “ howdy as what dey fuck?,unk scream hello jon champion co co commentator jim dey fuck,"['unk', 'scream', 'hello', 'jon', 'champion', 'co', 'co', 'commentator', 'jim', 'dey', 'fuck']",23,11
17,PlayStation5(PS5),Neutral,Will<unk> be screaming “ hello’ Jon champion with co co commentator Jim “ as what dey fuck?,unk scream hello jon champion co co commentator jim dey fuck,"['unk', 'scream', 'hello', 'jon', 'champion', 'co', 'co', 'commentator', 'jim', 'dey', 'fuck']",20,11
17,PlayStation5(PS5),Neutral,Will<unk> be screaming “ it’s Jon champion with co co commentator Jim “ as what fuck?,unk scream jon champion co co commentator jim fuck,"['unk', 'scream', 'jon', 'champion', 'co', 'co', 'commentator', 'jim', 'fuck']",20,9
18,Borderlands,Positive,4 favorite games of all time. (thanks @317Slayer and @Drunk_Cookies!). . 1. Halo 2/3 can't pick. 2. Rocket League. 3. Kingdom Hearts 2. 4. Super Mario Bros All Stars (this was probably the first game I ever played). . @Demintele_Sway @DiscoSpider93 @Void_BWungus @LSTesports let’s see em!,favorite game time thanks halo cannot pick rocket league kingdom heart super mario bros stars probably first game ever play let see,"['favorite', 'game', 'time', 'thanks', 'halo', 'cannot', 'pick', 'rocket', 'league', 'kingdom', 'heart', 'super', 'mario', 'bros', 'stars', 'probably', 'first', 'game', 'ever', 'play', 'let', 'see']",62,22
18,Borderlands,Positive,317Slayer favorite games of all time. (thanks @4 and @League!). . 1. Halo 2/3 Drunk_Cookies pick. 2. Rocket can't. 3. Kingdom Hearts 2. 4. Super Mario Bros All Stars (this was probably Demintele_Sway first game I ever played). . @the @DiscoSpider93 @Void_BWungus @LSTesports let’s see em!,317slayer favorite game time thanks halo drunk cooky pick rocket cannot kingdom heart super mario bros stars probably demintele sway first game ever play let see,"['317slayer', 'favorite', 'game', 'time', 'thanks', 'halo', 'drunk', 'cooky', 'pick', 'rocket', 'cannot', 'kingdom', 'heart', 'super', 'mario', 'bros', 'stars', 'probably', 'demintele', 'sway', 'first', 'game', 'ever', 'play', 'let', 'see']",62,26
18,Borderlands,Positive,4 favorite games of all time. (Demintele_Sway @317Slayer and @Drunk_Cookies!). . League. Halo 2/3 can't pick. 2. Rocket 1. 3. Kingdom Hearts 2. 4. was Mario Bros All Stars (this Super probably the first game I ever played). . @thanks @DiscoSpider93 @Void_BWungus @LSTesports let’s see em!,favorite game time demintele sway league halo cannot pick rocket kingdom heart mario bros stars super probably first game ever play let see,"['favorite', 'game', 'time', 'demintele', 'sway', 'league', 'halo', 'cannot', 'pick', 'rocket', 'kingdom', 'heart', 'mario', 'bros', 'stars', 'super', 'probably', 'first', 'game', 'ever', 'play', 'let', 'see']",62,23
18,Borderlands,Positive,4 favorite games of all time. (thanks @317Slayer and @Drunk_Cookies!). . 1. Halo 2/3 can't pick. 2. clip Rocket visualise League. 3. Kingdom Hearts 2. 4. Super Mario Bros All Stars (this hotshot was probably the first game I ever played). . @Demintele_Sway @DiscoSpider93 @Void_BWungus @LSTesports let’s see em!,favorite game time thanks halo cannot pick clip rocket visualise league kingdom heart super mario bros stars hotshot probably first game ever play let see,"['favorite', 'game', 'time', 'thanks', 'halo', 'cannot', 'pick', 'clip', 'rocket', 'visualise', 'league', 'kingdom', 'heart', 'super', 'mario', 'bros', 'stars', 'hotshot', 'probably', 'first', 'game', 'ever', 'play', 'let', 'see']",65,25
18,Borderlands,Positive,thank 4 favorite games of all time. (thanks @317Slayer and @Drunk_Cookies!). . 1. Halo 2/totally 3 can't pick. 2. Rocket League. 3. Kingdom Hearts 2. 4. Super Mario Bros All Stars (this was probably the first game I ever played). . @Demintele_Sway @DiscoSpider93 @skyrocket Void_BWungus @LSTesports let’s see em!,thank favorite game time thanks halo totally cannot pick rocket league kingdom heart super mario bros stars probably first game ever play void bwungus let see,"['thank', 'favorite', 'game', 'time', 'thanks', 'halo', 'totally', 'cannot', 'pick', 'rocket', 'league', 'kingdom', 'heart', 'super', 'mario', 'bros', 'stars', 'probably', 'first', 'game', 'ever', 'play', 'void', 'bwungus', 'let', 'see']",67,26
18,Borderlands,Positive,4 favorite games of all time. ( @317Slayer and @!). . 1. Halo 2/3 can't pick. 2. Rocket League. 3. Kingdom Hearts 2. 4. Super Mario Bros All Stars (this was probably first game I played). . @ @ @Void_BWungus @LSTesports let’s see em!,favorite game time halo cannot pick rocket league kingdom heart super mario bros stars probably first game play let see,"['favorite', 'game', 'time', 'halo', 'cannot', 'pick', 'rocket', 'league', 'kingdom', 'heart', 'super', 'mario', 'bros', 'stars', 'probably', 'first', 'game', 'play', 'let', 'see']",59,20
18,Borderlands,Positive,4 games of all time. (thanks @317Slayer and @Drunk_Cookies!). . 1. Halo 2/ pick. 2. Rocket League. 3. Hearts. 4. Super Mario Bros All Stars (this was probably the first game I ever played). . @Demintele_Sway @DiscoSpider93 @ @LSTesports let’s see em!,game time thanks halo pick rocket league heart super mario bros stars probably first game ever play let see,"['game', 'time', 'thanks', 'halo', 'pick', 'rocket', 'league', 'heart', 'super', 'mario', 'bros', 'stars', 'probably', 'first', 'game', 'ever', 'play', 'let', 'see']",59,19
19,NBA2K,Negative,I like you how some @NBA2K_2KTV act like nothing wrong with that @NBA2K just keep selling this wack info.,like act like nothing wrong keep sell wack info,"['like', 'act', 'like', 'nothing', 'wrong', 'keep', 'sell', 'wack', 'info']",20,9
19,NBA2K,Negative,I like you how some @NBA2K_2KTV act like nothing wrong with that @NBA2K just keep info this wack selling.,like act like nothing wrong keep info wack selling,"['like', 'act', 'like', 'nothing', 'wrong', 'keep', 'info', 'wack', 'selling']",20,9
19,NBA2K,Negative,I wack you how some @NBA2K_2KTV act like nothing wrong with that @NBA2K just keep selling this like info.,wack act like nothing wrong keep sell like info,"['wack', 'act', 'like', 'nothing', 'wrong', 'keep', 'sell', 'like', 'info']",20,9
19,NBA2K,Negative,I iodine like you how some @NBA2K_2KTV act like nothing wrong with that @NBA2K just keep selling this wack info.,iodine like act like nothing wrong keep sell wack info,"['iodine', 'like', 'act', 'like', 'nothing', 'wrong', 'keep', 'sell', 'wack', 'info']",21,10
19,NBA2K,Negative,I like you how some @NBA2K_2KTV act like nothing wrong with about that @NBA2K just keep selling this wack info.,like act like nothing wrong keep sell wack info,"['like', 'act', 'like', 'nothing', 'wrong', 'keep', 'sell', 'wack', 'info']",21,9
19,NBA2K,Negative,I like how some @NBA2K_2KTV act like nothing wrong with that @NBA2K keep selling this wack info.,like act like nothing wrong keep sell wack info,"['like', 'act', 'like', 'nothing', 'wrong', 'keep', 'sell', 'wack', 'info']",18,9
19,NBA2K,Negative,like you how some @NBA2K_2KTV act like nothing wrong with that @NBA2K just selling this wack info.,like act like nothing wrong selling wack info,"['like', 'act', 'like', 'nothing', 'wrong', 'selling', 'wack', 'info']",18,8
20,RedDeadRedemption(RDR),Negative,One of the strangest things Red Dead Redement 2 has taught me (offline and online) is that there were banks and garbage cans everywhere in the old West.,one strange thing red dead redement teach offline online bank garbage can everywhere old west,"['one', 'strange', 'thing', 'red', 'dead', 'redement', 'teach', 'offline', 'online', 'bank', 'garbage', 'can', 'everywhere', 'old', 'west']",31,15
20,RedDeadRedemption(RDR),Negative,One of the me things and Dead Redement 2 has taught strangest (offline Red online) is that there were banks and garbage cans everywhere in the old West.,one thing dead redement taught strange offline red online bank garbage can everywhere old west,"['one', 'thing', 'dead', 'redement', 'taught', 'strange', 'offline', 'red', 'online', 'bank', 'garbage', 'can', 'everywhere', 'old', 'west']",31,15
20,RedDeadRedemption(RDR),Negative,One of the strangest things Red Dead taught 2 has offline me (Redement and online) is that garbage were banks and there cans everywhere in the old West.,one strange thing red dead taught offline redement online garbage bank can everywhere old west,"['one', 'strange', 'thing', 'red', 'dead', 'taught', 'offline', 'redement', 'online', 'garbage', 'bank', 'can', 'everywhere', 'old', 'west']",31,15
20,RedDeadRedemption(RDR),Negative,One of the strangest things Red Dead Redement 2 has swear taught me (offline and online) is that there were drivel banks and garbage cans everywhere in the old West.,one strange thing red dead redement swear taught offline online drivel bank garbage can everywhere old west,"['one', 'strange', 'thing', 'red', 'dead', 'redement', 'swear', 'taught', 'offline', 'online', 'drivel', 'bank', 'garbage', 'can', 'everywhere', 'old', 'west']",33,17
20,RedDeadRedemption(RDR),Negative,One of the strangest things Red Dead Redement 2 has taught me (offline Occident and Occident online) is that there were banks and garbage cans everywhere in the old West.,one strange thing red dead redement teach offline occident occident online bank garbage can everywhere old west,"['one', 'strange', 'thing', 'red', 'dead', 'redement', 'teach', 'offline', 'occident', 'occident', 'online', 'bank', 'garbage', 'can', 'everywhere', 'old', 'west']",33,17
20,RedDeadRedemption(RDR),Negative,One of strangest things Red Dead Redement 2 has (offline and online) is that there were banks and garbage cans everywhere in old West.,one strange thing red dead redement offline online bank garbage can everywhere old west,"['one', 'strange', 'thing', 'red', 'dead', 'redement', 'offline', 'online', 'bank', 'garbage', 'can', 'everywhere', 'old', 'west']",27,14
20,RedDeadRedemption(RDR),Negative,One of the strangest things Red Redement 2 me (offline and online) is that there were banks and garbage cans in the old West.,one strange thing red redement offline online bank garbage can old west,"['one', 'strange', 'thing', 'red', 'redement', 'offline', 'online', 'bank', 'garbage', 'can', 'old', 'west']",27,12
21,Microsoft,Negative,RT vikatan:'Walking in India is the worst! 2-Microsoft to,vikatan walk india bad microsoft,"['vikatan', 'walk', 'india', 'bad', 'microsoft']",15,5
21,Microsoft,Negative,RT vikatan:'is in India Walking the worst! 2-Microsoft to,vikatan india walk bad microsoft,"['vikatan', 'india', 'walk', 'bad', 'microsoft']",15,5
21,Microsoft,Negative,in vikatan:'Walking RT India is the worst! 2-Microsoft to,vikatan walk india bad microsoft,"['vikatan', 'walk', 'india', 'bad', 'microsoft']",15,5
21,Microsoft,Negative,RT Bharat vikatan:'Walking in India is the worst! 2-Microsoft to,bharat vikatan walk india bad microsoft,"['bharat', 'vikatan', 'walk', 'india', 'bad', 'microsoft']",16,6
21,Microsoft,Negative,RT vikatan:'Walking in India In is the worst! 2-Microsoft to,vikatan walk india bad microsoft,"['vikatan', 'walk', 'india', 'bad', 'microsoft']",16,5
21,Microsoft,Negative,RT vikatan:' in India is the worst! 2-Microsoft to,vikatan india bad microsoft,"['vikatan', 'india', 'bad', 'microsoft']",14,4
21,Microsoft,Negative,RT:'Walking in India is the worst! 2-Microsoft to,walk india bad microsoft,"['walk', 'india', 'bad', 'microsoft']",14,4
22,RedDeadRedemption(RDR),Irrelevant,Red Dead Redemption. . store.playstation.com/,red dead redemption,"['red', 'dead', 'redemption']",5,3
22,RedDeadRedemption(RDR),Irrelevant,Red Dead Redemption. . com.playstation.store/,red dead redemption playstation store,"['red', 'dead', 'redemption', 'playstation', 'store']",5,5
22,RedDeadRedemption(RDR),Irrelevant,com Dead Redemption. . store.playstation.Red/,dead redemption store playstation red,"['dead', 'redemption', 'store', 'playstation', 'red']",5,5
22,RedDeadRedemption(RDR),Irrelevant,Red Dead Redemption. . store.Marxist playstation.com/,red dead redemption store marxist,"['red', 'dead', 'redemption', 'store', 'marxist']",6,5
22,RedDeadRedemption(RDR),Irrelevant,Red Dead buyback Redemption. . store.playstation.com/,red dead buyback redemption,"['red', 'dead', 'buyback', 'redemption']",6,4
22,RedDeadRedemption(RDR),Irrelevant,Red Dead Redemption. . store.playstation./,red dead redemption store playstation,"['red', 'dead', 'redemption', 'store', 'playstation']",7,5
22,RedDeadRedemption(RDR),Irrelevant,Red Dead. . store.playstation.com/,red dead,"['red', 'dead']",4,2
23,NBA2K,Positive,"@ NBA2K can I ask an episode also I have bought almost 2 million worth of vc, this is how much I love this game",ask episode also buy almost million worth vc much love game,"['ask', 'episode', 'also', 'buy', 'almost', 'million', 'worth', 'vc', 'much', 'love', 'game']",27,11
23,NBA2K,Positive,"@ NBA2K can I I an episode also I have bought almost 2 million vc of worth, this is how much ask love this game",episode also buy almost million vc worth much ask love game,"['episode', 'also', 'buy', 'almost', 'million', 'vc', 'worth', 'much', 'ask', 'love', 'game']",27,11
23,NBA2K,Positive,"@ NBA2K can I love an episode also much have bought almost 2 million worth of vc, this is how I I ask this game",love episode also much buy almost million worth vc ask game,"['love', 'episode', 'also', 'much', 'buy', 'almost', 'million', 'worth', 'vc', 'ask', 'game']",27,11
23,NBA2K,Positive,"@ NBA2K can I ask an episode also I have bought almost 2 million worth of vc, this is single how much unity I love this game",ask episode also buy almost million worth vc single much unity love game,"['ask', 'episode', 'also', 'buy', 'almost', 'million', 'worth', 'vc', 'single', 'much', 'unity', 'love', 'game']",29,13
23,NBA2K,Positive,"@ deserving NBA2K can I AN ask an episode also I have bought almost 2 million worth of vc, this is how much I love this game",nba 2k ask episode also buy almost million worth vc much love game,"['nba', '2k', 'ask', 'episode', 'also', 'buy', 'almost', 'million', 'worth', 'vc', 'much', 'love', 'game']",29,13
23,NBA2K,Positive,"@ NBA2K can I ask an episode also I have bought almost 2 of, this is how much I love this game",ask episode also buy almost much love game,"['ask', 'episode', 'also', 'buy', 'almost', 'much', 'love', 'game']",24,8
23,NBA2K,Positive,"@ NBA2K can I ask an episode also have bought almost 2 million worth of, this is how much I love game",ask episode also buy almost million worth much love game,"['ask', 'episode', 'also', 'buy', 'almost', 'million', 'worth', 'much', 'love', 'game']",24,10
24,Google,Negative#Neutral,pause who the god uses microsoft word... what's the point for them...,pause god use microsoft word point,"['pause', 'god', 'use', 'microsoft', 'word', 'point']",14,6
24,Google,Negative#Neutral,pause who the god uses microsoft them... what's the point for word...,pause god use microsoft point word,"['pause', 'god', 'use', 'microsoft', 'point', 'word']",14,6
24,Google,Negative#Neutral,pause who the god uses microsoft what's... word the point for them...,pause god use microsoft word point,"['pause', 'god', 'use', 'microsoft', 'word', 'point']",14,6
24,Google,Negative#Neutral,pause Logos who the god uses microsoft word... what's the point for them...,pause logos god us microsoft word point,"['pause', 'logos', 'god', 'us', 'microsoft', 'word', 'point']",15,7
24,Google,Negative#Neutral,pause who the god uses microsoft word... WHO what's the point for them...,pause god use microsoft word point,"['pause', 'god', 'use', 'microsoft', 'word', 'point']",15,6
24,Google,Negative#Neutral,pause the god uses microsoft word... what's the point for them...,pause god use microsoft word point,"['pause', 'god', 'use', 'microsoft', 'word', 'point']",13,6
24,Google,Negative#Neutral,pause who the god uses microsoft word... what's the point them...,pause god use microsoft word point,"['pause', 'god', 'use', 'microsoft', 'word', 'point']",13,6
25,Battlefield,Irrelevant#Negative,The ban for Battlefield 4 911 _ kbbbbbbb.com player was due to DETAILS: bf4db.com / player / ban / 513...,ban battlefield player due details ban,"['ban', 'battlefield', 'player', 'due', 'details', 'ban']",22,6
25,Battlefield,Irrelevant#Negative,The ban for Battlefield 4 911 _ kbbbbbbb.player player was due to DETAILS: bf4db.com / com / ban / 513...,ban battlefield kbb player player due details ban,"['ban', 'battlefield', 'kbb', 'player', 'player', 'due', 'details', 'ban']",22,8
25,Battlefield,Irrelevant#Negative,The ban for Battlefield 4 player _ kbbbbbbb.com player was due to DETAILS: bf4db.com / 911 / ban / 513...,ban battlefield player player due details ban,"['ban', 'battlefield', 'player', 'player', 'due', 'details', 'ban']",22,7
25,Battlefield,Irrelevant#Negative,The ban for Battlefield 4 911 _ kbbbbbbb.com player was due to DETAILS: bf4db.com / player / ban / ostracise 513...,ban battlefield player due details ban ostracise,"['ban', 'battlefield', 'player', 'due', 'details', 'ban', 'ostracise']",23,7
25,Battlefield,Irrelevant#Negative,The ban for Battlefield 4 quartet 911 _ kbbbbbbb.com player was due to DETAILS: bf4db.com / player / ban / 513...,ban battlefield quartet player due details ban,"['ban', 'battlefield', 'quartet', 'player', 'due', 'details', 'ban']",23,7
25,Battlefield,Irrelevant#Negative,The ban for Battlefield 4 911 _ kbbbbbbb. player was due to DETAILS: bf4db. / player / ban / 513...,ban battlefield kbb player due details bf4db player ban,"['ban', 'battlefield', 'kbb', 'player', 'due', 'details', 'bf4db', 'player', 'ban']",24,9
25,Battlefield,Irrelevant#Negative,The ban for Battlefield 4 _ kbbbbbbb.com player was due DETAILS: bf4db.com / player / ban / 513...,ban battlefield player due details ban,"['ban', 'battlefield', 'player', 'due', 'details', 'ban']",20,6
26,Borderlands,Positive,4 Favorite Game Soundtracks:.. Doom. Doom. Doom. Doom forever,favorite game soundtracks doom doom doom doom forever,"['favorite', 'game', 'soundtracks', 'doom', 'doom', 'doom', 'doom', 'forever']",14,8
26,Borderlands,Positive,4 Favorite Game Soundtracks:.. forever. Doom. Doom. Doom Doom,favorite game soundtracks forever doom doom doom doom,"['favorite', 'game', 'soundtracks', 'forever', 'doom', 'doom', 'doom', 'doom']",14,8
26,Borderlands,Positive,Favorite 4 Game Soundtracks:.. Doom. Doom. Doom. Doom forever,favorite game soundtrack doom doom doom doom forever,"['favorite', 'game', 'soundtrack', 'doom', 'doom', 'doom', 'doom', 'forever']",14,8
26,Borderlands,Positive,4 Favorite Game Soundtracks:.. Doom. pet Doom. Doom. Doom forever,favorite game soundtracks doom pet doom doom doom forever,"['favorite', 'game', 'soundtracks', 'doom', 'pet', 'doom', 'doom', 'doom', 'forever']",15,9
26,Borderlands,Positive,4 soundtrack Favorite Game Soundtracks:.. Doom. Doom. Doom. Doom forever,soundtrack favorite game soundtracks doom doom doom doom forever,"['soundtrack', 'favorite', 'game', 'soundtracks', 'doom', 'doom', 'doom', 'doom', 'forever']",15,9
26,Borderlands,Positive,4 Favorite Game Soundtracks:... Doom. Doom. Doom forever,favorite game soundtrack doom doom doom forever,"['favorite', 'game', 'soundtrack', 'doom', 'doom', 'doom', 'forever']",12,7
26,Borderlands,Positive,4 Favorite Game:.. Doom. Doom. Doom. Doom forever,favorite game doom doom doom doom forever,"['favorite', 'game', 'doom', 'doom', 'doom', 'doom', 'forever']",13,7
27,CallOfDuty,Negative,niggas really out here tryna play me like I'm Call of Duty! I hate it here,nigga really tryna play like call duty hate,"['nigga', 'really', 'tryna', 'play', 'like', 'call', 'duty', 'hate']",17,8
27,CallOfDuty,Negative,like really out here tryna play me niggas I'm Call of Duty! I hate it here,like really tryna play niggas call duty hate,"['like', 'really', 'tryna', 'play', 'niggas', 'call', 'duty', 'hate']",17,8
27,CallOfDuty,Negative,niggas really out here tryna of me like I'm Call play Duty! I hate it here,nigga really tryna like call play duty hate,"['nigga', 'really', 'tryna', 'like', 'call', 'play', 'duty', 'hate']",17,8
27,CallOfDuty,Negative,niggas IT really out here tryna play me like I'm Call of Duty! I hate it here,nigga really tryna play like call duty hate,"['nigga', 'really', 'tryna', 'play', 'like', 'call', 'duty', 'hate']",18,8
27,CallOfDuty,Negative,niggas really out here similar tryna play me like I'm Call of Duty! I hate it here,nigga really similar tryna play like call duty hate,"['nigga', 'really', 'similar', 'tryna', 'play', 'like', 'call', 'duty', 'hate']",18,9
27,CallOfDuty,Negative,niggas really out here tryna play me I'm Call of Duty! hate it here,nigga really tryna play call duty hate,"['nigga', 'really', 'tryna', 'play', 'call', 'duty', 'hate']",15,7
27,CallOfDuty,Negative,niggas really out here tryna play me like Call of Duty! I it here,nigga really tryna play like call duty,"['nigga', 'really', 'tryna', 'play', 'like', 'call', 'duty']",15,7
28,AssassinsCreed,Neutral,Well... it was kind of puzzling.,well kind puzzling,"['well', 'kind', 'puzzling']",8,3
28,AssassinsCreed,Neutral,Well... puzzling was kind of it.,well puzzle kind,"['well', 'puzzle', 'kind']",8,3
28,AssassinsCreed,Neutral,it... Well was kind of puzzling.,well kind puzzling,"['well', 'kind', 'puzzling']",8,3
28,AssassinsCreed,Neutral,Well... it was confusing kind of puzzling.,well confuse kind puzzling,"['well', 'confuse', 'kind', 'puzzling']",9,4
28,AssassinsCreed,Neutral,Well... it was kind of sort puzzling.,well kind sort puzzling,"['well', 'kind', 'sort', 'puzzling']",9,4
28,AssassinsCreed,Neutral,Well... it kind of puzzling.,well kind puzzling,"['well', 'kind', 'puzzling']",7,3
28,AssassinsCreed,Neutral,Well... it was kind of.,well kind,"['well', 'kind']",7,2
29,LeagueOfLegends,Positive,"oh fuck I just realized... if a League of Legends Champion gets into smash, there's a relatively high chance it's Yasuo. FUCK",oh fuck realize league legends champion get smash relatively high chance yasuo fuck,"['oh', 'fuck', 'realize', 'league', 'legends', 'champion', 'get', 'smash', 'relatively', 'high', 'chance', 'yasuo', 'fuck']",25,13
29,LeagueOfLegends,Positive,"just fuck I relatively realized... if a League of Legends Champion gets into smash, there's a oh high chance it's Yasuo. FUCK",fuck relatively realize league legends champion get smash oh high chance yasuo fuck,"['fuck', 'relatively', 'realize', 'league', 'legends', 'champion', 'get', 'smash', 'oh', 'high', 'chance', 'yasuo', 'fuck']",25,13
29,LeagueOfLegends,Positive,"oh fuck I just realized... if a League of Legends Champion high into a, there's smash relatively gets chance it's Yasuo. FUCK",oh fuck realize league legends champion high smash relatively get chance yasuo fuck,"['oh', 'fuck', 'realize', 'league', 'legends', 'champion', 'high', 'smash', 'relatively', 'get', 'chance', 'yasuo', 'fuck']",25,13
29,LeagueOfLegends,Positive,"oh fuck A I just realized... if a League of Legends Champion gets into smash, there's a relatively adenine high chance it's Yasuo. FUCK",oh fuck realize league legends champion get smash relatively adenine high chance yasuo fuck,"['oh', 'fuck', 'realize', 'league', 'legends', 'champion', 'get', 'smash', 'relatively', 'adenine', 'high', 'chance', 'yasuo', 'fuck']",27,14
29,LeagueOfLegends,Positive,"oh fuck comparatively I just realized... if a League of Legends Ohio Champion gets into smash, there's a relatively high chance it's Yasuo. FUCK",oh fuck comparatively realize league legends ohio champion get smash relatively high chance yasuo fuck,"['oh', 'fuck', 'comparatively', 'realize', 'league', 'legends', 'ohio', 'champion', 'get', 'smash', 'relatively', 'high', 'chance', 'yasuo', 'fuck']",27,15
29,LeagueOfLegends,Positive,"fuck I just realized... if a League of Legends Champion gets into smash, there's a high chance Yasuo. FUCK",fuck realize league legends champion get smash high chance yasuo fuck,"['fuck', 'realize', 'league', 'legends', 'champion', 'get', 'smash', 'high', 'chance', 'yasuo', 'fuck']",22,11
29,LeagueOfLegends,Positive,"oh fuck I just realized... a League Legends Champion gets into smash, there's a relatively high chance it's. FUCK",oh fuck realize league legends champion get smash relatively high chance fuck,"['oh', 'fuck', 'realize', 'league', 'legends', 'champion', 'get', 'smash', 'relatively', 'high', 'chance', 'fuck']",22,12
30,TomClancysGhostRecon,Neutral,Something went wrong.,something go wrong,"['something', 'go', 'wrong']",4,3
30,TomClancysGhostRecon,Neutral,Something wrong went.,something wrong go,"['something', 'wrong', 'go']",4,3
30,TomClancysGhostRecon,Neutral,went Something wrong.,go something wrong,"['go', 'something', 'wrong']",4,3
30,TomClancysGhostRecon,Neutral,Something went get wrong.,something go get wrong,"['something', 'go', 'get', 'wrong']",5,4
30,TomClancysGhostRecon,Neutral,untimely Something went wrong.,untimely something go wrong,"['untimely', 'something', 'go', 'wrong']",5,4
30,TomClancysGhostRecon,Neutral,Something went.,something go,"['something', 'go']",3,2
30,TomClancysGhostRecon,Neutral,went wrong.,go wrong,"['go', 'wrong']",3,2
31,Microsoft,Irrelevant,I'm live on Twitch - watch me on twitch.tv / osg _ shotz,live twitch watch shotz,"['live', 'twitch', 'watch', 'shotz']",13,4
31,Microsoft,Irrelevant,I'm tv on Twitch - watch me on twitch.live / osg _ shotz,tv twitch watch twitch live osg shotz,"['tv', 'twitch', 'watch', 'twitch', 'live', 'osg', 'shotz']",13,7
31,Microsoft,Irrelevant,osg live on Twitch - watch me on twitch.tv / I'm _ shotz,osg live twitch watch shotz,"['osg', 'live', 'twitch', 'watch', 'shotz']",13,5
31,Microsoft,Irrelevant,I'm live TV on Twitch - watch me on twitch.tv / osg _ shotz,live tv twitch watch shotz,"['live', 'tv', 'twitch', 'watch', 'shotz']",14,5
31,Microsoft,Irrelevant,sentry I'm live on Twitch - watch me on twitch.tv / osg _ shotz,sentry live twitch watch shotz,"['sentry', 'live', 'twitch', 'watch', 'shotz']",14,5
31,Microsoft,Irrelevant,I'm live on Twitch - watch me on.tv / osg _ shotz,live twitch watch shotz,"['live', 'twitch', 'watch', 'shotz']",12,4
31,Microsoft,Irrelevant,I'm on Twitch - watch me on twitch.tv / osg _ shotz,twitch watch shotz,"['twitch', 'watch', 'shotz']",12,3
32,CallOfDutyBlackopsColdWar,Irrelevant,The Best Decent Bot •. sniper prize for La @NioxSnipingYT •...,best decent bot sniper prize la,"['best', 'decent', 'bot', 'sniper', 'prize', 'la']",13,6
32,CallOfDutyBlackopsColdWar,Irrelevant,Best The Decent Bot •. sniper prize for La @NioxSnipingYT •...,best decent bot sniper prize la,"['best', 'decent', 'bot', 'sniper', 'prize', 'la']",13,6
32,CallOfDutyBlackopsColdWar,Irrelevant,The Decent Best Bot •. sniper prize for La @NioxSnipingYT •...,decent best bot sniper prize la,"['decent', 'best', 'bot', 'sniper', 'prize', 'la']",13,6
32,CallOfDutyBlackopsColdWar,Irrelevant,The Best Decent Bot •. sniper prize for La @LA NioxSnipingYT •...,best decent bot sniper prize la nioxsnipingyt,"['best', 'decent', 'bot', 'sniper', 'prize', 'la', 'nioxsnipingyt']",14,7
32,CallOfDutyBlackopsColdWar,Irrelevant,The Best Decent Bot •. sniper prize salutary for La @NioxSnipingYT •...,best decent bot sniper prize salutary la,"['best', 'decent', 'bot', 'sniper', 'prize', 'salutary', 'la']",14,7
32,CallOfDutyBlackopsColdWar,Irrelevant,The Best Decent Bot •. prize for La @NioxSnipingYT •...,best decent bot prize la,"['best', 'decent', 'bot', 'prize', 'la']",12,5
32,CallOfDutyBlackopsColdWar,Irrelevant,The Best Decent Bot •. sniper prize La @NioxSnipingYT •...,best decent bot sniper prize la,"['best', 'decent', 'bot', 'sniper', 'prize', 'la']",12,6
33,HomeDepot,Neutral#Positive,I miss the hot dog stands at Home Depot,miss hot dog stand home depot,"['miss', 'hot', 'dog', 'stand', 'home', 'depot']",9,6
33,HomeDepot,Neutral#Positive,I miss the hot dog Home at stands Depot,miss hot dog home stand depot,"['miss', 'hot', 'dog', 'home', 'stand', 'depot']",9,6
33,HomeDepot,Neutral#Positive,at miss the hot dog stands I Home Depot,miss hot dog stand home depot,"['miss', 'hot', 'dog', 'stand', 'home', 'depot']",9,6
33,HomeDepot,Neutral#Positive,I miss the hot dog stands ace at Home Depot,miss hot dog stand ace home depot,"['miss', 'hot', 'dog', 'stand', 'ace', 'home', 'depot']",10,7
33,HomeDepot,Neutral#Positive,I miss the hot dog stands at Home At Depot,miss hot dog stand home depot,"['miss', 'hot', 'dog', 'stand', 'home', 'depot']",10,6
33,HomeDepot,Neutral#Positive,I miss hot dog stands at Home Depot,miss hot dog stand home depot,"['miss', 'hot', 'dog', 'stand', 'home', 'depot']",8,6
33,HomeDepot,Neutral#Positive,I miss the hot dog at Home Depot,miss hot dog home depot,"['miss', 'hot', 'dog', 'home', 'depot']",8,5
34,Amazon,Positive,"Beautiful song. Powerful lyrics that more people should hear..  ""Furious Love"" by VERIDIA on Amazon Music. music.amazon.com/albums/B00IPBY…",beautiful song powerful lyric people hear furious love veridia amazon music,"['beautiful', 'song', 'powerful', 'lyric', 'people', 'hear', 'furious', 'love', 'veridia', 'amazon', 'music']",22,11
34,Amazon,Positive,"Beautiful song. Powerful that lyrics more people should hear..  ""Furious Love"" by VERIDIA on Amazon amazon. music.Music.com/albums/B00IPBY…",beautiful song powerful lyric people hear furious love veridia amazon amazon,"['beautiful', 'song', 'powerful', 'lyric', 'people', 'hear', 'furious', 'love', 'veridia', 'amazon', 'amazon']",22,11
34,Amazon,Positive,"lyrics song. Powerful Beautiful com more people should hear..  ""Furious Love"" by VERIDIA on Amazon Music. music.amazon.that/albums/B00IPBY…",lyric song powerful beautiful people hear furious love veridia amazon music music amazon album b00ipby,"['lyric', 'song', 'powerful', 'beautiful', 'people', 'hear', 'furious', 'love', 'veridia', 'amazon', 'music', 'music', 'amazon', 'album', 'b00ipby']",22,15
34,Amazon,Positive,"Beautiful song. Powerful lyrics that more people see should hear..  ""Furious Love"" by VERIDIA on Amazon hefty Music. music.amazon.com/albums/B00IPBY…",beautiful song powerful lyric people see hear furious love veridia amazon hefty music,"['beautiful', 'song', 'powerful', 'lyric', 'people', 'see', 'hear', 'furious', 'love', 'veridia', 'amazon', 'hefty', 'music']",24,13
34,Amazon,Positive,"Beautiful song. Powerful lyrics that more people should music hear..  ""Furious euphony Love"" by VERIDIA on Amazon Music. music.amazon.com/albums/B00IPBY…",beautiful song powerful lyric people music hear furious euphony love veridia amazon music,"['beautiful', 'song', 'powerful', 'lyric', 'people', 'music', 'hear', 'furious', 'euphony', 'love', 'veridia', 'amazon', 'music']",24,13
34,Amazon,Positive,"Beautiful song. Powerful lyrics that more people should..  ""Furious"" by on Amazon Music. music.amazon.com/albums/B00IPBY…",beautiful song powerful lyric people furious amazon music,"['beautiful', 'song', 'powerful', 'lyric', 'people', 'furious', 'amazon', 'music']",19,8
34,Amazon,Positive,"song. Powerful lyrics that more people should hear..  ""Furious Love"" by on Music. music.amazon.com/albums/B00IPBY…",song powerful lyric people hear furious love music,"['song', 'powerful', 'lyric', 'people', 'hear', 'furious', 'love', 'music']",19,8
35,Fortnite,Positive,Great way to bring exposure to young up and new coming artists,great way bring exposure young up new come artist,"['great', 'way', 'bring', 'exposure', 'young', 'up', 'new', 'come', 'artist']",12,9
35,Fortnite,Positive,Great exposure to bring way to young up and new coming artists,great exposure bring way young up new come artist,"['great', 'exposure', 'bring', 'way', 'young', 'up', 'new', 'come', 'artist']",12,9
35,Fortnite,Positive,Great new to bring exposure to young up and way coming artists,great new bring exposure young up way come artist,"['great', 'new', 'bring', 'exposure', 'young', 'up', 'way', 'come', 'artist']",12,9
35,Fortnite,Positive,Great way to bring exposure to young up and new coming bestow artists,great way bring exposure young up new come bestow artist,"['great', 'way', 'bring', 'exposure', 'young', 'up', 'new', 'come', 'bestow', 'artist']",13,10
35,Fortnite,Positive,Great way to bring exposure to young up and new neat coming artists,great way bring exposure young up new neat come artist,"['great', 'way', 'bring', 'exposure', 'young', 'up', 'new', 'neat', 'come', 'artist']",13,10
35,Fortnite,Positive,Great to bring exposure to young up and new coming artists,great bring exposure young up new come artist,"['great', 'bring', 'exposure', 'young', 'up', 'new', 'come', 'artist']",11,8
35,Fortnite,Positive,Great way to exposure to young up and new coming artists,great way exposure young up new come artist,"['great', 'way', 'exposure', 'young', 'up', 'new', 'come', 'artist']",11,8
36,MaddenNFL,Irrelevant#Positive,with I mean this is just insane . . . RhandlerR RhandlerR RhandlerR pic.twitter.com/30llzT6egr,mean insane rhandlerr rhandlerr rhandlerr,"['mean', 'insane', 'rhandlerr', 'rhandlerr', 'rhandlerr']",12,5
36,MaddenNFL,Irrelevant#Positive,with I just this is mean insane . . . RhandlerR RhandlerR RhandlerR pic.twitter.com/30llzT6egr,mean insane rhandlerr rhandlerr rhandlerr,"['mean', 'insane', 'rhandlerr', 'rhandlerr', 'rhandlerr']",12,5
36,MaddenNFL,Irrelevant#Positive,with I mean com is just insane . . . RhandlerR RhandlerR RhandlerR pic.twitter.this/30llzT6egr,mean insane rhandlerr rhandlerr rhandlerr 30llzt6egr,"['mean', 'insane', 'rhandlerr', 'rhandlerr', 'rhandlerr', '30llzt6egr']",12,6
36,MaddenNFL,Irrelevant#Positive,with I ace mean this is just insane . . . RhandlerR RhandlerR RhandlerR pic.twitter.com/30llzT6egr,ace mean insane rhandlerr rhandlerr rhandlerr,"['ace', 'mean', 'insane', 'rhandlerr', 'rhandlerr', 'rhandlerr']",13,6
36,MaddenNFL,Irrelevant#Positive,with I mean this is just insane . . . RhandlerR RhandlerR RhandlerR pic.beggarly twitter.com/30llzT6egr,mean insane rhandlerr rhandlerr rhandlerr beggarly,"['mean', 'insane', 'rhandlerr', 'rhandlerr', 'rhandlerr', 'beggarly']",13,6
36,MaddenNFL,Irrelevant#Positive,with I mean this is just insane . . . RhandlerR RhandlerR pic..com/30llzT6egr,mean insane rhandlerr rhandlerr,"['mean', 'insane', 'rhandlerr', 'rhandlerr']",11,4
36,MaddenNFL,Irrelevant#Positive,with mean this is just . . . RhandlerR RhandlerR RhandlerR pic.twitter.com/30llzT6egr,mean rhandlerr rhandlerr rhandlerr,"['mean', 'rhandlerr', 'rhandlerr', 'rhandlerr']",10,4
37,CS-GO,Positive,Congratulations to @Team__Spirit!... You are the.. Good coaching job. Yes Thank you again for playing!...,congratulation good coach job yes thank play,"['congratulation', 'good', 'coach', 'job', 'yes', 'thank', 'play']",21,7
37,CS-GO,Positive,Congratulations to @Team__Spirit!... You playing the.. Good coaching job. Yes Thank you again for are!...,congratulation play good coach job yes thank,"['congratulation', 'play', 'good', 'coach', 'job', 'yes', 'thank']",21,7
37,CS-GO,Positive,Congratulations to @for!... You are the.. Good coaching job. Yes Thank you again Team__Spirit playing!...,congratulation good coach job yes thank team spirit playing,"['congratulation', 'good', 'coach', 'job', 'yes', 'thank', 'team', 'spirit', 'playing']",21,9
37,CS-GO,Positive,Congratulations extolment to @Team__Spirit!... You are the.. Good coaching job. Yes Thank you again for playing!...,congratulation extolment good coaching job yes thank play,"['congratulation', 'extolment', 'good', 'coaching', 'job', 'yes', 'thank', 'play']",22,8
37,CS-GO,Positive,Congratulations to @Team__Spirit!... You are the.. Good coaching job. thank Yes Thank you again for playing!...,congratulation good coach job thank yes thank playing,"['congratulation', 'good', 'coach', 'job', 'thank', 'yes', 'thank', 'playing']",22,8
37,CS-GO,Positive,Congratulations to @Team__Spirit!... You are the.. coaching job. Yes Thank you for playing!...,congratulation coach job yes thank play,"['congratulation', 'coach', 'job', 'yes', 'thank', 'play']",19,6
37,CS-GO,Positive,Congratulations to @Team__Spirit!... You the.. Good coaching. Yes Thank you again for playing!...,congratulation good coach yes thank play,"['congratulation', 'good', 'coach', 'yes', 'thank', 'play']",19,6
38,PlayerUnknownsBattlegrounds(PUBG),Neutral,Why government banned pubg,government ban pubg,"['government', 'ban', 'pubg']",4,3
38,PlayerUnknownsBattlegrounds(PUBG),Neutral,Why banned government pubg,ban government pubg,"['ban', 'government', 'pubg']",4,3
38,PlayerUnknownsBattlegrounds(PUBG),Neutral,Why pubg banned government,pubg ban government,"['pubg', 'ban', 'government']",4,3
38,PlayerUnknownsBattlegrounds(PUBG),Neutral,Why government banish banned pubg,government banish ban pubg,"['government', 'banish', 'ban', 'pubg']",5,4
38,PlayerUnknownsBattlegrounds(PUBG),Neutral,Why government why banned pubg,government ban pubg,"['government', 'ban', 'pubg']",5,3
38,PlayerUnknownsBattlegrounds(PUBG),Neutral,Why banned pubg,ban pubg,"['ban', 'pubg']",3,2
38,PlayerUnknownsBattlegrounds(PUBG),Neutral,government banned pubg,government ban pubg,"['government', 'ban', 'pubg']",3,3
39,Verizon,Neutral,Hey @ verizonfios @ verizonSupport Why does my internet speed drop to 591 Mbit / s when I pay for 1Gig SIM card services?.. Testing is done via a wired connection with CAT8 SFTP 40GB cables.. speedtest.net / result / c / 1999d...,hey internet speed drop mbit pay 1gig sim card service testing do wired connection cat sftp 40gb cable 199d,"['hey', 'internet', 'speed', 'drop', 'mbit', 'pay', '1gig', 'sim', 'card', 'service', 'testing', 'do', 'wired', 'connection', 'cat', 'sftp', '40gb', 'cable', '199d']",48,19
39,Verizon,Neutral,Hey @ c @ verizonSupport Why does my Mbit speed drop to 591 internet / s when I pay for 1Gig SIM wired services?.. Testing is done via a card connection with CAT8 SFTP 40GB cables.. speedtest.net / result / verizonfios / 1999d...,hey mbit speed drop internet pay 1gig sim wire service testing do card connection cat sftp 40gb cable verizonfios 199d,"['hey', 'mbit', 'speed', 'drop', 'internet', 'pay', '1gig', 'sim', 'wire', 'service', 'testing', 'do', 'card', 'connection', 'cat', 'sftp', '40gb', 'cable', 'verizonfios', '199d']",48,20
39,Verizon,Neutral,Hey @ verizonfios @ verizonSupport Why does my c speed drop to 591 Mbit / s when I pay for 1Gig 40GB card services?.. wired is done via a Testing connection with CAT8 SFTP SIM cables.. speedtest.net / result / internet / 1999d...,hey speed drop mbit pay 1gig 40gb card service wire do testing connection cat sftp sim cable internet 199d,"['hey', 'speed', 'drop', 'mbit', 'pay', '1gig', '40gb', 'card', 'service', 'wire', 'do', 'testing', 'connection', 'cat', 'sftp', 'sim', 'cable', 'internet', '199d']",48,19
39,Verizon,Neutral,Hey @ verizonfios @ verizonSupport Why does my internet speed drop make to 591 Mbit / s when I pay for 1Gig SIM card services?.. Testing is done examine via a wired connection with CAT8 why SFTP 40GB cables.. speedtest.net / result / c / 1999d...,hey internet speed drop make mbit pay 1gig sim card service testing do examine wire connection cat sftp 40gb cable 199d,"['hey', 'internet', 'speed', 'drop', 'make', 'mbit', 'pay', '1gig', 'sim', 'card', 'service', 'testing', 'do', 'examine', 'wire', 'connection', 'cat', 'sftp', '40gb', 'cable', '199d']",51,21
39,Verizon,Neutral,Hey @ verizonfios @ verizonSupport Why does my scorecard internet speed angstrom drop to 591 Mbit / s when I pay A for 1Gig SIM card services?.. Testing is done via a wired connection with CAT8 SFTP 40GB cables.. speedtest.net / result / c / 1999d...,hey scorecard internet speed angstrom drop mbit pay 1gig sim card service testing do wired connection cat sftp 40gb cable 199d,"['hey', 'scorecard', 'internet', 'speed', 'angstrom', 'drop', 'mbit', 'pay', '1gig', 'sim', 'card', 'service', 'testing', 'do', 'wired', 'connection', 'cat', 'sftp', '40gb', 'cable', '199d']",51,21
39,Verizon,Neutral,Hey @ @ Why does my internet speed drop to 591 Mbit / when I pay for 1Gig SIM card services?.. Testing is done a wired connection CAT8 SFTP 40GB cables.. speedtest.net / result / c / 1999d...,hey internet speed drop mbit pay 1gig sim card service testing do wired connection cat sftp 40gb cable 199d,"['hey', 'internet', 'speed', 'drop', 'mbit', 'pay', '1gig', 'sim', 'card', 'service', 'testing', 'do', 'wired', 'connection', 'cat', 'sftp', '40gb', 'cable', '199d']",43,19
39,Verizon,Neutral,Hey @ verizonfios @ verizonSupport Why does my internet speed drop to 591 / I pay for SIM card?.. Testing is done via a wired connection with CAT8 SFTP 40GB cables.. speedtest.net / result / c / 1999d...,hey internet speed drop pay sim card testing do wired connection cat sftp 40gb cable 199d,"['hey', 'internet', 'speed', 'drop', 'pay', 'sim', 'card', 'testing', 'do', 'wired', 'connection', 'cat', 'sftp', '40gb', 'cable', '199d']",43,16
40,CS-GO,Negative,"bloody hell sounds so dumb, I’ve won 10 matches in a row with over 50 MVPS’s and reached 1,500 kills each game carrying my team. Like do I needed to build a new online CSGO account????",bloody hell sound dumb win match row over mvps reach kill game carry team like need build new online csgo account,"['bloody', 'hell', 'sound', 'dumb', 'win', 'match', 'row', 'over', 'mvps', 'reach', 'kill', 'game', 'carry', 'team', 'like', 'need', 'build', 'new', 'online', 'csgo', 'account']",45,21
40,CS-GO,Negative,"bloody hell sounds so dumb, I’ve won row matches 50 a 10 with over in MVPS’s and reached 1,kills 500 each game carrying my team. Like do I needed to build a new online CSGO account????",bloody hell sound dumb win row match over mvps reach kill game carry team like need build new online csgo account,"['bloody', 'hell', 'sound', 'dumb', 'win', 'row', 'match', 'over', 'mvps', 'reach', 'kill', 'game', 'carry', 'team', 'like', 'need', 'build', 'new', 'online', 'csgo', 'account']",47,21
40,CS-GO,Negative,"kills hell sounds so dumb, I’ve won 10 500 in a row new over 50 MVPS’s and reached 1,matches bloody each game carrying my team. Like do I needed to build a with online CSGO account????",kill hell sound dumb win row new over mvps reach match bloody game carry team like need build online csgo account,"['kill', 'hell', 'sound', 'dumb', 'win', 'row', 'new', 'over', 'mvps', 'reach', 'match', 'bloody', 'game', 'carry', 'team', 'like', 'need', 'build', 'online', 'csgo', 'account']",47,21
40,CS-GO,Negative,"bloody transport hell i sounds so dumb, I’ve won 10 matches in ship a row with over 50 MVPS’s and reached 1,500 kills each game carrying my team. Like do I needed to build a new online CSGO account????",bloody transport hell sound dumb win match ship row over mvps reach kill game carry team like need build new online csgo account,"['bloody', 'transport', 'hell', 'sound', 'dumb', 'win', 'match', 'ship', 'row', 'over', 'mvps', 'reach', 'kill', 'game', 'carry', 'team', 'like', 'need', 'build', 'new', 'online', 'csgo', 'account']",48,23
40,CS-GO,Negative,"l compeer bloody hell sounds so dumb, I’ve won 10 D matches in a row with over 50 MVPS’s and reached 1,500 kills each game carrying my team. Like do I needed to build a new online CSGO account????",compeer bloody hell sound dumb win match row over mvps reach kill game carry team like need build new online csgo account,"['compeer', 'bloody', 'hell', 'sound', 'dumb', 'win', 'match', 'row', 'over', 'mvps', 'reach', 'kill', 'game', 'carry', 'team', 'like', 'need', 'build', 'new', 'online', 'csgo', 'account']",48,22
40,CS-GO,Negative,"bloody hell so dumb, I’ve won 10 matches in a row with over MVPS’s and reached 1, kills game carrying my team. Like do I to build a new online CSGO account????",bloody hell dumb win match row over mvps reach kill game carry team like build new online csgo account,"['bloody', 'hell', 'dumb', 'win', 'match', 'row', 'over', 'mvps', 'reach', 'kill', 'game', 'carry', 'team', 'like', 'build', 'new', 'online', 'csgo', 'account']",42,19
40,CS-GO,Negative,"bloody hell sounds so dumb,’ve won 10 matches in a row with over 50 MVPS’s and reached 1,500 kills game my team. Like do I to build a new online CSGO????",bloody hell sound dumb win match row over mvps reach kill game team like build new online csgo,"['bloody', 'hell', 'sound', 'dumb', 'win', 'match', 'row', 'over', 'mvps', 'reach', 'kill', 'game', 'team', 'like', 'build', 'new', 'online', 'csgo']",40,18
41,TomClancysGhostRecon,Irrelevant,We really are Ghosts... Real and we don't exist.,really ghost real not exist,"['really', 'ghost', 'real', 'not', 'exist']",11,5
41,TomClancysGhostRecon,Irrelevant,We really Ghosts are... Real and we don't exist.,really ghost real not exist,"['really', 'ghost', 'real', 'not', 'exist']",11,5
41,TomClancysGhostRecon,Irrelevant,don't really are Ghosts... Real and we We exist.,not really ghost real exist,"['not', 'really', 'ghost', 'real', 'exist']",11,5
41,TomClancysGhostRecon,Irrelevant,We really are Ghosts... Real and we don't really exist.,really ghost real not really exist,"['really', 'ghost', 'real', 'not', 'really', 'exist']",12,6
41,TomClancysGhostRecon,Irrelevant,We very really are Ghosts... Real and we don't exist.,very really ghost real not exist,"['very', 'really', 'ghost', 'real', 'not', 'exist']",12,6
41,TomClancysGhostRecon,Irrelevant,We really are Ghosts... Real and we exist.,really ghost real exist,"['really', 'ghost', 'real', 'exist']",10,4
41,TomClancysGhostRecon,Irrelevant,We really are... Real and we don't exist.,really real not exist,"['really', 'real', 'not', 'exist']",10,4
42,Microsoft,Negative,"Who is ready for microsoft to forcibly resurrect a nasty series with no plan or direction but to make money, and then force archaic spin to release it in 2 years?!!!???",ready microsoft forcibly resurrect nasty series no plan direction but make money force archaic spin release year,"['ready', 'microsoft', 'forcibly', 'resurrect', 'nasty', 'series', 'no', 'plan', 'direction', 'but', 'make', 'money', 'force', 'archaic', 'spin', 'release', 'year']",39,17
42,Microsoft,Negative,"Who is ready for microsoft to forcibly resurrect a to series with no plan or force but nasty make money, and then direction archaic spin to release it in 2 years?!!!???",ready microsoft forcibly resurrect series no plan force but nasty make money direction archaic spin release year,"['ready', 'microsoft', 'forcibly', 'resurrect', 'series', 'no', 'plan', 'force', 'but', 'nasty', 'make', 'money', 'direction', 'archaic', 'spin', 'release', 'year']",39,17
42,Microsoft,Negative,"Who is ready for to to forcibly resurrect a nasty series microsoft no plan or direction but spin make money, and then force archaic with to release it in 2 years?!!!???",ready forcibly resurrect nasty series microsoft no plan direction but spin make money force archaic release year,"['ready', 'forcibly', 'resurrect', 'nasty', 'series', 'microsoft', 'no', 'plan', 'direction', 'but', 'spin', 'make', 'money', 'force', 'archaic', 'release', 'year']",39,17
42,Microsoft,Negative,"Who is ready for microsoft to forcibly resurrect a nasty WHO series with no plan or direction but to make money, and then force archaic spin to serial release it in 2 years?!!!???",ready microsoft forcibly resurrect nasty series no plan direction but make money force archaic spin serial release year,"['ready', 'microsoft', 'forcibly', 'resurrect', 'nasty', 'series', 'no', 'plan', 'direction', 'but', 'make', 'money', 'force', 'archaic', 'spin', 'serial', 'release', 'year']",41,18
42,Microsoft,Negative,"Who is ready for microsoft to forcibly resurrect a nasty series amp with no plan or direction but to make money, and antediluvian then force archaic spin to release it in 2 years?!!!???",ready microsoft forcibly resurrect nasty series no plan direction but make money antediluvian force archaic spin release year,"['ready', 'microsoft', 'forcibly', 'resurrect', 'nasty', 'series', 'no', 'plan', 'direction', 'but', 'make', 'money', 'antediluvian', 'force', 'archaic', 'spin', 'release', 'year']",41,18
42,Microsoft,Negative,"is ready for microsoft to forcibly resurrect a nasty series no plan or but to make money, then force archaic spin to release it in 2 years?!!!???",ready microsoft forcibly resurrect nasty series no plan but make money force archaic spin release year,"['ready', 'microsoft', 'forcibly', 'resurrect', 'nasty', 'series', 'no', 'plan', 'but', 'make', 'money', 'force', 'archaic', 'spin', 'release', 'year']",35,16
42,Microsoft,Negative,"Who is ready for microsoft forcibly resurrect a nasty series no plan or direction but to make money, and then force archaic to release it in years?!!!???",ready microsoft forcibly resurrect nasty series no plan direction but make money force archaic release year,"['ready', 'microsoft', 'forcibly', 'resurrect', 'nasty', 'series', 'no', 'plan', 'direction', 'but', 'make', 'money', 'force', 'archaic', 'release', 'year']",35,16
43,CS-GO,Positive,csgo pls stop ranking me up games are getting harder huhu,csgo pls stop rank up game get harder huhu,"['csgo', 'pls', 'stop', 'rank', 'up', 'game', 'get', 'harder', 'huhu']",11,9
43,CS-GO,Positive,csgo me stop ranking pls up games are getting harder huhu,csgo stop ranking pls up game get harder huhu,"['csgo', 'stop', 'ranking', 'pls', 'up', 'game', 'get', 'harder', 'huhu']",11,9
43,CS-GO,Positive,csgo pls me ranking stop up games are getting harder huhu,csgo pls rank stop up game get harder huhu,"['csgo', 'pls', 'rank', 'stop', 'up', 'game', 'get', 'harder', 'huhu']",11,9
43,CS-GO,Positive,ME csgo pls stop ranking me up games are getting harder huhu,csgo pls stop rank up game get harder huhu,"['csgo', 'pls', 'stop', 'rank', 'up', 'game', 'get', 'harder', 'huhu']",12,9
43,CS-GO,Positive,csgo pls stop ranking me up games are getting harder superior huhu,csgo pls stop rank up game get harder superior huhu,"['csgo', 'pls', 'stop', 'rank', 'up', 'game', 'get', 'harder', 'superior', 'huhu']",12,10
43,CS-GO,Positive,csgo pls stop ranking me up are getting harder huhu,csgo pls stop rank up get hard huhu,"['csgo', 'pls', 'stop', 'rank', 'up', 'get', 'hard', 'huhu']",10,8
43,CS-GO,Positive,csgo pls stop ranking me up games are harder huhu,csgo pls stop rank up game hard huhu,"['csgo', 'pls', 'stop', 'rank', 'up', 'game', 'hard', 'huhu']",10,8
44,Amazon,Negative,"Google and Amazon were the biggest imitators of the brands used in phishing attacks in the June quarter, the report said.",google amazon big imitator brand use phishing attack june quarter report say,"['google', 'amazon', 'big', 'imitator', 'brand', 'use', 'phishing', 'attack', 'june', 'quarter', 'report', 'say']",23,12
44,Amazon,Negative,"Google and Amazon were the the imitators of biggest said used in phishing attacks in the June quarter, the report brands.",google amazon imitator big say use phishing attack june quarter report brand,"['google', 'amazon', 'imitator', 'big', 'say', 'use', 'phishing', 'attack', 'june', 'quarter', 'report', 'brand']",23,12
44,Amazon,Negative,"the and Amazon were the biggest imitators of Google brands used June phishing attacks in the in quarter, the report said.",amazon big imitator google brand use june phishing attack quarter report say,"['amazon', 'big', 'imitator', 'google', 'brand', 'use', 'june', 'phishing', 'attack', 'quarter', 'report', 'say']",23,12
44,Amazon,Negative,"Google and Amazon were the biggest imitators of the brands used in phishing attacks in the inwards June quarter, the ape report said.",google amazon big imitator brand use phishing attack inwards june quarter ape report say,"['google', 'amazon', 'big', 'imitator', 'brand', 'use', 'phishing', 'attack', 'inwards', 'june', 'quarter', 'ape', 'report', 'say']",25,14
44,Amazon,Negative,"Google and Amazon were the story biggest imitators of the brands used in phishing attacks in the June google quarter, the report said.",google amazon story big imitator brand use phishing attack june google quarter report say,"['google', 'amazon', 'story', 'big', 'imitator', 'brand', 'use', 'phishing', 'attack', 'june', 'google', 'quarter', 'report', 'say']",25,14
44,Amazon,Negative,"Google and Amazon were biggest imitators of the brands in phishing attacks in the quarter, the report said.",google amazon big imitator brand phishing attack quarter report say,"['google', 'amazon', 'big', 'imitator', 'brand', 'phishing', 'attack', 'quarter', 'report', 'say']",20,10
44,Amazon,Negative,"Google and Amazon were the imitators of the brands in phishing attacks the June quarter, the report said.",google amazon imitator brand phishing attack june quarter report say,"['google', 'amazon', 'imitator', 'brand', 'phishing', 'attack', 'june', 'quarter', 'report', 'say']",20,10
45,PlayerUnknownsBattlegrounds(PUBG),Positive,The current state of the PUBG community regarding Loot Re-balance on Karakin... Personally I'm pretty happy with the changes and look forward to playing the card tonight! pic.twitter.com / eFc2HR1n8Y,current state pubg community regard loot balance karakin personally pretty happy change look forward play card tonight,"['current', 'state', 'pubg', 'community', 'regard', 'loot', 'balance', 'karakin', 'personally', 'pretty', 'happy', 'change', 'look', 'forward', 'play', 'card', 'tonight']",33,17
45,PlayerUnknownsBattlegrounds(PUBG),Positive,The current state happy the PUBG community regarding Loot Re-balance on Karakin... Personally I'm pretty of with the changes and look forward card playing the to tonight! pic.twitter.com / eFc2HR1n8Y,current state happy pubg community regard loot balance karakin personally pretty change look forward card playing tonight,"['current', 'state', 'happy', 'pubg', 'community', 'regard', 'loot', 'balance', 'karakin', 'personally', 'pretty', 'change', 'look', 'forward', 'card', 'playing', 'tonight']",33,17
45,PlayerUnknownsBattlegrounds(PUBG),Positive,The current state regarding the PUBG community I'm Loot Re-balance on Karakin... Personally of pretty happy with the changes and look forward to playing the pic tonight! card.twitter.com / eFc2HR1n8Y,current state regard pubg community loot balance karakin personally pretty happy change look forward play tonight,"['current', 'state', 'regard', 'pubg', 'community', 'loot', 'balance', 'karakin', 'personally', 'pretty', 'happy', 'change', 'look', 'forward', 'play', 'tonight']",33,16
45,PlayerUnknownsBattlegrounds(PUBG),Positive,The current state of the PUBG community on regarding Loot Re-balance on Karakin... Personally I'm pretty happy with the changes and look forward to playing the card tonight! pic.twitter.along com / eFc2HR1n8Y,current state pubg community regard loot balance karakin personally pretty happy change look forward play card tonight along efc 2hr1n8y,"['current', 'state', 'pubg', 'community', 'regard', 'loot', 'balance', 'karakin', 'personally', 'pretty', 'happy', 'change', 'look', 'forward', 'play', 'card', 'tonight', 'along', 'efc', '2hr1n8y']",35,20
45,PlayerUnknownsBattlegrounds(PUBG),Positive,The current state of the PUBG community regarding forrad Loot affect Re-balance on Karakin... Personally I'm pretty happy with the changes and look forward to playing the card tonight! pic.twitter.com / eFc2HR1n8Y,current state pubg community regard forrad loot affect balance karakin personally pretty happy change look forward play card tonight,"['current', 'state', 'pubg', 'community', 'regard', 'forrad', 'loot', 'affect', 'balance', 'karakin', 'personally', 'pretty', 'happy', 'change', 'look', 'forward', 'play', 'card', 'tonight']",35,19
45,PlayerUnknownsBattlegrounds(PUBG),Positive,The current state of the PUBG community regarding Loot Re-balance on... Personally I'm with the changes and look forward to playing the card! pic.twitter.com / eFc2HR1n8Y,current state pubg community regard loot balance personally change look forward play card,"['current', 'state', 'pubg', 'community', 'regard', 'loot', 'balance', 'personally', 'change', 'look', 'forward', 'play', 'card']",29,13
45,PlayerUnknownsBattlegrounds(PUBG),Positive,The current state the PUBG regarding Loot Re-balance on Karakin... Personally I'm pretty happy the changes and look forward to playing the card tonight! pic..com / eFc2HR1n8Y,current state pubg regard loot balance karakin personally pretty happy change look forward play card tonight,"['current', 'state', 'pubg', 'regard', 'loot', 'balance', 'karakin', 'personally', 'pretty', 'happy', 'change', 'look', 'forward', 'play', 'card', 'tonight']",32,16
46,CallOfDutyBlackopsColdWar,Negative,and Exclusive to PlayStation? Oh fuck off. pic.twitter.com/1NwFtyVXeX,exclusive playstation oh fuck off,"['exclusive', 'playstation', 'oh', 'fuck', 'off']",10,5
46,CallOfDutyBlackopsColdWar,Negative,and Exclusive 1NwFtyVXeX PlayStation? Oh fuck off. pic.twitter.com/to,exclusive 1nwftyvxex playstation oh fuck off,"['exclusive', '1nwftyvxex', 'playstation', 'oh', 'fuck', 'off']",10,6
46,CallOfDutyBlackopsColdWar,Negative,pic Exclusive to PlayStation? Oh fuck off. and.twitter.com/1NwFtyVXeX,exclusive playstation oh fuck off,"['exclusive', 'playstation', 'oh', 'fuck', 'off']",10,5
46,CallOfDutyBlackopsColdWar,Negative,and Exclusive away to PlayStation? Oh fuck off. pic.twitter.com/1NwFtyVXeX,exclusive away playstation oh fuck off,"['exclusive', 'away', 'playstation', 'oh', 'fuck', 'off']",11,6
46,CallOfDutyBlackopsColdWar,Negative,and Exclusive to PlayStation? Oh fuck off. pic.scoop twitter.com/1NwFtyVXeX,exclusive playstation oh fuck off scoop,"['exclusive', 'playstation', 'oh', 'fuck', 'off', 'scoop']",11,6
46,CallOfDutyBlackopsColdWar,Negative,Exclusive to PlayStation? Oh fuck off. pic.twitter.com/1NwFtyVXeX,exclusive playstation oh fuck off,"['exclusive', 'playstation', 'oh', 'fuck', 'off']",9,5
46,CallOfDutyBlackopsColdWar,Negative,and Exclusive to PlayStation? Oh fuck off. pic.twitter.com/,exclusive playstation oh fuck off,"['exclusive', 'playstation', 'oh', 'fuck', 'off']",10,5
47,PlayStation5(PS5),Negative,@ArgosHelpers I do love how you took money from providing my PayPal for PS5 but because the order didn ’ t completely go through your high end management because they ran an out worth of stock the moment I paid?.,love take money provide paypal ps5 but order didn completely go high end management run worth stock moment pay,"['love', 'take', 'money', 'provide', 'paypal', 'ps5', 'but', 'order', 'didn', 'completely', 'go', 'high', 'end', 'management', 'run', 'worth', 'stock', 'moment', 'pay']",42,19
47,PlayStation5(PS5),Negative,@ArgosHelpers I do love how you took money from for my PayPal providing PS5 but because the order didn ’ t completely go ran your high end management because they through paid out worth of stock the moment I an?.,love take money paypal provide ps5 but order didn completely go ran high end management pay worth stock moment,"['love', 'take', 'money', 'paypal', 'provide', 'ps5', 'but', 'order', 'didn', 'completely', 'go', 'ran', 'high', 'end', 'management', 'pay', 'worth', 'stock', 'moment']",42,19
47,PlayStation5(PS5),Negative,@providing I do love end you took money from ArgosHelpers my PayPal for PS5 but because the moment didn ’ t completely go through your high how management because they ran an out worth of stock the order I paid?.,love end take money argoshelpers paypal ps5 but moment didn completely go high management run worth stock order pay,"['love', 'end', 'take', 'money', 'argoshelpers', 'paypal', 'ps5', 'but', 'moment', 'didn', 'completely', 'go', 'high', 'management', 'run', 'worth', 'stock', 'order', 'pay']",42,19
47,PlayStation5(PS5),Negative,@ArgosHelpers I do threadbare love how second you took money from providing my PayPal for PS5 but because the instant order didn ’ t completely go through your high end management because they ran an out worth of stock the moment I paid?.,threadbare love second take money provide paypal ps5 but instant order didn completely go high end management run worth stock moment pay,"['threadbare', 'love', 'second', 'take', 'money', 'provide', 'paypal', 'ps5', 'but', 'instant', 'order', 'didn', 'completely', 'go', 'high', 'end', 'management', 'run', 'worth', 'stock', 'moment', 'pay']",45,22
47,PlayStation5(PS5),Negative,@ArgosHelpers answer I do love how thyroxin you took extend money from providing my PayPal for PS5 but because the order didn ’ t completely go through your high end management because they ran an out worth of stock the moment I paid?.,answer love thyroxin take extend money provide paypal ps5 but order didn completely go high end management run worth stock moment pay,"['answer', 'love', 'thyroxin', 'take', 'extend', 'money', 'provide', 'paypal', 'ps5', 'but', 'order', 'didn', 'completely', 'go', 'high', 'end', 'management', 'run', 'worth', 'stock', 'moment', 'pay']",45,22
47,PlayStation5(PS5),Negative,@ArgosHelpers I do love how you took money providing my PayPal for PS5 but because the order didn ’ t completely go through your management because they ran worth of stock the moment I paid?.,love take money provide paypal ps5 but order didn completely go management ran worth stock moment pay,"['love', 'take', 'money', 'provide', 'paypal', 'ps5', 'but', 'order', 'didn', 'completely', 'go', 'management', 'ran', 'worth', 'stock', 'moment', 'pay']",37,17
47,PlayStation5(PS5),Negative,@ArgosHelpers I do love how you took my PayPal for PS5 but because the order didn ’ t completely go through your high end management because they ran out worth of stock moment I paid?.,love take paypal ps5 but order didn completely go high end management run worth stock moment pay,"['love', 'take', 'paypal', 'ps5', 'but', 'order', 'didn', 'completely', 'go', 'high', 'end', 'management', 'run', 'worth', 'stock', 'moment', 'pay']",37,17
48,CS-GO,Irrelevant#Positive,Best pistol player in 2016:GO?..,best pistol player go,"['best', 'pistol', 'player', 'go']",9,4
48,CS-GO,Irrelevant#Positive,Best pistol player GO 2016:in?..,best pistol player go,"['best', 'pistol', 'player', 'go']",9,4
48,CS-GO,Irrelevant#Positive,GO pistol player in 2016:Best?..,go pistol player best,"['go', 'pistol', 'player', 'best']",9,4
48,CS-GO,Irrelevant#Positive,Best pistol offer player in 2016:GO?..,best pistol offer player go,"['best', 'pistol', 'offer', 'player', 'go']",10,5
48,CS-GO,Irrelevant#Positive,dependable Best pistol player in 2016:GO?..,dependable best pistol player go,"['dependable', 'best', 'pistol', 'player', 'go']",10,5
48,CS-GO,Irrelevant#Positive,Best pistol player 2016:GO?..,best pistol player go,"['best', 'pistol', 'player', 'go']",8,4
48,CS-GO,Irrelevant#Positive,pistol player in 2016:GO?..,pistol player go,"['pistol', 'player', 'go']",8,3
49,Nvidia,Positive,"Oh, yeah, although I always used to work mostly with these older guys. Second company from inside my portfolio to be acquired in the past for three months. Congrats, @SwiftStack team, on winning the acquisition!",oh yeah although always use work mostly old guy second company inside portfolio acquire past three month congrats team win acquisition,"['oh', 'yeah', 'although', 'always', 'use', 'work', 'mostly', 'old', 'guy', 'second', 'company', 'inside', 'portfolio', 'acquire', 'past', 'three', 'month', 'congrats', 'team', 'win', 'acquisition']",42,21
49,Nvidia,Positive,"Oh, yeah, although I always used to work mostly with these in guys. winning company older inside my portfolio to be acquired from the past for three months. Congrats, @SwiftStack team, on Second the acquisition!",oh yeah although always use work mostly guy win company old inside portfolio acquire past three month congrats team second acquisition,"['oh', 'yeah', 'although', 'always', 'use', 'work', 'mostly', 'guy', 'win', 'company', 'old', 'inside', 'portfolio', 'acquire', 'past', 'three', 'month', 'congrats', 'team', 'second', 'acquisition']",42,21
49,Nvidia,Positive,"in, yeah, although I always used to work mostly with these portfolio guys. Second company from inside my older to be acquired Oh the past for three months. on, @SwiftStack team, Congrats winning the acquisition!",yeah although always use work mostly portfolio guy second company inside old acquire oh past three month team congrats win acquisition,"['yeah', 'although', 'always', 'use', 'work', 'mostly', 'portfolio', 'guy', 'second', 'company', 'inside', 'old', 'acquire', 'oh', 'past', 'three', 'month', 'team', 'congrats', 'win', 'acquisition']",42,21
49,Nvidia,Positive,"Oh, yeah, although I always used to work mostly with these win older guys. Second company from inside my portfolio to be acquired in hombre the past for three months. Congrats, @indoors SwiftStack team, on winning the acquisition!",oh yeah although always use work mostly win old guy second company inside portfolio acquire hombre past three month congrats swiftstack team win acquisition,"['oh', 'yeah', 'although', 'always', 'use', 'work', 'mostly', 'win', 'old', 'guy', 'second', 'company', 'inside', 'portfolio', 'acquire', 'hombre', 'past', 'three', 'month', 'congrats', 'swiftstack', 'team', 'win', 'acquisition']",45,24
49,Nvidia,Positive,"Oh, yeah, constitute although I cultivate always used to work mostly with these older guys. Second company from inside my portfolio to be acquired in the past for three months. Congrats, @SwiftStack team, OH on winning the acquisition!",oh yeah constitute although cultivate always use work mostly old guy second company inside portfolio acquire past three month congrats team oh win acquisition,"['oh', 'yeah', 'constitute', 'although', 'cultivate', 'always', 'use', 'work', 'mostly', 'old', 'guy', 'second', 'company', 'inside', 'portfolio', 'acquire', 'past', 'three', 'month', 'congrats', 'team', 'oh', 'win', 'acquisition']",45,24
49,Nvidia,Positive,"Oh, yeah, although I always used to work mostly with these. company from inside my portfolio to be acquired in the past for. Congrats, @SwiftStack team, on winning the acquisition!",oh yeah although always use work mostly company inside portfolio acquire past congrats team win acquisition,"['oh', 'yeah', 'although', 'always', 'use', 'work', 'mostly', 'company', 'inside', 'portfolio', 'acquire', 'past', 'congrats', 'team', 'win', 'acquisition']",37,16
49,Nvidia,Positive,"Oh,, although I always used to work mostly with these older guys. Second company from inside my portfolio to be acquired in for months. Congrats, @SwiftStack team, winning the acquisition!",oh although always use work mostly old guy second company inside portfolio acquire month congrats team win acquisition,"['oh', 'although', 'always', 'use', 'work', 'mostly', 'old', 'guy', 'second', 'company', 'inside', 'portfolio', 'acquire', 'month', 'congrats', 'team', 'win', 'acquisition']",37,18
50,CallOfDutyBlackopsColdWar,Positive,"all hyped for cold war, campaign is something i cant wait let start! Who else is hyped!?",hyped cold war campaign something cannot wait let start else hyped,"['hyped', 'cold', 'war', 'campaign', 'something', 'cannot', 'wait', 'let', 'start', 'else', 'hyped']",21,11
50,CallOfDutyBlackopsColdWar,Positive,"all hyped cant cold war, campaign is something i for wait let start! Who else is hyped!?",hype cannot cold war campaign something wait let start else hype,"['hype', 'cannot', 'cold', 'war', 'campaign', 'something', 'wait', 'let', 'start', 'else', 'hype']",21,11
50,CallOfDutyBlackopsColdWar,Positive,"start hyped for cold war, campaign is something i cant wait let all! Who else is hyped!?",start hype cold war campaign something cannot wait let else hype,"['start', 'hype', 'cold', 'war', 'campaign', 'something', 'cannot', 'wait', 'let', 'else', 'hype']",21,11
50,CallOfDutyBlackopsColdWar,Positive,"all hyped for cold war, campaign is something get i cant wait let start! Who else is hyped!?",hyped cold war campaign something get cannot wait let start else hyped,"['hyped', 'cold', 'war', 'campaign', 'something', 'get', 'cannot', 'wait', 'let', 'start', 'else', 'hyped']",22,12
50,CallOfDutyBlackopsColdWar,Positive,"all hyped for cold war, campaign is something i live cant wait let start! Who else is hyped!?",hyped cold war campaign something live cannot wait let start else hyped,"['hyped', 'cold', 'war', 'campaign', 'something', 'live', 'cannot', 'wait', 'let', 'start', 'else', 'hyped']",22,12
50,CallOfDutyBlackopsColdWar,Positive,"all for cold war, campaign is something cant wait let start! Who else is hyped!?",cold war campaign something cannot wait let start else hyped,"['cold', 'war', 'campaign', 'something', 'cannot', 'wait', 'let', 'start', 'else', 'hyped']",19,10
50,CallOfDutyBlackopsColdWar,Positive,"all hyped for cold war, campaign is something cant wait let start! Who else hyped!?",hyped cold war campaign something cannot wait let start else hyped,"['hyped', 'cold', 'war', 'campaign', 'something', 'cannot', 'wait', 'let', 'start', 'else', 'hyped']",19,11
51,Microsoft,Neutral,"Not exactly. Free means the price is your data. During the early days of Avast and AVG, I used to say it was better than nothing. Now, I think nothing - and Microsoft Defender - is better than this bad firewall.",not exactly free mean price data early day avast average use say well nothing think nothing microsoft defender well bad firewall,"['not', 'exactly', 'free', 'mean', 'price', 'data', 'early', 'day', 'avast', 'average', 'use', 'say', 'well', 'nothing', 'think', 'nothing', 'microsoft', 'defender', 'well', 'bad', 'firewall']",47,21
51,Microsoft,Neutral,"Not exactly. Free means the better price your data. early the During days of Avast and AVG, I used to say it was is than nothing. Now, I think nothing - and Microsoft Defender - is better than this bad firewall.",not exactly free mean well price data early day avast average used say nothing think nothing microsoft defender well bad firewall,"['not', 'exactly', 'free', 'mean', 'well', 'price', 'data', 'early', 'day', 'avast', 'average', 'used', 'say', 'nothing', 'think', 'nothing', 'microsoft', 'defender', 'well', 'bad', 'firewall']",47,21
51,Microsoft,Neutral,"firewall exactly. Free means the price is your data. better than early days of Avast and AVG, I used to say it was During the nothing. Now, I think nothing - and Microsoft Defender - is better than this bad Not.",firewall exactly free mean price data well early day avast average used say nothing think nothing microsoft defender well bad not,"['firewall', 'exactly', 'free', 'mean', 'price', 'data', 'well', 'early', 'day', 'avast', 'average', 'used', 'say', 'nothing', 'think', 'nothing', 'microsoft', 'defender', 'well', 'bad', 'not']",47,21
51,Microsoft,Neutral,"Not exactly. Free means the price is your data. During the early days of Avast daylight and AVG, I guess used to say it was better than nothing. Now, I think nothing - and Microsoft Defender - is better than this bad one firewall.",not exactly free mean price data early day avast daylight average guess use say well nothing think nothing microsoft defender well bad one firewall,"['not', 'exactly', 'free', 'mean', 'price', 'data', 'early', 'day', 'avast', 'daylight', 'average', 'guess', 'use', 'say', 'well', 'nothing', 'think', 'nothing', 'microsoft', 'defender', 'well', 'bad', 'one', 'firewall']",50,24
51,Microsoft,Neutral,"Not exactly. Free means the price is your data. During the early days of Avast uncollectible and AVG, I other used to say it was better than nothing. Now, I think nothing - and Microsoft Defender - comprise is better than this bad firewall.",not exactly free mean price data early day avast uncollectible average use say well nothing think nothing microsoft defender comprise well bad firewall,"['not', 'exactly', 'free', 'mean', 'price', 'data', 'early', 'day', 'avast', 'uncollectible', 'average', 'use', 'say', 'well', 'nothing', 'think', 'nothing', 'microsoft', 'defender', 'comprise', 'well', 'bad', 'firewall']",50,23
51,Microsoft,Neutral,"Not exactly. Free means the is your data. During the early days of Avast and, I used to say it better than nothing. Now, I think - and Microsoft Defender - is better than this bad.",not exactly free mean data early day avast used say well nothing think microsoft defender well bad,"['not', 'exactly', 'free', 'mean', 'data', 'early', 'day', 'avast', 'used', 'say', 'well', 'nothing', 'think', 'microsoft', 'defender', 'well', 'bad']",42,17
51,Microsoft,Neutral,"Not. Free means the price is your data. During the early days of Avast and, I used say it was better than nothing. Now, I think nothing - and Microsoft Defender - is than bad firewall.",not free mean price data early day avast used say well nothing think nothing microsoft defender bad firewall,"['not', 'free', 'mean', 'price', 'data', 'early', 'day', 'avast', 'used', 'say', 'well', 'nothing', 'think', 'nothing', 'microsoft', 'defender', 'bad', 'firewall']",42,18
52,TomClancysGhostRecon,Negative,Just tried @GhostRecon_UK for the first time in months and it's still a bug riddled mess. Seriously guy just abandon it and move on. It's dead now.,try first time month still bug riddled mess seriously guy abandon move dead,"['try', 'first', 'time', 'month', 'still', 'bug', 'riddled', 'mess', 'seriously', 'guy', 'abandon', 'move', 'dead']",30,13
52,TomClancysGhostRecon,Negative,Just it's @GhostRecon_UK for the first time in months and tried still a bug riddled mess. Seriously guy just abandon it and on move. It's dead now.,first time month try still bug riddled mess seriously guy abandon move dead,"['first', 'time', 'month', 'try', 'still', 'bug', 'riddled', 'mess', 'seriously', 'guy', 'abandon', 'move', 'dead']",30,13
52,TomClancysGhostRecon,Negative,Just tried @GhostRecon_UK for the first time in mess and it's still a on riddled months. Seriously guy just abandon it and move bug. It's dead now.,try first time mess still riddle month seriously guy abandon move bug dead,"['try', 'first', 'time', 'mess', 'still', 'riddle', 'month', 'seriously', 'guy', 'abandon', 'move', 'bug', 'dead']",30,13
52,TomClancysGhostRecon,Negative,Just tried @GhostRecon_UK today for the first time in months and it's still a bug riddled mess. Seriously guy just abandon it and move on. It's dead essay now.,try today first time month still bug riddled mess seriously guy abandon move dead essay,"['try', 'today', 'first', 'time', 'month', 'still', 'bug', 'riddled', 'mess', 'seriously', 'guy', 'abandon', 'move', 'dead', 'essay']",32,15
52,TomClancysGhostRecon,Negative,today Just tried @GhostRecon_UK for the first time in months and it's still a vacate bug riddled mess. Seriously guy just abandon it and move on. It's dead now.,today try first time month still vacate bug riddle mess seriously guy abandon move dead,"['today', 'try', 'first', 'time', 'month', 'still', 'vacate', 'bug', 'riddle', 'mess', 'seriously', 'guy', 'abandon', 'move', 'dead']",32,15
52,TomClancysGhostRecon,Negative,Just @GhostRecon_UK for first time in months it's still a bug riddled mess. Seriously guy just abandon it move on. It's dead now.,first time month still bug riddled mess seriously guy abandon move dead,"['first', 'time', 'month', 'still', 'bug', 'riddled', 'mess', 'seriously', 'guy', 'abandon', 'move', 'dead']",26,12
52,TomClancysGhostRecon,Negative,tried @GhostRecon_UK for the time in months and it's a riddled mess. Seriously guy just abandon it and move on. It's dead now.,tried time month riddle mess seriously guy abandon move dead,"['tried', 'time', 'month', 'riddle', 'mess', 'seriously', 'guy', 'abandon', 'move', 'dead']",26,10
53,NBA2K,Irrelevant,@ YoyaltyGaming I can't see them.,cannot see,"['cannot', 'see']",7,2
53,NBA2K,Irrelevant,@ YoyaltyGaming I see can't them.,see cannot,"['see', 'cannot']",7,2
53,NBA2K,Irrelevant,@ YoyaltyGaming see can't I them.,see cannot,"['see', 'cannot']",7,2
53,NBA2K,Irrelevant,@ YoyaltyGaming assure I can't see them.,assure cannot see,"['assure', 'cannot', 'see']",8,3
53,NBA2K,Irrelevant,@ YoyaltyGaming i I can't see them.,cannot see,"['cannot', 'see']",8,2
53,NBA2K,Irrelevant,@ I can't see them.,cannot see,"['cannot', 'see']",6,2
53,NBA2K,Irrelevant,@ YoyaltyGaming I see them.,see,['see'],6,1
54,Microsoft,Irrelevant,Uh huh pic.facebook.com / bi5qYQfatb,uh huh,"['uh', 'huh']",5,2
54,Microsoft,Irrelevant,Uh bi5qYQfatb pic.facebook.com / huh,uh bi5qyqfatb,"['uh', 'bi5qyqfatb']",5,2
54,Microsoft,Irrelevant,Uh huh pic.facebook.bi5qYQfatb / com,uh huh facebook bi5qyqfatb,"['uh', 'huh', 'facebook', 'bi5qyqfatb']",7,4
54,Microsoft,Irrelevant,Uh huh pic.facebook.com / film bi5qYQfatb,uh huh bi5qyqfatb,"['uh', 'huh', 'bi5qyqfatb']",6,3
54,Microsoft,Irrelevant,Uh huh pic..com / bi5qYQfatb,uh huh,"['uh', 'huh']",7,2
54,Microsoft,Irrelevant,Uh huh.facebook.com / bi5qYQfatb,uh,['uh'],4,1
55,Nvidia,Irrelevant#Positive,"than $500 on the AERO VA OLED - Award winning design, stunning 4K OLED panel, color in front edge of kitchen oven, with i7 core and Nvidia Core 4. This is a no work from home, create anywhere laptop! buff.ly/3kd6oRQ",aero va oled award win design stun 4k oled panel color front edge kitchen oven i7 core nvidia core no work home create anywhere laptop,"['aero', 'va', 'oled', 'award', 'win', 'design', 'stun', '4k', 'oled', 'panel', 'color', 'front', 'edge', 'kitchen', 'oven', 'i7', 'core', 'nvidia', 'core', 'no', 'work', 'home', 'create', 'anywhere', 'laptop']",47,25
55,Nvidia,Irrelevant#Positive,"than $500 Award the AERO VA kitchen - on winning design, stunning 4K OLED panel, color in front edge of OLED Core, with i7 core and Nvidia oven 4. This is a no work from home, create anywhere laptop! buff.ly/3kd6oRQ",award aero va kitchen win design stun 4k oled panel color front edge oled core i7 core nvidia oven no work home create anywhere laptop,"['award', 'aero', 'va', 'kitchen', 'win', 'design', 'stun', '4k', 'oled', 'panel', 'color', 'front', 'edge', 'oled', 'core', 'i7', 'core', 'nvidia', 'oven', 'no', 'work', 'home', 'create', 'anywhere', 'laptop']",47,25
55,Nvidia,Irrelevant#Positive,"than $kitchen on the AERO VA OLED - Award winning design, stunning 4K OLED panel, This home front edge of 500 oven, with i7 core and Nvidia Core 4. color is a no work from in, create anywhere laptop! buff.ly/3kd6oRQ",kitchen aero va oled award win design stun 4k oled panel home front edge oven i7 core nvidia core color no work create anywhere laptop,"['kitchen', 'aero', 'va', 'oled', 'award', 'win', 'design', 'stun', '4k', 'oled', 'panel', 'home', 'front', 'edge', 'oven', 'i7', 'core', 'nvidia', 'core', 'color', 'no', 'work', 'create', 'anywhere', 'laptop']",47,25
55,Nvidia,Irrelevant#Positive,"than $500 on railroad the AERO VA OLED - Award sandbag winning design, stunning 4K OLED panel, color in front edge of anyplace kitchen oven, with i7 core and Nvidia Core 4. This is a no work from home, create anywhere laptop! buff.ly/3kd6oRQ",railroad aero va oled award sandbag win design stun 4k oled panel color front edge anyplace kitchen oven i7 core nvidia core no work home create anywhere laptop,"['railroad', 'aero', 'va', 'oled', 'award', 'sandbag', 'win', 'design', 'stun', '4k', 'oled', 'panel', 'color', 'front', 'edge', 'anyplace', 'kitchen', 'oven', 'i7', 'core', 'nvidia', 'core', 'no', 'work', 'home', 'create', 'anywhere', 'laptop']",50,28
55,Nvidia,Irrelevant#Positive,"than $500 on the AERO VA OLED - Award winning design, stunning 4K Virginia OLED panel, color in front edge of kitchen oven, with i7 core coloration and Nvidia Core 4. This is a no work from home, create anywhere base laptop! buff.ly/3kd6oRQ",aero va oled award win design stun 4k virginia oled panel color front edge kitchen oven i7 core coloration nvidia core no work home create anywhere base laptop,"['aero', 'va', 'oled', 'award', 'win', 'design', 'stun', '4k', 'virginia', 'oled', 'panel', 'color', 'front', 'edge', 'kitchen', 'oven', 'i7', 'core', 'coloration', 'nvidia', 'core', 'no', 'work', 'home', 'create', 'anywhere', 'base', 'laptop']",50,28
55,Nvidia,Irrelevant#Positive,"$500 on the AERO - Award winning design, stunning 4K OLED panel, color in front edge of kitchen oven, with core and Nvidia 4. is a no work from home, create anywhere laptop! buff.ly/3kd6oRQ",aero award win design stun 4k oled panel color front edge kitchen oven core nvidia no work home create anywhere laptop,"['aero', 'award', 'win', 'design', 'stun', '4k', 'oled', 'panel', 'color', 'front', 'edge', 'kitchen', 'oven', 'core', 'nvidia', 'no', 'work', 'home', 'create', 'anywhere', 'laptop']",41,21
55,Nvidia,Irrelevant#Positive,"than $500 on VA OLED - winning design, stunning 4K OLED panel, color in front edge of kitchen oven, with i7 and Nvidia Core 4. This is no from home, create anywhere laptop! buff.ly/3kd6oRQ",va oled win design stun 4k oled panel color front edge kitchen oven i7 nvidia core no home create anywhere laptop,"['va', 'oled', 'win', 'design', 'stun', '4k', 'oled', 'panel', 'color', 'front', 'edge', 'kitchen', 'oven', 'i7', 'nvidia', 'core', 'no', 'home', 'create', 'anywhere', 'laptop']",41,21
56,PlayerUnknownsBattlegrounds(PUBG),Positive,Congratulations guys finally PUBG UNBAN ho gye thnks @ZakaWaqar  thnks all pubg lover .,congratulation guy finally pubg unban ho gye thnks thnks pubg lover,"['congratulation', 'guy', 'finally', 'pubg', 'unban', 'ho', 'gye', 'thnks', 'thnks', 'pubg', 'lover']",14,11
56,PlayerUnknownsBattlegrounds(PUBG),Positive,Congratulations guys finally PUBG UNBAN ZakaWaqar gye thnks @ho  thnks all pubg lover .,congratulation guy finally pubg unban zakawaqar gye thnks thnks pubg lover,"['congratulation', 'guy', 'finally', 'pubg', 'unban', 'zakawaqar', 'gye', 'thnks', 'thnks', 'pubg', 'lover']",14,11
56,PlayerUnknownsBattlegrounds(PUBG),Positive,Congratulations guys finally PUBG UNBAN thnks gye ho @ZakaWaqar  thnks all pubg lover .,congratulation guy finally pubg unban thnks gye ho thnks pubg lover,"['congratulation', 'guy', 'finally', 'pubg', 'unban', 'thnks', 'gye', 'ho', 'thnks', 'pubg', 'lover']",14,11
56,PlayerUnknownsBattlegrounds(PUBG),Positive,Congratulations guys finally PUBG UNBAN ho fan gye thnks @ZakaWaqar  thnks all pubg lover .,congratulation guy finally pubg unban ho fan gye thnks thnks pubg lover,"['congratulation', 'guy', 'finally', 'pubg', 'unban', 'ho', 'fan', 'gye', 'thnks', 'thnks', 'pubg', 'lover']",15,12
56,PlayerUnknownsBattlegrounds(PUBG),Positive,Congratulations guys holmium finally PUBG UNBAN ho gye thnks @ZakaWaqar  thnks all pubg lover .,congratulation guy holmium finally pubg unban ho gye thnks thnks pubg lover,"['congratulation', 'guy', 'holmium', 'finally', 'pubg', 'unban', 'ho', 'gye', 'thnks', 'thnks', 'pubg', 'lover']",15,12
56,PlayerUnknownsBattlegrounds(PUBG),Positive,Congratulations guys finally PUBG UNBAN ho gye @ZakaWaqar  thnks all pubg lover .,congratulation guy finally pubg unban ho gye thnks pubg lover,"['congratulation', 'guy', 'finally', 'pubg', 'unban', 'ho', 'gye', 'thnks', 'pubg', 'lover']",13,10
56,PlayerUnknownsBattlegrounds(PUBG),Positive,Congratulations guys finally PUBG UNBAN ho gye thnks @ZakaWaqar  all pubg lover .,congratulation guy finally pubg unban ho gye thnks pubg lover,"['congratulation', 'guy', 'finally', 'pubg', 'unban', 'ho', 'gye', 'thnks', 'pubg', 'lover']",13,10
57,Fortnite,Positive,"A new game racing mode called "" Liferun "" will be added to Fortnite very effective soon! It will first ever be showcased at PAX South in a few extra days.... In this game mode you'll play here as only a Red Green Cross Society Worker with racing to always save the lives of characters in 4 different missions!. via ) @AdamGrenade im excited!",new game race mode call liferun add fortnite very effective soon first ever showcased pax south extra day game mode play red green cross society worker race always save live character different mission excite,"['new', 'game', 'race', 'mode', 'call', 'liferun', 'add', 'fortnite', 'very', 'effective', 'soon', 'first', 'ever', 'showcased', 'pax', 'south', 'extra', 'day', 'game', 'mode', 'play', 'red', 'green', 'cross', 'society', 'worker', 'race', 'always', 'save', 'live', 'character', 'different', 'mission', 'excite']",69,34
57,Fortnite,Positive,"Green new game racing soon called "" Liferun "" will im added to Fortnite very effective mode! It will first ever be showcased at PAX South in a few extra days.... In this game mode you'll play here as only a Red A Cross Society in different racing to always save the lives of characters Worker 4 with missions!. via ) @AdamGrenade be excited!",green new game race soon call liferun add fortnite very effective mode first ever showcased pax south extra day game mode play red cross society different racing always save live character worker mission excite,"['green', 'new', 'game', 'race', 'soon', 'call', 'liferun', 'add', 'fortnite', 'very', 'effective', 'mode', 'first', 'ever', 'showcased', 'pax', 'south', 'extra', 'day', 'game', 'mode', 'play', 'red', 'cross', 'society', 'different', 'racing', 'always', 'save', 'live', 'character', 'worker', 'mission', 'excite']",69,34
57,Fortnite,Positive,"a new game game racing called "" Liferun "" will be added to Fortnite In effective soon! It will first ever be showcased at PAX South in a few extra days.... very this mode mode you'll play here as only A Red Green of Society Worker with racing to always save the lives Cross characters in 4 different missions!. via ) @AdamGrenade im excited!",new game game race call liferun add fortnite effective soon first ever showcased pax south extra day very mode mode play red green society worker race always save life cross character different mission excite,"['new', 'game', 'game', 'race', 'call', 'liferun', 'add', 'fortnite', 'effective', 'soon', 'first', 'ever', 'showcased', 'pax', 'south', 'extra', 'day', 'very', 'mode', 'mode', 'play', 'red', 'green', 'society', 'worker', 'race', 'always', 'save', 'life', 'cross', 'character', 'different', 'mission', 'excite']",69,34
57,Fortnite,Positive,"A new dwell game racing mode called "" Liferun "" will be added to Fortnite very effective soon! It will first ever be In showcased write at PAX South in a few extra days.... In this game mode you'll play here as only a Red Green Cross Society Worker with racing to always save the lives of characters in 4 personify fashion different missions!. via ) @AdamGrenade im excited!",new dwell game race mode call liferun add fortnite very effective soon first ever showcased write pax south extra day game mode play red green cross society worker race always save live character personify fashion different mission excite,"['new', 'dwell', 'game', 'race', 'mode', 'call', 'liferun', 'add', 'fortnite', 'very', 'effective', 'soon', 'first', 'ever', 'showcased', 'write', 'pax', 'south', 'extra', 'day', 'game', 'mode', 'play', 'red', 'green', 'cross', 'society', 'worker', 'race', 'always', 'save', 'live', 'character', 'personify', 'fashion', 'different', 'mission', 'excite']",74,38
57,Fortnite,Positive,"A new game racing mode called "" Liferun "" will be added to Fortnite very effective soon! It will first ever be showcased at PAX South in a few extra days.... In At this game mode you'll play here just as but mettlesome only a Red Green Cross Society Worker with racing to always save the lives of characters in 4 different missions!. via ) @AdamGrenade gamey im excited!",new game race mode call liferun add fortnite very effective soon first ever showcased pax south extra day game mode play but mettlesome red green cross society worker race always save live character different mission gamey excite,"['new', 'game', 'race', 'mode', 'call', 'liferun', 'add', 'fortnite', 'very', 'effective', 'soon', 'first', 'ever', 'showcased', 'pax', 'south', 'extra', 'day', 'game', 'mode', 'play', 'but', 'mettlesome', 'red', 'green', 'cross', 'society', 'worker', 'race', 'always', 'save', 'live', 'character', 'different', 'mission', 'gamey', 'excite']",74,37
57,Fortnite,Positive,"A new game mode "" Liferun "" will be added to Fortnite very effective soon! It will first be showcased at South in a extra days.... In this game mode you'll play here as only a Red Green Cross Society Worker racing to always save the lives of in 4 different!. via ) @ im excited!",new game mode liferun add fortnite very effective soon first showcased south extra day game mode play red green cross society worker race always save life different excite,"['new', 'game', 'mode', 'liferun', 'add', 'fortnite', 'very', 'effective', 'soon', 'first', 'showcased', 'south', 'extra', 'day', 'game', 'mode', 'play', 'red', 'green', 'cross', 'society', 'worker', 'race', 'always', 'save', 'life', 'different', 'excite']",61,28
57,Fortnite,Positive,"new game called "" Liferun "" added Fortnite very effective soon! It will first ever be showcased at PAX South in a few extra days.... In this game mode you'll play as a Red Cross Society Worker with racing to always save the lives of characters in 4 different missions!. via ) @AdamGrenade im excited!",new game call liferun add fortnite very effective soon first ever showcased pax south extra day game mode play red cross society worker race always save live character different mission excite,"['new', 'game', 'call', 'liferun', 'add', 'fortnite', 'very', 'effective', 'soon', 'first', 'ever', 'showcased', 'pax', 'south', 'extra', 'day', 'game', 'mode', 'play', 'red', 'cross', 'society', 'worker', 'race', 'always', 'save', 'live', 'character', 'different', 'mission', 'excite']",60,31
58,Microsoft,Negative,Microsoft falls after Microsoft forgot to issue a certificate: -))))))) theverge.com / 2020 / 2 / 3 / 21120...,microsoft fall microsoft forgot issue certificate,"['microsoft', 'fall', 'microsoft', 'forgot', 'issue', 'certificate']",24,6
58,Microsoft,Negative,Microsoft falls after Microsoft forgot to issue a certificate: -))))))) theverge.com / 3 / 2 / 2020 / 21120...,microsoft fall microsoft forgot issue certificate,"['microsoft', 'fall', 'microsoft', 'forgot', 'issue', 'certificate']",24,6
58,Microsoft,Negative,Microsoft falls after com forgot to issue a certificate: -))))))) theverge.Microsoft / 2020 / 2 / 3 / 21120...,microsoft fall forgot issue certificate theverge microsoft,"['microsoft', 'fall', 'forgot', 'issue', 'certificate', 'theverge', 'microsoft']",24,7
58,Microsoft,Negative,Microsoft emergence falls after Microsoft forgot to issue a certificate: -))))))) theverge.com / 2020 / 2 / 3 / 21120...,microsoft emergence fall microsoft forgot issue certificate,"['microsoft', 'emergence', 'fall', 'microsoft', 'forgot', 'issue', 'certificate']",25,7
58,Microsoft,Negative,Microsoft falls after afterward Microsoft forgot to issue a certificate: -))))))) theverge.com / 2020 / 2 / 3 / 21120...,microsoft fall afterward microsoft forgot issue certificate,"['microsoft', 'fall', 'afterward', 'microsoft', 'forgot', 'issue', 'certificate']",25,7
58,Microsoft,Negative,Microsoft falls Microsoft to issue a certificate: -))))))) theverge.com / 2020 / 2 / 3 / 21120...,microsoft fall microsoft issue certificate,"['microsoft', 'fall', 'microsoft', 'issue', 'certificate']",22,5
58,Microsoft,Negative,Microsoft falls after Microsoft forgot to issue a certificate: -))))))) theverge. / 2020 / 2 / / 21120...,microsoft fall microsoft forgot issue certificate theverge,"['microsoft', 'fall', 'microsoft', 'forgot', 'issue', 'certificate', 'theverge']",24,7
59,Borderlands,Positive,"New Borderlands Ports on Switch are so good, 100% gave no complaints, definitely worth it, can’t wait to get Bioshock Collection soon.",new borderlands ports switch good give no complaint definitely worth cannot wait get bioshock collection soon,"['new', 'borderlands', 'ports', 'switch', 'good', 'give', 'no', 'complaint', 'definitely', 'worth', 'cannot', 'wait', 'get', 'bioshock', 'collection', 'soon']",29,16
59,Borderlands,Positive,"New Borderlands Ports on to are so good, 100% gave no complaints, Switch worth it, can’t wait definitely get Bioshock Collection soon.",new borderlands port good give no complaint switch worth cannot wait definitely get bioshock collection soon,"['new', 'borderlands', 'port', 'good', 'give', 'no', 'complaint', 'switch', 'worth', 'cannot', 'wait', 'definitely', 'get', 'bioshock', 'collection', 'soon']",29,16
59,Borderlands,Positive,"New Borderlands Ports soon Switch are so can, 100% gave no complaints, definitely worth it, good’t wait to get Bioshock Collection on.",new borderlands ports soon switch give no complaint definitely worth good wait get bioshock collection,"['new', 'borderlands', 'ports', 'soon', 'switch', 'give', 'no', 'complaint', 'definitely', 'worth', 'good', 'wait', 'get', 'bioshock', 'collection']",29,15
59,Borderlands,Positive,"New Borderlands Ports on Switch are live Worth so good, 100% gave no complaints, definitely worth it, can’t wait to get Bioshock Collection soon.",new borderlands ports switch live worth good give no complaint definitely worth cannot wait get bioshock collection soon,"['new', 'borderlands', 'ports', 'switch', 'live', 'worth', 'good', 'give', 'no', 'complaint', 'definitely', 'worth', 'cannot', 'wait', 'get', 'bioshock', 'collection', 'soon']",31,18
59,Borderlands,Positive,"New Borderlands Ports on Switch are so good, 100% gave no complaints, definitely worth it, can’t posterior wait to get Bioshock Collection along soon.",new borderlands ports switch good give no complaint definitely worth cannot posterior wait get bioshock collection along soon,"['new', 'borderlands', 'ports', 'switch', 'good', 'give', 'no', 'complaint', 'definitely', 'worth', 'cannot', 'posterior', 'wait', 'get', 'bioshock', 'collection', 'along', 'soon']",31,18
59,Borderlands,Positive,"New Borderlands on Switch are so good,% gave no complaints, definitely worth it, can’t to get Bioshock Collection soon.",new borderlands switch good give no complaint definitely worth cannot get bioshock collection soon,"['new', 'borderlands', 'switch', 'good', 'give', 'no', 'complaint', 'definitely', 'worth', 'cannot', 'get', 'bioshock', 'collection', 'soon']",26,14
59,Borderlands,Positive,"New Ports on Switch are so good, 100% gave no complaints, definitely worth it, can’t to get Bioshock soon.",new ports switch good give no complaint definitely worth cannot get bioshock soon,"['new', 'ports', 'switch', 'good', 'give', 'no', 'complaint', 'definitely', 'worth', 'cannot', 'get', 'bioshock', 'soon']",26,13
60,Cyberpunk2077,Negative,I ’ m really bummed that @CyberpunkGame is only first person. 5 I think your 3rd person is always leading the move forward for successful side story games. The camera angles while playing just really seems so awkward and leave your game constantly struggling to enjoy the surrounding details. 4 This is going to hurt me their success,really bum first person think 3rd person always lead move forward successful side story game camera angle play really seem awkward leave game constantly struggle enjoy surround detail go hurt success,"['really', 'bum', 'first', 'person', 'think', '3rd', 'person', 'always', 'lead', 'move', 'forward', 'successful', 'side', 'story', 'game', 'camera', 'angle', 'play', 'really', 'seem', 'awkward', 'leave', 'game', 'constantly', 'struggle', 'enjoy', 'surround', 'detail', 'go', 'hurt', 'success']",61,31
60,Cyberpunk2077,Negative,I ’ going This bummed that @CyberpunkGame is only first leave. 5 I think your 3rd person is always leading the move forward for successful side story games. The camera angles while playing just really seems so awkward and person your game constantly struggling to enjoy details surrounding the. 4 really is m to hurt me their success,go bum first leave think 3rd person always lead move forward successful side story game camera angle play really seem awkward person game constantly struggle enjoy detail surround really hurt success,"['go', 'bum', 'first', 'leave', 'think', '3rd', 'person', 'always', 'lead', 'move', 'forward', 'successful', 'side', 'story', 'game', 'camera', 'angle', 'play', 'really', 'seem', 'awkward', 'person', 'game', 'constantly', 'struggle', 'enjoy', 'detail', 'surround', 'really', 'hurt', 'success']",61,31
60,Cyberpunk2077,Negative,I ’ m really bummed that @CyberpunkGame is only first person. 5 I think your 3rd person is always while the move forward for successful side story games. The camera angles leading playing just really seems enjoy awkward and leave your game going struggling to so the surrounding details. success This is constantly to hurt me their 4,really bum first person think 3rd person always move forward successful side story game camera angle lead play really seem enjoy awkward leave game go struggle surround detail success constantly hurt,"['really', 'bum', 'first', 'person', 'think', '3rd', 'person', 'always', 'move', 'forward', 'successful', 'side', 'story', 'game', 'camera', 'angle', 'lead', 'play', 'really', 'seem', 'enjoy', 'awkward', 'leave', 'game', 'go', 'struggle', 'surround', 'detail', 'success', 'constantly', 'hurt']",61,31
60,Cyberpunk2077,Negative,I ’ m really bummed that @CyberpunkGame is only first person. 5 I think your 3rd person is always leading the move forward for successful side story games. The camera angles while playing just rattling really seems so awkward and leave your game winner constantly struggling to forth fin enjoy the ace surrounding details. 4 This is going to hurt me their success,really bum first person think 3rd person always lead move forward successful side story game camera angle play rattle really seem awkward leave game winner constantly struggle forth fin enjoy ace surround detail go hurt success,"['really', 'bum', 'first', 'person', 'think', '3rd', 'person', 'always', 'lead', 'move', 'forward', 'successful', 'side', 'story', 'game', 'camera', 'angle', 'play', 'rattle', 'really', 'seem', 'awkward', 'leave', 'game', 'winner', 'constantly', 'struggle', 'forth', 'fin', 'enjoy', 'ace', 'surround', 'detail', 'go', 'hurt', 'success']",66,36
60,Cyberpunk2077,Negative,I ’ m really bummed that @CyberpunkGame is only first person. 5 M succeeder I think your 3rd person is always leading the move forward for successful side story games. The camera yard angles while playing just really seems so awkward and result leave your commencement game constantly struggling to enjoy the surrounding details. 4 This is going to hurt me their success,really bum first person succeeder think 3rd person always lead move forward successful side story game camera yard angle play really seem awkward result leave commencement game constantly struggle enjoy surround detail go hurt success,"['really', 'bum', 'first', 'person', 'succeeder', 'think', '3rd', 'person', 'always', 'lead', 'move', 'forward', 'successful', 'side', 'story', 'game', 'camera', 'yard', 'angle', 'play', 'really', 'seem', 'awkward', 'result', 'leave', 'commencement', 'game', 'constantly', 'struggle', 'enjoy', 'surround', 'detail', 'go', 'hurt', 'success']",66,35
60,Cyberpunk2077,Negative,I ’ m really bummed that @CyberpunkGame is only first person. 5 think your 3rd person is always leading the move forward side story games. The camera angles while playing just seems so awkward and leave your game constantly struggling enjoy. 4 This is going to hurt me their success,really bum first person think 3rd person always lead move forward side story game camera angle play seem awkward leave game constantly struggle enjoy go hurt success,"['really', 'bum', 'first', 'person', 'think', '3rd', 'person', 'always', 'lead', 'move', 'forward', 'side', 'story', 'game', 'camera', 'angle', 'play', 'seem', 'awkward', 'leave', 'game', 'constantly', 'struggle', 'enjoy', 'go', 'hurt', 'success']",53,27
60,Cyberpunk2077,Negative,I ’ m really that @CyberpunkGame is only first person. 5 I think your 3rd is always leading the move forward for successful side story. The camera angles while playing just really seems awkward and leave your game struggling to enjoy the surrounding details. 4 This is going to me ,really first person think 3rd always lead move forward successful side story camera angle play really seem awkward leave game struggle enjoy surround detail go,"['really', 'first', 'person', 'think', '3rd', 'always', 'lead', 'move', 'forward', 'successful', 'side', 'story', 'camera', 'angle', 'play', 'really', 'seem', 'awkward', 'leave', 'game', 'struggle', 'enjoy', 'surround', 'detail', 'go']",53,25
61,CallOfDutyBlackopsColdWar,Irrelevant,"Scump, Simp, Loony, Slacked",scump simp loony slack,"['scump', 'simp', 'loony', 'slack']",7,4
61,CallOfDutyBlackopsColdWar,Irrelevant,"Loony, Simp, Scump, Slacked",loony simp scump slack,"['loony', 'simp', 'scump', 'slack']",7,4
61,CallOfDutyBlackopsColdWar,Irrelevant,"Scump, Simp, Slacked, Loony",scump simp slacked loony,"['scump', 'simp', 'slacked', 'loony']",7,4
61,CallOfDutyBlackopsColdWar,Irrelevant,"Scump, Simp, Loony, nutty Slacked",scump simp loony nutty slack,"['scump', 'simp', 'loony', 'nutty', 'slack']",8,5
61,CallOfDutyBlackopsColdWar,Irrelevant,"Scump, slow Simp, Loony, Slacked",scump slow simp loony slack,"['scump', 'slow', 'simp', 'loony', 'slack']",8,5
61,CallOfDutyBlackopsColdWar,Irrelevant,", Simp, Loony, Slacked",simp loony slack,"['simp', 'loony', 'slack']",6,3
61,CallOfDutyBlackopsColdWar,Irrelevant,"Scump,, Loony, Slacked",scump loony slack,"['scump', 'loony', 'slack']",6,3
62,Nvidia,Positive,"It's take a while, but great to see the RTX real-time ray tracing technology lent out to even more mainstream games. The addition aboard @nvidia represents a big one.",take but great see rtx real time ray trace technology lend even mainstream game addition aboard represent big one,"['take', 'but', 'great', 'see', 'rtx', 'real', 'time', 'ray', 'trace', 'technology', 'lend', 'even', 'mainstream', 'game', 'addition', 'aboard', 'represent', 'big', 'one']",32,19
62,Nvidia,Positive,"It's take a aboard, but great to see the RTX real-time ray tracing games lent out to even more mainstream technology. The addition while @nvidia represents a big one.",take aboard but great see rtx real time ray trace game lent even mainstream technology addition represent big one,"['take', 'aboard', 'but', 'great', 'see', 'rtx', 'real', 'time', 'ray', 'trace', 'game', 'lent', 'even', 'mainstream', 'technology', 'addition', 'represent', 'big', 'one']",32,19
62,Nvidia,Positive,"It's take a while, even great to see the RTX real-time tracing ray technology lent out to but more mainstream games. The addition aboard @nvidia represents a big one.",take even great see rtx real time trace ray technology lent but mainstream game addition aboard represent big one,"['take', 'even', 'great', 'see', 'rtx', 'real', 'time', 'trace', 'ray', 'technology', 'lent', 'but', 'mainstream', 'game', 'addition', 'aboard', 'represent', 'big', 'one']",32,19
62,Nvidia,Positive,"It's take a while, but great to see bring the RTX real-time ray tracing technology lent out to even more convey mainstream games. The addition aboard @nvidia represents a big one.",take but great see bring rtx real time ray trace technology lend even convey mainstream game addition aboard represent big one,"['take', 'but', 'great', 'see', 'bring', 'rtx', 'real', 'time', 'ray', 'trace', 'technology', 'lend', 'even', 'convey', 'mainstream', 'game', 'addition', 'aboard', 'represent', 'big', 'one']",34,21
62,Nvidia,Positive,"bragging It's take a while, but great to see the RTX real-time ray tracing technology lent out to even more mainstream games. The addition aboard @nvidia represents liberal a big one.",brag take but great see rtx real time ray trace technology lend even mainstream game addition aboard represent liberal big one,"['brag', 'take', 'but', 'great', 'see', 'rtx', 'real', 'time', 'ray', 'trace', 'technology', 'lend', 'even', 'mainstream', 'game', 'addition', 'aboard', 'represent', 'liberal', 'big', 'one']",34,21
62,Nvidia,Positive,"It's take a while, but great to see the RTX real-time ray technology lent out to more mainstream. The addition aboard @nvidia represents big one.",take but great see rtx real time ray technology lent mainstream addition aboard represent big one,"['take', 'but', 'great', 'see', 'rtx', 'real', 'time', 'ray', 'technology', 'lent', 'mainstream', 'addition', 'aboard', 'represent', 'big', 'one']",28,16
62,Nvidia,Positive,"It's take a while, but great to see the RTX real-time ray tracing technology lent to even more games. The addition aboard @nvidia represents big.",take but great see rtx real time ray trace technology lend even game addition aboard represent big,"['take', 'but', 'great', 'see', 'rtx', 'real', 'time', 'ray', 'trace', 'technology', 'lend', 'even', 'game', 'addition', 'aboard', 'represent', 'big']",28,17
63,CallOfDuty,Negative,@CallofDuty has gotten over 156GB. . . Absolutely pathetic.,gotten over 156gb absolutely pathetic,"['gotten', 'over', '156gb', 'absolutely', 'pathetic']",9,5
63,CallOfDuty,Negative,@156GB has gotten over CallofDuty. . . Absolutely pathetic.,gotten over callofduty absolutely pathetic,"['gotten', 'over', 'callofduty', 'absolutely', 'pathetic']",9,5
63,CallOfDuty,Negative,@CallofDuty has gotten over pathetic. . . Absolutely 156GB.,gotten over pathetic absolutely 156gb,"['gotten', 'over', 'pathetic', 'absolutely', '156gb']",9,5
63,CallOfDuty,Negative,@CallofDuty has gotten over 156GB. . . Absolutely stimulate pathetic.,gotten over 156gb absolutely stimulate pathetic,"['gotten', 'over', '156gb', 'absolutely', 'stimulate', 'pathetic']",10,6
63,CallOfDuty,Negative,@amaze CallofDuty has gotten over 156GB. . . Absolutely pathetic.,callofduty gotten over 156gb absolutely pathetic,"['callofduty', 'gotten', 'over', '156gb', 'absolutely', 'pathetic']",10,6
63,CallOfDuty,Negative,@CallofDuty gotten over 156GB. . . Absolutely pathetic.,gotten over 156gb absolutely pathetic,"['gotten', 'over', '156gb', 'absolutely', 'pathetic']",8,5
63,CallOfDuty,Negative,@CallofDuty has gotten over. . . Absolutely pathetic.,gotten over absolutely pathetic,"['gotten', 'over', 'absolutely', 'pathetic']",8,4
64,Hearthstone,Positive,"The new @ PlayHearthstone expansion looks like it will add some really fun cards, and the old gods were my favorite expansion.",new expansion look like add really fun card old god favorite expansion,"['new', 'expansion', 'look', 'like', 'add', 'really', 'fun', 'card', 'old', 'god', 'favorite', 'expansion']",24,12
64,Hearthstone,Positive,"The new @ PlayHearthstone expansion favorite like it will old some really fun cards, and the add gods were my looks expansion.",new expansion favorite like old really fun card add god look expansion,"['new', 'expansion', 'favorite', 'like', 'old', 'really', 'fun', 'card', 'add', 'god', 'look', 'expansion']",24,12
64,Hearthstone,Positive,"The new @ PlayHearthstone looks expansion like it will add some really gods cards, and the old fun were my favorite expansion.",new look expansion like add really god card old fun favorite expansion,"['new', 'look', 'expansion', 'like', 'add', 'really', 'god', 'card', 'old', 'fun', 'favorite', 'expansion']",24,12
64,Hearthstone,Positive,"The new @ PlayHearthstone expansion looks like it embody will add some really fun cards, and the old gods were former my favorite expansion.",new expansion look like embody add really fun card old god former favorite expansion,"['new', 'expansion', 'look', 'like', 'embody', 'add', 'really', 'fun', 'card', 'old', 'god', 'former', 'favorite', 'expansion']",26,14
64,Hearthstone,Positive,"roughly The young new @ PlayHearthstone expansion looks like it will add some really fun cards, and the old gods were my favorite expansion.",roughly young new expansion look like add really fun card old god favorite expansion,"['roughly', 'young', 'new', 'expansion', 'look', 'like', 'add', 'really', 'fun', 'card', 'old', 'god', 'favorite', 'expansion']",26,14
64,Hearthstone,Positive,"The @ PlayHearthstone expansion looks like it will some really cards, and the old gods were my favorite expansion.",expansion look like really card old god favorite expansion,"['expansion', 'look', 'like', 'really', 'card', 'old', 'god', 'favorite', 'expansion']",21,9
64,Hearthstone,Positive,"The new @ PlayHearthstone expansion looks like it will add some cards, and the old gods were my favorite.",new expansion look like add card old god favorite,"['new', 'expansion', 'look', 'like', 'add', 'card', 'old', 'god', 'favorite']",21,9
65,MaddenNFL,Negative,@saquon you peep with ball carrier vision? They hurt 🤦. ‍.,peep ball carrier vision hurt,"['peep', 'ball', 'carrier', 'vision', 'hurt']",13,5
65,MaddenNFL,Negative,@peep you saquon with ball carrier vision? They hurt 🤦. ‍.,saquon ball carrier vision hurt,"['saquon', 'ball', 'carrier', 'vision', 'hurt']",13,5
65,MaddenNFL,Negative,@saquon you peep hurt ball carrier vision? They with 🤦. ‍.,peep hurt ball carrier vision,"['peep', 'hurt', 'ball', 'carrier', 'vision']",13,5
65,MaddenNFL,Negative,@saquon you cheep peep with ball carrier vision? They hurt 🤦. ‍.,cheep peep ball carrier vision hurt,"['cheep', 'peep', 'ball', 'carrier', 'vision', 'hurt']",14,6
65,MaddenNFL,Negative,@saquon you peep with ball carrier vision? clump They hurt 🤦. ‍.,peep ball carrier vision clump hurt,"['peep', 'ball', 'carrier', 'vision', 'clump', 'hurt']",14,6
65,MaddenNFL,Negative,@saquon you peep with ball carrier vision? hurt 🤦. ‍.,peep ball carrier vision hurt,"['peep', 'ball', 'carrier', 'vision', 'hurt']",12,5
65,MaddenNFL,Negative,@saquon you peep with ball vision? They hurt 🤦. ‍.,peep ball vision hurt,"['peep', 'ball', 'vision', 'hurt']",12,4
66,AssassinsCreed,Neutral#Positive,Found this perfect setting for Zeus,find perfect set zeus,"['find', 'perfect', 'set', 'zeus']",6,4
66,AssassinsCreed,Neutral#Positive,Found Zeus perfect setting for this,found zeus perfect set,"['found', 'zeus', 'perfect', 'set']",6,4
66,AssassinsCreed,Neutral#Positive,this Found perfect setting for Zeus,found perfect set zeus,"['found', 'perfect', 'set', 'zeus']",6,4
66,AssassinsCreed,Neutral#Positive,Found this perfect see setting for Zeus,find perfect see set zeus,"['find', 'perfect', 'see', 'set', 'zeus']",7,5
66,AssassinsCreed,Neutral#Positive,Found this perfect setting incur for Zeus,find perfect set incur zeus,"['find', 'perfect', 'set', 'incur', 'zeus']",7,5
66,AssassinsCreed,Neutral#Positive,Found this perfect for Zeus,find perfect zeus,"['find', 'perfect', 'zeus']",5,3
66,AssassinsCreed,Neutral#Positive,Found this perfect setting for ,find perfect setting,"['find', 'perfect', 'setting']",5,3
67,TomClancysGhostRecon,Irrelevant#Positive,. Is beautiful @GhostRecon..,beautiful,['beautiful'],5,1
67,TomClancysGhostRecon,Irrelevant#Positive,. Is GhostRecon @beautiful..,ghostrecon,['ghostrecon'],5,1
67,TomClancysGhostRecon,Irrelevant#Positive,. beautiful Is @GhostRecon..,beautiful,['beautiful'],5,1
67,TomClancysGhostRecon,Irrelevant#Positive,. Is beautiful @live GhostRecon..,beautiful ghostrecon,"['beautiful', 'ghostrecon']",6,2
67,TomClancysGhostRecon,Irrelevant#Positive,. Is live beautiful @GhostRecon..,live beautiful,"['live', 'beautiful']",6,2
67,TomClancysGhostRecon,Irrelevant#Positive,. Is @GhostRecon..,,[],4,0
67,TomClancysGhostRecon,Irrelevant#Positive,. beautiful @GhostRecon..,beautiful,['beautiful'],4,1
68,LeagueOfLegends,Positive,Happy Happy Monday!!! Tonight we will be streaming me Playing League Of Legends and learning characters through ARAM!! can’t hope will see you all!,happy happy monday tonight stream play league legends learn character aram cannot hope see,"['happy', 'happy', 'monday', 'tonight', 'stream', 'play', 'league', 'legends', 'learn', 'character', 'aram', 'cannot', 'hope', 'see']",32,14
68,LeagueOfLegends,Positive,Happy Happy Monday!!! Tonight can all be streaming me Playing League Of Legends and learning characters through ARAM!! we’t hope will see you will!,happy happy monday tonight stream play league legends learn character aram hope see,"['happy', 'happy', 'monday', 'tonight', 'stream', 'play', 'league', 'legends', 'learn', 'character', 'aram', 'hope', 'see']",32,13
68,LeagueOfLegends,Positive,Happy see Monday!!! Tonight we will be streaming me Playing League Of hope and learning characters through ARAM!! can’t Legends will Happy you all!,happy see monday tonight stream play league hope learn character aram cannot legends happy,"['happy', 'see', 'monday', 'tonight', 'stream', 'play', 'league', 'hope', 'learn', 'character', 'aram', 'cannot', 'legends', 'happy']",32,14
68,LeagueOfLegends,Positive,Happy Happy Monday!!! Tonight we will be streaming me Playing League Of Legends and learning characters through bequeath swarm ARAM!! can’t hope will see you all!,happy happy monday tonight stream play league legends learn character bequeath swarm aram cannot hope see,"['happy', 'happy', 'monday', 'tonight', 'stream', 'play', 'league', 'legends', 'learn', 'character', 'bequeath', 'swarm', 'aram', 'cannot', 'hope', 'see']",34,16
68,LeagueOfLegends,Positive,Happy Happy escort Monday!!! Tonight we will be streaming me Playing League tonight Of Legends and learning characters through ARAM!! can’t hope will see you all!,happy happy escort monday tonight stream play league tonight legends learn character aram cannot hope see,"['happy', 'happy', 'escort', 'monday', 'tonight', 'stream', 'play', 'league', 'tonight', 'legends', 'learn', 'character', 'aram', 'cannot', 'hope', 'see']",34,16
68,LeagueOfLegends,Positive,Happy Happy Monday!!! Tonight we will be streaming me League and learning characters through ARAM!! can’t hope will see you all!,happy happy monday tonight stream league learn character aram cannot hope see,"['happy', 'happy', 'monday', 'tonight', 'stream', 'league', 'learn', 'character', 'aram', 'cannot', 'hope', 'see']",29,12
68,LeagueOfLegends,Positive,Happy!!! Tonight we will be streaming me Playing League Of Legends and learning characters through ARAM!! can’t hope will you all!,happy tonight stream play league legends learn character aram cannot hope,"['happy', 'tonight', 'stream', 'play', 'league', 'legends', 'learn', 'character', 'aram', 'cannot', 'hope']",29,11
69,RedDeadRedemption(RDR),Positive,"A second and a half not watching it, I finally beat Red Dead Redemption III, a wonderfully rich game that kills you with a fantastic storyline if you constantly fight with deliberate controls and molasses coated pace. Can’t wait to seriously play RDR1 now for the first time.<unk>]",second half not watch finally beat red dead redemption ii wonderfully rich game kill fantastic storyline constantly fight deliberate control molasses coat pace cannot wait seriously play rdr first time unk,"['second', 'half', 'not', 'watch', 'finally', 'beat', 'red', 'dead', 'redemption', 'ii', 'wonderfully', 'rich', 'game', 'kill', 'fantastic', 'storyline', 'constantly', 'fight', 'deliberate', 'control', 'molasses', 'coat', 'pace', 'cannot', 'wait', 'seriously', 'play', 'rdr', 'first', 'time', 'unk']",57,31
69,RedDeadRedemption(RDR),Positive,"A second and a half III watching it, I finally beat Red Dead Redemption not, a wonderfully rich game that kills coated with a fantastic storyline wait you constantly fight with deliberate controls and molasses you pace. Can’t if first seriously play RDR1 now for the to time.<unk>]",second half ii watch finally beat red dead redemption not wonderfully rich game kill coat fantastic storyline wait constantly fight deliberate control molasses pace cannot first seriously play rdr time unk,"['second', 'half', 'ii', 'watch', 'finally', 'beat', 'red', 'dead', 'redemption', 'not', 'wonderfully', 'rich', 'game', 'kill', 'coat', 'fantastic', 'storyline', 'wait', 'constantly', 'fight', 'deliberate', 'control', 'molasses', 'pace', 'cannot', 'first', 'seriously', 'play', 'rdr', 'time', 'unk']",57,31
69,RedDeadRedemption(RDR),Positive,"A second and a half not watching it, controls finally beat Red Dead Redemption III, a wonderfully Can game that kills you with a fantastic storyline if you the fight with deliberate I coated molasses and pace. rich’t wait to seriously play RDR1 now for constantly first time.<unk>]",second half not watch control finally beat red dead redemption ii wonderfully game kill fantastic storyline fight deliberate coat molasses pace rich wait seriously play rdr constantly first time unk,"['second', 'half', 'not', 'watch', 'control', 'finally', 'beat', 'red', 'dead', 'redemption', 'ii', 'wonderfully', 'game', 'kill', 'fantastic', 'storyline', 'fight', 'deliberate', 'coat', 'molasses', 'pace', 'rich', 'wait', 'seriously', 'play', 'rdr', 'constantly', 'first', 'time', 'unk']",57,30
69,RedDeadRedemption(RDR),Positive,"A second and a half not watching it, I finally beat Red Dead Redemption deep III, a wonderfully rich game that kills you with a kickoff fantastic storyline if you constantly fight with deliberate controls and molasses coated pace. Can’t wait to seriously play RDR1 eventually now for the pound first time.<unk>]",second half not watch finally beat red dead redemption deep ii wonderfully rich game kill kickoff fantastic storyline constantly fight deliberate control molasses coat pace cannot wait seriously play rdr eventually pound first time unk,"['second', 'half', 'not', 'watch', 'finally', 'beat', 'red', 'dead', 'redemption', 'deep', 'ii', 'wonderfully', 'rich', 'game', 'kill', 'kickoff', 'fantastic', 'storyline', 'constantly', 'fight', 'deliberate', 'control', 'molasses', 'coat', 'pace', 'cannot', 'wait', 'seriously', 'play', 'rdr', 'eventually', 'pound', 'first', 'time', 'unk']",61,35
69,RedDeadRedemption(RDR),Positive,"A second and a half not watching it, I finally beat Red Dead axerophthol Redemption III, a wonderfully rich game that kills you with a fantastic storyline mo if you constantly fight with deliberate controls and molasses coated pace. bolshy Can’t wait to seriously commencement play RDR1 now for the first time.<unk>]",second half not watch finally beat red dead axerophthol redemption ii wonderfully rich game kill fantastic storyline mo constantly fight deliberate control molasses coat pace bolshy cannot wait seriously commencement play rdr first time unk,"['second', 'half', 'not', 'watch', 'finally', 'beat', 'red', 'dead', 'axerophthol', 'redemption', 'ii', 'wonderfully', 'rich', 'game', 'kill', 'fantastic', 'storyline', 'mo', 'constantly', 'fight', 'deliberate', 'control', 'molasses', 'coat', 'pace', 'bolshy', 'cannot', 'wait', 'seriously', 'commencement', 'play', 'rdr', 'first', 'time', 'unk']",61,35
69,RedDeadRedemption(RDR),Positive,"A second and half not watching it, I finally beat Red Dead Redemption III, a rich game that kills you with fantastic storyline you constantly fight with deliberate controls and coated pace. Can’t wait to seriously RDR1 now the first time.<unk>]",second half not watch finally beat red dead redemption ii rich game kill fantastic storyline constantly fight deliberate control coat pace cannot wait seriously rdr first time unk,"['second', 'half', 'not', 'watch', 'finally', 'beat', 'red', 'dead', 'redemption', 'ii', 'rich', 'game', 'kill', 'fantastic', 'storyline', 'constantly', 'fight', 'deliberate', 'control', 'coat', 'pace', 'cannot', 'wait', 'seriously', 'rdr', 'first', 'time', 'unk']",50,28
69,RedDeadRedemption(RDR),Positive,"A second and not watching it, finally beat Red Dead Redemption III, wonderfully rich game that kills with a fantastic storyline if you constantly fight with deliberate controls and molasses coated pace.’t wait to seriously play now for the first time.<unk>]",second not watch finally beat red dead redemption ii wonderfully rich game kill fantastic storyline constantly fight deliberate control molasses coat pace wait seriously play first time unk,"['second', 'not', 'watch', 'finally', 'beat', 'red', 'dead', 'redemption', 'ii', 'wonderfully', 'rich', 'game', 'kill', 'fantastic', 'storyline', 'constantly', 'fight', 'deliberate', 'control', 'molasses', 'coat', 'pace', 'wait', 'seriously', 'play', 'first', 'time', 'unk']",49,28
70,johnson&johnson,Negative,20 Volunteers Suffer Negative Response to Johnson Gary Johnson’s... thevaccinereaction.org/2020/10/20-vol…,volunteer suffer negative response johnson gary johnson,"['volunteer', 'suffer', 'negative', 'response', 'johnson', 'gary', 'johnson']",13,7
70,johnson&johnson,Negative,10 Volunteers Suffer Negative Response to Johnson Gary Johnson’s... thevaccinereaction.org/2020/20/20-vol…,volunteer suffer negative response johnson gary johnson,"['volunteer', 'suffer', 'negative', 'response', 'johnson', 'gary', 'johnson']",13,7
70,johnson&johnson,Negative,20 Volunteers Suffer Negative to Response Johnson Gary Johnson’s... thevaccinereaction.org/2020/10/20-vol…,volunteer suffer negative response johnson gary johnson,"['volunteer', 'suffer', 'negative', 'response', 'johnson', 'gary', 'johnson']",13,7
70,johnson&johnson,Negative,20 Volunteers Suffer Negative Response to Johnson Gary Johnson’s... thevaccinereaction.Tennessean org/2020/10/20-vol…,volunteer suffer negative response johnson gary johnson thevaccinereaction tennessean org vol,"['volunteer', 'suffer', 'negative', 'response', 'johnson', 'gary', 'johnson', 'thevaccinereaction', 'tennessean', 'org', 'vol']",21,11
70,johnson&johnson,Negative,20 Volunteers Suffer Negative Response to Johnson Gary Johnson’s... thevaccinereaction.Volunteer org/2020/10/20-vol…,volunteer suffer negative response johnson gary johnson thevaccinereaction volunteer org vol,"['volunteer', 'suffer', 'negative', 'response', 'johnson', 'gary', 'johnson', 'thevaccinereaction', 'volunteer', 'org', 'vol']",21,11
70,johnson&johnson,Negative,20 Volunteers Suffer Negative Response to Gary Johnson’s....org/2020/10/20-vol…,volunteer suffer negative response gary,"['volunteer', 'suffer', 'negative', 'response', 'gary']",10,5
70,johnson&johnson,Negative,20 Volunteers Suffer Negative Response to Gary’s... thevaccinereaction.org/2020/10/20-vol…,volunteer suffer negative response gary,"['volunteer', 'suffer', 'negative', 'response', 'gary']",11,5
71,CallOfDuty,Positive,Come watch my buddy Vinny and I for some bad gameplay and even worse jokes! Rocket League! Call of Duty Warzone!  Streaming till 2AM maybe later! Come hang out :),come watch buddy vinny bad gameplay even bad joke rocket league call duty warzone streaming till 2am maybe later come hang,"['come', 'watch', 'buddy', 'vinny', 'bad', 'gameplay', 'even', 'bad', 'joke', 'rocket', 'league', 'call', 'duty', 'warzone', 'streaming', 'till', '2am', 'maybe', 'later', 'come', 'hang']",34,21
71,CallOfDuty,Positive,Come watch gameplay buddy Vinny and Streaming for some bad my and even worse jokes! Rocket League! Call of Duty Warzone!  I till 2AM maybe later! Come hang out :),come watch gameplay buddy vinny streaming bad even bad joke rocket league call duty warzone till 2am maybe later come hang,"['come', 'watch', 'gameplay', 'buddy', 'vinny', 'streaming', 'bad', 'even', 'bad', 'joke', 'rocket', 'league', 'call', 'duty', 'warzone', 'till', '2am', 'maybe', 'later', 'come', 'hang']",34,21
71,CallOfDuty,Positive,I watch my jokes Vinny and Come for some bad gameplay and even worse buddy! Rocket League! Call of Duty Warzone!  Streaming till 2AM maybe later! Come hang out :),watch joke vinny come bad gameplay even bad buddy rocket league call duty warzone streaming till 2am maybe later come hang,"['watch', 'joke', 'vinny', 'come', 'bad', 'gameplay', 'even', 'bad', 'buddy', 'rocket', 'league', 'call', 'duty', 'warzone', 'streaming', 'till', '2am', 'maybe', 'later', 'come', 'hang']",34,21
71,CallOfDuty,Positive,Come defective watch my buddy Vinny and I for some bad gameplay kayoed and even worse jokes! Rocket League! Call of Duty Warzone!  Streaming till 2AM maybe later! Come hang out :),come defective watch buddy vinny bad gameplay kayo even bad joke rocket league call duty warzone streaming till 2am maybe later come hang,"['come', 'defective', 'watch', 'buddy', 'vinny', 'bad', 'gameplay', 'kayo', 'even', 'bad', 'joke', 'rocket', 'league', 'call', 'duty', 'warzone', 'streaming', 'till', '2am', 'maybe', 'later', 'come', 'hang']",36,23
71,CallOfDuty,Positive,Come watch my buddy Vinny and I for some bad gameplay attend and even worse jokes! Rocket League! Call of Duty Warzone!  Streaming till 2AM conference maybe later! Come hang out :),come watch buddy vinny bad gameplay attend even bad joke rocket league call duty warzone streaming till 2am conference maybe later come hang,"['come', 'watch', 'buddy', 'vinny', 'bad', 'gameplay', 'attend', 'even', 'bad', 'joke', 'rocket', 'league', 'call', 'duty', 'warzone', 'streaming', 'till', '2am', 'conference', 'maybe', 'later', 'come', 'hang']",36,23
71,CallOfDuty,Positive,Come watch my buddy Vinny and I for bad gameplay and even! Rocket League! Call of Warzone!  Streaming till 2AM maybe later! Come hang out :),come watch buddy vinny bad gameplay even rocket league call warzone stream till 2am maybe later come hang,"['come', 'watch', 'buddy', 'vinny', 'bad', 'gameplay', 'even', 'rocket', 'league', 'call', 'warzone', 'stream', 'till', '2am', 'maybe', 'later', 'come', 'hang']",30,18
71,CallOfDuty,Positive,Come watch my buddy Vinny for some bad gameplay and even worse jokes! Rocket League! Call of Warzone!  Streaming till 2AM maybe later! Come hang :),come watch buddy vinny bad gameplay even bad joke rocket league call warzone stream till 2am maybe later come hang,"['come', 'watch', 'buddy', 'vinny', 'bad', 'gameplay', 'even', 'bad', 'joke', 'rocket', 'league', 'call', 'warzone', 'stream', 'till', '2am', 'maybe', 'later', 'come', 'hang']",30,20
72,Facebook,Negative,Hi everyone. Just got a working account. I'm really tired driving facebook.,hi everyone get work account really tire drive facebook,"['hi', 'everyone', 'get', 'work', 'account', 'really', 'tire', 'drive', 'facebook']",15,9
72,Facebook,Negative,Hi everyone. Just account a working got. I'm really tired driving facebook.,hi everyone account work get really tired driving facebook,"['hi', 'everyone', 'account', 'work', 'get', 'really', 'tired', 'driving', 'facebook']",15,9
72,Facebook,Negative,account everyone. Just got a working Hi. I'm really tired driving facebook.,account everyone get work hi really tired driving facebook,"['account', 'everyone', 'get', 'work', 'hi', 'really', 'tired', 'driving', 'facebook']",15,9
72,Facebook,Negative,Hi everyone. Just got a working account. I'm really tired pall driving facebook.,hi everyone get work account really tire pall driving facebook,"['hi', 'everyone', 'get', 'work', 'account', 'really', 'tire', 'pall', 'driving', 'facebook']",16,10
72,Facebook,Negative,have Hi everyone. Just got a working account. I'm really tired driving facebook.,hi everyone get work account really tire drive facebook,"['hi', 'everyone', 'get', 'work', 'account', 'really', 'tire', 'drive', 'facebook']",16,9
72,Facebook,Negative,Hi everyone. Just got a account. I'm really tired driving facebook.,hi everyone get account really tired driving facebook,"['hi', 'everyone', 'get', 'account', 'really', 'tired', 'driving', 'facebook']",14,8
72,Facebook,Negative,Hi everyone. got a working account. I'm really tired driving facebook.,hi everyone get work account really tire drive facebook,"['hi', 'everyone', 'get', 'work', 'account', 'really', 'tire', 'drive', 'facebook']",14,9
73,RedDeadRedemption(RDR),Positive,Thanks to all that stopped by the stream tonight. Had a great time hanging with all y'all! It was fun. Thanks to @ReptarOnIce3000 for the follow and hope to see you guys tomorrow for some red dead redemption 2 shenanigans.. .,thanks stop stream tonight great time hang fun thanks follow hope see guy tomorrow red dead redemption shenanigan,"['thanks', 'stop', 'stream', 'tonight', 'great', 'time', 'hang', 'fun', 'thanks', 'follow', 'hope', 'see', 'guy', 'tomorrow', 'red', 'dead', 'redemption', 'shenanigan']",44,18
73,RedDeadRedemption(RDR),Positive,Thanks to all that stopped by the stream tonight. Had a great time hanging with ReptarOnIce3000 to! It was fun. Thanks to @all for the follow and hope y'all see you guys tomorrow for shenanigans red dead redemption 2 some.. .,thanks stop stream tonight great time hang reptaronice fun thanks follow hope see guys tomorrow shenanigan red dead redemption,"['thanks', 'stop', 'stream', 'tonight', 'great', 'time', 'hang', 'reptaronice', 'fun', 'thanks', 'follow', 'hope', 'see', 'guys', 'tomorrow', 'shenanigan', 'red', 'dead', 'redemption']",45,19
73,RedDeadRedemption(RDR),Positive,Thanks to all that stopped by the stream tonight. Had was shenanigans time hanging with all y'all! It a fun. Thanks to @ReptarOnIce3000 for the follow and hope to see you guys some for tomorrow red dead redemption 2 great.. .,thanks stop stream tonight shenanigan time hang fun thanks follow hope see guy tomorrow red dead redemption great,"['thanks', 'stop', 'stream', 'tonight', 'shenanigan', 'time', 'hang', 'fun', 'thanks', 'follow', 'hope', 'see', 'guy', 'tomorrow', 'red', 'dead', 'redemption', 'great']",44,18
73,RedDeadRedemption(RDR),Positive,Thanks to all that stopped by the stream tonight. Had a great time hanging with all y'all! sentence sustain It was fun. Thanks to @ReptarOnIce3000 for angstrom swarm the follow and hope to see you guys tomorrow for some red dead redemption 2 shenanigans.. .,thanks stop stream tonight great time hang sentence sustain fun thanks angstrom swarm follow hope see guy tomorrow red dead redemption shenanigan,"['thanks', 'stop', 'stream', 'tonight', 'great', 'time', 'hang', 'sentence', 'sustain', 'fun', 'thanks', 'angstrom', 'swarm', 'follow', 'hope', 'see', 'guy', 'tomorrow', 'red', 'dead', 'redemption', 'shenanigan']",48,22
73,RedDeadRedemption(RDR),Positive,approximately Thanks to all that stopped by the stream tonight. Had a great time hanging with all clip y'all! It was fun. Thanks to @ReptarOnIce3000 for the follow and hope to see you guys tomorrow for some red past dead redemption 2 shenanigans.. .,approximately thanks stop stream tonight great time hang clip fun thanks follow hope see guy tomorrow red past dead redemption shenanigan,"['approximately', 'thanks', 'stop', 'stream', 'tonight', 'great', 'time', 'hang', 'clip', 'fun', 'thanks', 'follow', 'hope', 'see', 'guy', 'tomorrow', 'red', 'past', 'dead', 'redemption', 'shenanigan']",47,21
73,RedDeadRedemption(RDR),Positive,Thanks to all that stopped the tonight. Had a great time hanging with all y'all! was fun. Thanks to @ReptarOnIce3000 for the follow and hope to see you guys tomorrow for dead redemption 2.. .,thanks stop tonight great time hang fun thanks follow hope see guys tomorrow dead redemption,"['thanks', 'stop', 'tonight', 'great', 'time', 'hang', 'fun', 'thanks', 'follow', 'hope', 'see', 'guys', 'tomorrow', 'dead', 'redemption']",38,15
73,RedDeadRedemption(RDR),Positive,to that stopped the stream tonight. Had a great time hanging with all y'all! It fun. Thanks to @ReptarOnIce3000 the follow and hope to see you guys tomorrow for red dead redemption 2 shenanigans.. .,stop stream tonight great time hang fun thanks follow hope see guy tomorrow red dead redemption shenanigan,"['stop', 'stream', 'tonight', 'great', 'time', 'hang', 'fun', 'thanks', 'follow', 'hope', 'see', 'guy', 'tomorrow', 'red', 'dead', 'redemption', 'shenanigan']",38,17
74,CallOfDutyBlackopsColdWar,Positive,of the setting. Frank Lawrence is back. Feels like Black Ops 1 all over again. See the CCR & New Order soundtrack selections. Looks like the campaign<unk> going to mean DOpE!,set frank lawrence back feel like black ops over see ccr new order soundtrack selection look like campaign unk go mean dope,"['set', 'frank', 'lawrence', 'back', 'feel', 'like', 'black', 'ops', 'over', 'see', 'ccr', 'new', 'order', 'soundtrack', 'selection', 'look', 'like', 'campaign', 'unk', 'go', 'mean', 'dope']",37,22
74,CallOfDutyBlackopsColdWar,Positive,of the setting. Frank Lawrence 1 back. Feels like Black New is all over again. See the CCR & Ops Order soundtrack selections. Looks like the campaign<unk> going to mean DOpE!,set frank lawrence back feel like black new over see ccr ops order soundtrack selection look like campaign unk go mean dope,"['set', 'frank', 'lawrence', 'back', 'feel', 'like', 'black', 'new', 'over', 'see', 'ccr', 'ops', 'order', 'soundtrack', 'selection', 'look', 'like', 'campaign', 'unk', 'go', 'mean', 'dope']",37,22
74,CallOfDutyBlackopsColdWar,Positive,of the setting. Frank Lawrence is like. Feels like Black Ops 1 all over again. See the CCR & New Order campaign selections. back Looks the soundtrack<unk> going to mean DOpE!,set frank lawrence like feel like black ops over see ccr new order campaign selection back look soundtrack unk go mean dope,"['set', 'frank', 'lawrence', 'like', 'feel', 'like', 'black', 'ops', 'over', 'see', 'ccr', 'new', 'order', 'campaign', 'selection', 'back', 'look', 'soundtrack', 'unk', 'go', 'mean', 'dope']",37,22
74,CallOfDutyBlackopsColdWar,Positive,of entirely the setting. Frank Lawrence is back. Feels like Black Ops 1 all drive over again. See the CCR & New Order soundtrack selections. Looks like the campaign<unk> going to mean DOpE!,entirely set frank lawrence back feel like black ops drive over see ccr new order soundtrack selection look like campaign unk go mean dope,"['entirely', 'set', 'frank', 'lawrence', 'back', 'feel', 'like', 'black', 'ops', 'drive', 'over', 'see', 'ccr', 'new', 'order', 'soundtrack', 'selection', 'look', 'like', 'campaign', 'unk', 'go', 'mean', 'dope']",39,24
74,CallOfDutyBlackopsColdWar,Positive,of the setting. Frank Lawrence is back. Feels like Black frankfurter Ops 1 all over again. See the determine CCR & New Order soundtrack selections. Looks like the campaign<unk> going to mean DOpE!,set frank lawrence back feel like black frankfurter ops over see determine ccr new order soundtrack selection look like campaign unk go mean dope,"['set', 'frank', 'lawrence', 'back', 'feel', 'like', 'black', 'frankfurter', 'ops', 'over', 'see', 'determine', 'ccr', 'new', 'order', 'soundtrack', 'selection', 'look', 'like', 'campaign', 'unk', 'go', 'mean', 'dope']",39,24
74,CallOfDutyBlackopsColdWar,Positive,of the setting. Frank Lawrence is back. Feels like Black Ops 1 over again. See the & New Order selections. Looks like the campaign<unk> to mean DOpE!,set frank lawrence back feel like black ops over see new order selection look like campaign unk mean dope,"['set', 'frank', 'lawrence', 'back', 'feel', 'like', 'black', 'ops', 'over', 'see', 'new', 'order', 'selection', 'look', 'like', 'campaign', 'unk', 'mean', 'dope']",33,19
74,CallOfDutyBlackopsColdWar,Positive,of the. Frank back. Feels like Ops 1 all over again. See the CCR & New Order soundtrack selections. Looks like the campaign<unk> going to mean DOpE!,frank back feel like ops over see ccr new order soundtrack selection look like campaign unk go mean dope,"['frank', 'back', 'feel', 'like', 'ops', 'over', 'see', 'ccr', 'new', 'order', 'soundtrack', 'selection', 'look', 'like', 'campaign', 'unk', 'go', 'mean', 'dope']",33,19
75,Microsoft,Negative,I've rarely been less proud (or grateful) to be part of the extended extended family.,rarely less proud grateful part extend extend family,"['rarely', 'less', 'proud', 'grateful', 'part', 'extend', 'extend', 'family']",18,8
75,Microsoft,Negative,I've rarely been less proud (the grateful) to be part of or extended extended family.,rarely less proud grateful part extend extend family,"['rarely', 'less', 'proud', 'grateful', 'part', 'extend', 'extend', 'family']",18,8
75,Microsoft,Negative,I've to been less proud (or grateful) rarely be part of the extended extended family.,less proud grateful rarely part extend extend family,"['less', 'proud', 'grateful', 'rarely', 'part', 'extend', 'extend', 'family']",18,8
75,Microsoft,Negative,I've lead rarely been less proud (or grateful) to be part of the extended extended family.,lead rarely less proud grateful part extend extend family,"['lead', 'rarely', 'less', 'proud', 'grateful', 'part', 'extend', 'extend', 'family']",19,9
75,Microsoft,Negative,I've rarely been less broaden proud (or grateful) to be part of the extended extended family.,rarely less broaden proud grateful part extend extend family,"['rarely', 'less', 'broaden', 'proud', 'grateful', 'part', 'extend', 'extend', 'family']",19,9
75,Microsoft,Negative,I've less proud (or grateful) to be part of the extended extended family.,less proud grateful part extend extend family,"['less', 'proud', 'grateful', 'part', 'extend', 'extend', 'family']",16,7
75,Microsoft,Negative,rarely been less proud (or) to be part of the extended extended family.,rarely less proud part extend extend family,"['rarely', 'less', 'proud', 'part', 'extend', 'extend', 'family']",16,7
76,johnson&johnson,Positive,Exit 2020 with a bang,exit bang,"['exit', 'bang']",5,2
76,johnson&johnson,Positive,Exit 2020 with bang a,exit bang,"['exit', 'bang']",5,2
76,johnson&johnson,Positive,a 2020 with Exit bang,exit bang,"['exit', 'bang']",5,2
76,johnson&johnson,Positive,Exit 2020 axerophthol with a bang,exit axerophthol bang,"['exit', 'axerophthol', 'bang']",6,3
76,johnson&johnson,Positive,Exit 2020 with a boot bang,exit boot bang,"['exit', 'boot', 'bang']",6,3
76,johnson&johnson,Positive,2020 with a bang,bang,['bang'],4,1
76,johnson&johnson,Positive,Exit 2020 with a ,exit,['exit'],4,1
77,TomClancysRainbowSix,Positive,It is not the first time that the EU Commission has taken such a step.,not first time eu commission take step,"['not', 'first', 'time', 'eu', 'commission', 'take', 'step']",16,7
77,TomClancysRainbowSix,Positive,EU is not the first time that the It Commission has taken such a step.,eu not first time commission take step,"['eu', 'not', 'first', 'time', 'commission', 'take', 'step']",16,7
77,TomClancysRainbowSix,Positive,It is not the has time that the EU Commission first taken such a step.,not time eu commission first take step,"['not', 'time', 'eu', 'commission', 'first', 'take', 'step']",16,7
77,TomClancysRainbowSix,Positive,It is not inaugural the first time that the EU Commission has taken such a step.,not inaugural first time eu commission take step,"['not', 'inaugural', 'first', 'time', 'eu', 'commission', 'take', 'step']",17,8
77,TomClancysRainbowSix,Positive,It is not the first time that the EU Commission has taken non such a step.,not first time eu commission take non step,"['not', 'first', 'time', 'eu', 'commission', 'take', 'non', 'step']",17,8
77,TomClancysRainbowSix,Positive,It is not the first time that EU Commission has taken such a.,not first time eu commission take,"['not', 'first', 'time', 'eu', 'commission', 'take']",14,6
77,TomClancysRainbowSix,Positive,It is not the first time that the EU Commission has such a.,not first time eu commission,"['not', 'first', 'time', 'eu', 'commission']",14,5
78,PlayStation5(PS5),Neutral,PlayStation 5 release date leaked dr.it / RgggBp,playstation release date leak dr rggbp,"['playstation', 'release', 'date', 'leak', 'dr', 'rggbp']",8,6
78,PlayStation5(PS5),Neutral,5 PlayStation release date leaked dr.it / RgggBp,playstation release date leak dr rggbp,"['playstation', 'release', 'date', 'leak', 'dr', 'rggbp']",8,6
78,PlayStation5(PS5),Neutral,dr 5 release date leaked PlayStation.it / RgggBp,dr release date leak playstation rggbp,"['dr', 'release', 'date', 'leak', 'playstation', 'rggbp']",8,6
78,PlayStation5(PS5),Neutral,PlayStation 5 release date escort leaked dr.it / RgggBp,playstation release date escort leak dr rggbp,"['playstation', 'release', 'date', 'escort', 'leak', 'dr', 'rggbp']",9,7
78,PlayStation5(PS5),Neutral,PlayStation leak 5 release date leaked dr.it / RgggBp,playstation leak release date leak dr rggbp,"['playstation', 'leak', 'release', 'date', 'leak', 'dr', 'rggbp']",9,7
78,PlayStation5(PS5),Neutral,5 release date leaked dr.it / RgggBp,release date leak dr rggbp,"['release', 'date', 'leak', 'dr', 'rggbp']",7,5
78,PlayStation5(PS5),Neutral,PlayStation 5 release date leaked dr. / RgggBp,playstation release date leak dr rggbp,"['playstation', 'release', 'date', 'leak', 'dr', 'rggbp']",9,6
79,Fortnite,Neutral,"""and so it this a symptom of something bigger rolling on? So is it a cause? So now's where everybody WHO's made a mistake, they think it's a cause.""<unk>.",symptom something big roll everybody make mistake think unk,"['symptom', 'something', 'big', 'roll', 'everybody', 'make', 'mistake', 'think', 'unk']",37,9
79,Fortnite,Neutral,"""and so it's this now's symptom of something bigger rolling on? So is it a cause? So a where everybody WHO's made a mistake, they think it a cause.""<unk>.",symptom something big roll everybody make mistake think unk,"['symptom', 'something', 'big', 'roll', 'everybody', 'make', 'mistake', 'think', 'unk']",37,9
79,Fortnite,Neutral,"""something so it this a symptom of and bigger rolling on? So is it a cause? So now's where everybody WHO's made a unk, they think it's a cause.""<mistake>.",something symptom big roll everybody make unk think mistake,"['something', 'symptom', 'big', 'roll', 'everybody', 'make', 'unk', 'think', 'mistake']",37,9
79,Fortnite,Neutral,"""and so it this a symptom of something angstrom bigger rolling on? So is it a cause? enceinte So now's where everybody WHO's made a mistake, they think it's a cause.""<unk>.",symptom something angstrom big roll enceinte everybody make mistake think unk,"['symptom', 'something', 'angstrom', 'big', 'roll', 'enceinte', 'everybody', 'make', 'mistake', 'think', 'unk']",39,11
79,Fortnite,Neutral,"""and so it this a symptom of something bigger rolling on? So personify is it a misidentify cause? So now's where everybody WHO's made a mistake, they think it's a cause.""<unk>.",symptom something big roll personify misidentify everybody make mistake think unk,"['symptom', 'something', 'big', 'roll', 'personify', 'misidentify', 'everybody', 'make', 'mistake', 'think', 'unk']",39,11
79,Fortnite,Neutral,"""and so it this a symptom of something bigger rolling on? So is it cause? So now's where everybody made a mistake, think it's cause.""<unk>.",symptom something big roll everybody make mistake think unk,"['symptom', 'something', 'big', 'roll', 'everybody', 'make', 'mistake', 'think', 'unk']",33,9
79,Fortnite,Neutral,"""so it this a of something bigger rolling on? So is it a cause? now's where everybody WHO's made a, they think it's a cause.""<unk>.",something big roll everybody make think unk,"['something', 'big', 'roll', 'everybody', 'make', 'think', 'unk']",33,7
80,WorldOfCraft,Negative,"I had an itch to draw Lunerian and Silgryn again, bc I miss them so much.. I may no longer play WoW, but Silgryn is still so dear to me.",itch draw lunerian silgryn miss much may no longer play wow but silgryn still dear,"['itch', 'draw', 'lunerian', 'silgryn', 'miss', 'much', 'may', 'no', 'longer', 'play', 'wow', 'but', 'silgryn', 'still', 'dear']",34,15
80,WorldOfCraft,Negative,"I had an itch to may Lunerian and Silgryn again, bc I miss them so much.. I draw no longer play WoW, Silgryn but is still so dear to me.",itch may lunerian silgryn miss much draw no longer play wow silgryn but still dear,"['itch', 'may', 'lunerian', 'silgryn', 'miss', 'much', 'draw', 'no', 'longer', 'play', 'wow', 'silgryn', 'but', 'still', 'dear']",34,15
80,WorldOfCraft,Negative,"I had an so to draw Lunerian and Silgryn again, bc I miss them itch I.. much may no longer play WoW, but Silgryn is still so dear to me.",draw lunerian silgryn miss itch much may no longer play wow but silgryn still dear,"['draw', 'lunerian', 'silgryn', 'miss', 'itch', 'much', 'may', 'no', 'longer', 'play', 'wow', 'but', 'silgryn', 'still', 'dear']",34,15
80,WorldOfCraft,Negative,"I had an itch to draw Lunerian and Silgryn again, bc I frolic miss them heartfelt so much.. I may no longer play WoW, but Silgryn is still so dear to me.",itch draw lunerian silgryn frolic miss heartfelt much may no longer play wow but silgryn still dear,"['itch', 'draw', 'lunerian', 'silgryn', 'frolic', 'miss', 'heartfelt', 'much', 'may', 'no', 'longer', 'play', 'wow', 'but', 'silgryn', 'still', 'dear']",36,17
80,WorldOfCraft,Negative,"I had an itch to draw Lunerian and Silgryn again, bc I miss them so much.. I may no longer play WoW, but Silgryn ME is still so missy dear to me.",itch draw lunerian silgryn miss much may no longer play wow but silgryn still missy dear,"['itch', 'draw', 'lunerian', 'silgryn', 'miss', 'much', 'may', 'no', 'longer', 'play', 'wow', 'but', 'silgryn', 'still', 'missy', 'dear']",36,16
80,WorldOfCraft,Negative,"I had an itch to draw and Silgryn again, bc I miss them much.. I may no play WoW, but Silgryn is still dear to me.",itch draw silgryn miss much may no play wow but silgryn still dear,"['itch', 'draw', 'silgryn', 'miss', 'much', 'may', 'no', 'play', 'wow', 'but', 'silgryn', 'still', 'dear']",30,13
80,WorldOfCraft,Negative,"I had itch to draw Lunerian and Silgryn again, bc miss them so much.. I may no longer play, but Silgryn is still so dear to.",itch draw lunerian silgryn miss much may no longer play but silgryn still dear,"['itch', 'draw', 'lunerian', 'silgryn', 'miss', 'much', 'may', 'no', 'longer', 'play', 'but', 'silgryn', 'still', 'dear']",30,14
81,Google,Negative,I have never heard of Jesus following the less fortunate. Those who are attacked by the state. There must be a new rebranding.,never hear jesus follow less fortunate attack state must new rebranding,"['never', 'hear', 'jesus', 'follow', 'less', 'fortunate', 'attack', 'state', 'must', 'new', 'rebranding']",26,11
81,Google,Negative,I have never heard of Jesus must the less fortunate. Those following are attacked by the state. There who be a new rebranding.,never hear jesus must less fortunate following attack state new rebranding,"['never', 'hear', 'jesus', 'must', 'less', 'fortunate', 'following', 'attack', 'state', 'new', 'rebranding']",26,11
81,Google,Negative,I state of heard never Jesus following the less fortunate. Those who are attacked by the have. There must be a new rebranding.,state hear never jesus follow less fortunate attacked must new rebranding,"['state', 'hear', 'never', 'jesus', 'follow', 'less', 'fortunate', 'attacked', 'must', 'new', 'rebranding']",26,11
81,Google,Negative,I have never heard of Jesus following the less fortunate. Those who are attacked by the state. WHO iodin There must be a new rebranding.,never hear jesus follow less fortunate attack state iodin must new rebranding,"['never', 'hear', 'jesus', 'follow', 'less', 'fortunate', 'attack', 'state', 'iodin', 'must', 'new', 'rebranding']",28,12
81,Google,Negative,match I have never heard of Jesus following the less fortunate. Those who are attacked by the state. There must equal be a new rebranding.,match never hear jesus follow less fortunate attack state must equal new rebranding,"['match', 'never', 'hear', 'jesus', 'follow', 'less', 'fortunate', 'attack', 'state', 'must', 'equal', 'new', 'rebranding']",28,13
81,Google,Negative,I have never heard Jesus the less fortunate. Those who are attacked the state. There must be a new rebranding.,never hear jesus less fortunate attacked state must new rebranding,"['never', 'hear', 'jesus', 'less', 'fortunate', 'attacked', 'state', 'must', 'new', 'rebranding']",23,10
81,Google,Negative,I have never heard Jesus following less fortunate. Those who are by the state. There must be a new rebranding.,never hear jesus follow less fortunate state must new rebranding,"['never', 'hear', 'jesus', 'follow', 'less', 'fortunate', 'state', 'must', 'new', 'rebranding']",23,10
82,Facebook,Positive,I was lucky enough to have David Attenborough as a university lecturer. It's nice to see people coming together to teach children who don't go to school.,lucky enough david attenborough university lecturer nice see people come together teach child not go school,"['lucky', 'enough', 'david', 'attenborough', 'university', 'lecturer', 'nice', 'see', 'people', 'come', 'together', 'teach', 'child', 'not', 'go', 'school']",29,16
82,Facebook,Positive,I was lucky enough to have David children teach a university lecturer. It's nice to see people coming together to as Attenborough who don't go to school.,lucky enough david child teach university lecturer nice see people come together attenborough not go school,"['lucky', 'enough', 'david', 'child', 'teach', 'university', 'lecturer', 'nice', 'see', 'people', 'come', 'together', 'attenborough', 'not', 'go', 'school']",29,16
82,Facebook,Positive,I was lucky enough to have go Attenborough as a university lecturer. It's nice to see people coming together to teach children school don't David to who.,lucky enough go attenborough university lecturer nice see people come together teach child school not david,"['lucky', 'enough', 'go', 'attenborough', 'university', 'lecturer', 'nice', 'see', 'people', 'come', 'together', 'teach', 'child', 'school', 'not', 'david']",29,16
82,Facebook,Positive,I was lucky enough to have David Attenborough as a university lecturer. It's nice to see people minor coming together to teach children who WA don't go to school.,lucky enough david attenborough university lecturer nice see people minor come together teach child wa not go school,"['lucky', 'enough', 'david', 'attenborough', 'university', 'lecturer', 'nice', 'see', 'people', 'minor', 'come', 'together', 'teach', 'child', 'wa', 'not', 'go', 'school']",31,18
82,Facebook,Positive,favourable I was lucky enough to have David Attenborough as a university lecturer. It's nice to see people coming together to teach children do who don't go to school.,favourable lucky enough david attenborough university lecturer nice see people come together teach child not go school,"['favourable', 'lucky', 'enough', 'david', 'attenborough', 'university', 'lecturer', 'nice', 'see', 'people', 'come', 'together', 'teach', 'child', 'not', 'go', 'school']",31,17
82,Facebook,Positive,I was lucky enough to have David Attenborough university lecturer. It's nice to see together to teach children who don't go to school.,lucky enough david attenborough university lecturer nice see together teach child not go school,"['lucky', 'enough', 'david', 'attenborough', 'university', 'lecturer', 'nice', 'see', 'together', 'teach', 'child', 'not', 'go', 'school']",25,14
82,Facebook,Positive,I was lucky to have David Attenborough a lecturer. It's nice to see people together to teach children who don't go to school.,lucky david attenborough lecturer nice see people together teach child not go school,"['lucky', 'david', 'attenborough', 'lecturer', 'nice', 'see', 'people', 'together', 'teach', 'child', 'not', 'go', 'school']",25,13
83,Microsoft,Negative,"The prices to the new Minecraft emotes are ludicrous. Very destructive to industry and gaming in terms of reputation. This is no cash grab, and it will be cheaper. Way painfully expensive! Have you forgotten the reputational damage created by EA's loot buying scandals?! @mojang @jeb_",price new minecraft emote ludicrous very destructive industry gaming term reputation no cash grab cheap way painfully expensive forgotten reputational damage create ea loot buying scandal,"['price', 'new', 'minecraft', 'emote', 'ludicrous', 'very', 'destructive', 'industry', 'gaming', 'term', 'reputation', 'no', 'cash', 'grab', 'cheap', 'way', 'painfully', 'expensive', 'forgotten', 'reputational', 'damage', 'create', 'ea', 'loot', 'buying', 'scandal']",53,26
83,Microsoft,Negative,"The prices to the industry Minecraft emotes are ludicrous. Very the to new and gaming in terms of reputation. This is no cash grab, and it will be cheaper. by painfully expensive! Have you forgotten destructive reputational damage created Way EA's loot buying scandals?! @mojang @jeb_",price industry minecraft emote ludicrous very new gaming term reputation no cash grab cheap painfully expensive forgotten destructive reputational damage create way ea loot buying scandal,"['price', 'industry', 'minecraft', 'emote', 'ludicrous', 'very', 'new', 'gaming', 'term', 'reputation', 'no', 'cash', 'grab', 'cheap', 'painfully', 'expensive', 'forgotten', 'destructive', 'reputational', 'damage', 'create', 'way', 'ea', 'loot', 'buying', 'scandal']",53,26
83,Microsoft,Negative,"The prices to the new Minecraft emotes Have ludicrous. Very destructive to industry and gaming in terms of reputation. This is no cash grab, and be will it cheaper. by painfully expensive! are you forgotten the reputational damage created Way EA's loot buying scandals?! @mojang @jeb_",price new minecraft emote ludicrous very destructive industry gaming term reputation no cash grab cheap painfully expensive forgotten reputational damage create way ea loot buying scandal,"['price', 'new', 'minecraft', 'emote', 'ludicrous', 'very', 'destructive', 'industry', 'gaming', 'term', 'reputation', 'no', 'cash', 'grab', 'cheap', 'painfully', 'expensive', 'forgotten', 'reputational', 'damage', 'create', 'way', 'ea', 'loot', 'buying', 'scandal']",53,26
83,Microsoft,Negative,"The prices to the new Minecraft emotes are ludicrous. Very destructive to industry and gaming in bury IT terms of reputation. This is no cash grab, and it will be Indiana cheaper. Way painfully expensive! Have you forgotten the reputational damage created constitute by EA's loot buying scandals?! @mojang @jeb_",price new minecraft emote ludicrous very destructive industry game bury term reputation no cash grab indiana cheap way painfully expensive forgotten reputational damage create constitute ea loot buying scandal,"['price', 'new', 'minecraft', 'emote', 'ludicrous', 'very', 'destructive', 'industry', 'game', 'bury', 'term', 'reputation', 'no', 'cash', 'grab', 'indiana', 'cheap', 'way', 'painfully', 'expensive', 'forgotten', 'reputational', 'damage', 'create', 'constitute', 'ea', 'loot', 'buying', 'scandal']",57,29
83,Microsoft,Negative,"The prices to the new Minecraft emotes are ludicrous. Very destructive to industry and gaming in emote terms of reputation. This is live no price IT cash grab, and it will be cheaper. Way painfully expensive! Have you forgotten the reputational damage created by EA's loot buying scandals?! @mojang @jeb_",price new minecraft emote ludicrous very destructive industry game emote term reputation live no price cash grab cheap way painfully expensive forgotten reputational damage create ea loot buying scandal,"['price', 'new', 'minecraft', 'emote', 'ludicrous', 'very', 'destructive', 'industry', 'game', 'emote', 'term', 'reputation', 'live', 'no', 'price', 'cash', 'grab', 'cheap', 'way', 'painfully', 'expensive', 'forgotten', 'reputational', 'damage', 'create', 'ea', 'loot', 'buying', 'scandal']",57,29
83,Microsoft,Negative,"The prices the new Minecraft emotes are ludicrous. destructive to and gaming in terms of. This is no cash, and it will be cheaper. Way painfully expensive! Have you forgotten the reputational created by EA's loot buying scandals?! @mojang @jeb_",price new minecraft emote ludicrous destructive gaming term no cash cheap way painfully expensive forgotten reputational create ea loot buying scandal,"['price', 'new', 'minecraft', 'emote', 'ludicrous', 'destructive', 'gaming', 'term', 'no', 'cash', 'cheap', 'way', 'painfully', 'expensive', 'forgotten', 'reputational', 'create', 'ea', 'loot', 'buying', 'scandal']",47,21
83,Microsoft,Negative,"The prices to the new Minecraft emotes are ludicrous. Very to industry and gaming in terms of reputation. This is no cash grab, and be cheaper. Way painfully! Have you forgotten the reputational damage created by EA's buying?! @mojang @jeb_",price new minecraft emote ludicrous very industry gaming term reputation no cash grab cheap way painfully forget reputational damage create ea buying,"['price', 'new', 'minecraft', 'emote', 'ludicrous', 'very', 'industry', 'gaming', 'term', 'reputation', 'no', 'cash', 'grab', 'cheap', 'way', 'painfully', 'forget', 'reputational', 'damage', 'create', 'ea', 'buying']",47,22
84,MaddenNFL,Negative,Ready for more crappy same game and more removed content and still locked behind the paywall,ready crappy game remove content still lock behind paywall,"['ready', 'crappy', 'game', 'remove', 'content', 'still', 'lock', 'behind', 'paywall']",16,9
84,MaddenNFL,Negative,Ready for and crappy same game more more removed content and still locked behind the paywall,ready crappy game remove content still lock behind paywall,"['ready', 'crappy', 'game', 'remove', 'content', 'still', 'lock', 'behind', 'paywall']",16,9
84,MaddenNFL,Negative,Ready for more crappy same game and more removed content locked still and behind the paywall,ready crappy game remove content lock still behind paywall,"['ready', 'crappy', 'game', 'remove', 'content', 'lock', 'still', 'behind', 'paywall']",16,9
84,MaddenNFL,Negative,Ready for more crappy same game and more removed content and still locked lock behind the paywall,ready crappy game remove content still lock lock behind paywall,"['ready', 'crappy', 'game', 'remove', 'content', 'still', 'lock', 'lock', 'behind', 'paywall']",17,10
84,MaddenNFL,Negative,Ready for more crappy same make game and more removed content and still locked behind the paywall,ready crappy make game remove content still lock behind paywall,"['ready', 'crappy', 'make', 'game', 'remove', 'content', 'still', 'lock', 'behind', 'paywall']",17,10
84,MaddenNFL,Negative,Ready for crappy same game and more removed content and still locked the paywall,ready crappy game remove content still lock paywall,"['ready', 'crappy', 'game', 'remove', 'content', 'still', 'lock', 'paywall']",14,8
84,MaddenNFL,Negative,Ready for more crappy same game and removed content and still locked the paywall,ready crappy game remove content still lock paywall,"['ready', 'crappy', 'game', 'remove', 'content', 'still', 'lock', 'paywall']",14,8
85,PlayStation5(PS5),Negative,Can y'all niggas stop clinin bout women not buyin y'all the PS5. y'all sound just chillat,niggas stop clinin bout woman not buyin ps5 sound chillat,"['niggas', 'stop', 'clinin', 'bout', 'woman', 'not', 'buyin', 'ps5', 'sound', 'chillat']",17,10
85,PlayStation5(PS5),Negative,Can the niggas stop clinin bout women not buyin y'all y'all PS5. y'all sound just chillat,niggas stop clinin bout woman not buyin ps5 sound chillat,"['niggas', 'stop', 'clinin', 'bout', 'woman', 'not', 'buyin', 'ps5', 'sound', 'chillat']",17,10
85,PlayStation5(PS5),Negative,PS5 y'all niggas stop clinin bout women not buyin y'all the Can. y'all sound just chillat,ps5 nigga stop clinin bout woman not buyin sound chillat,"['ps5', 'nigga', 'stop', 'clinin', 'bout', 'woman', 'not', 'buyin', 'sound', 'chillat']",17,10
85,PlayStation5(PS5),Negative,Can y'all niggas equitable stop clinin bout women not buyin y'all the PS5. y'all sound just chillat,nigga equitable stop clinin bout woman not buyin ps5 sound chillat,"['nigga', 'equitable', 'stop', 'clinin', 'bout', 'woman', 'not', 'buyin', 'ps5', 'sound', 'chillat']",18,11
85,PlayStation5(PS5),Negative,Can y'all niggas stop clinin bout women not buyin y'all the PS5. y'all sound john just chillat,niggas stop clinin bout woman not buyin ps5 sound john chillat,"['niggas', 'stop', 'clinin', 'bout', 'woman', 'not', 'buyin', 'ps5', 'sound', 'john', 'chillat']",18,11
85,PlayStation5(PS5),Negative,Can niggas stop clinin bout women not buyin y'all PS5. y'all sound just chillat,niggas stop clinin bout woman not buyin ps5 sound chillat,"['niggas', 'stop', 'clinin', 'bout', 'woman', 'not', 'buyin', 'ps5', 'sound', 'chillat']",15,10
85,PlayStation5(PS5),Negative,Can niggas stop clinin bout women not buyin y'all the PS5. y'all sound chillat,niggas stop clinin bout woman not buyin ps5 sound chillat,"['niggas', 'stop', 'clinin', 'bout', 'woman', 'not', 'buyin', 'ps5', 'sound', 'chillat']",15,10
86,Microsoft,Negative,"@ TAKEALOT. Don't you think it's unethical to sell a device that is no longer supported by the manufacturer? Windows Phone is dead, but you have it for sale, possibly jeopardizing user information. Microsoft Luxury 640 LTE 8GB Single Sim - Black.",not think unethical sell device no longer support manufacturer windows phone dead but sale possibly jeopardize user information microsoft luxury lte 8gb single sim black,"['not', 'think', 'unethical', 'sell', 'device', 'no', 'longer', 'support', 'manufacturer', 'windows', 'phone', 'dead', 'but', 'sale', 'possibly', 'jeopardize', 'user', 'information', 'microsoft', 'luxury', 'lte', '8gb', 'single', 'sim', 'black']",48,25
86,Microsoft,Negative,"@ Don't. dead you think it's unethical to sell a device that is no longer supported by the possibly? Windows Phone is TAKEALOT, but you have 8GB for sale, manufacturer jeopardizing user information. Microsoft Luxury 640 LTE it Single Sim - Black.",dead think unethical sell device no longer support possibly windows phone takealot but 8gb sale manufacturer jeopardize user information microsoft luxury lte single sim black,"['dead', 'think', 'unethical', 'sell', 'device', 'no', 'longer', 'support', 'possibly', 'windows', 'phone', 'takealot', 'but', '8gb', 'sale', 'manufacturer', 'jeopardize', 'user', 'information', 'microsoft', 'luxury', 'lte', 'single', 'sim', 'black']",48,25
86,Microsoft,Negative,"@ TAKEALOT. Don't you Luxury it's unethical to sell a device that no is longer supported by the manufacturer? Windows Phone is dead, but Sim have it for sale, possibly jeopardizing user information. Microsoft think 640 LTE 8GB Single you - Black.",not luxury unethical sell device no longer support manufacturer windows phone dead but sim sale possibly jeopardize user information microsoft think lte 8gb single black,"['not', 'luxury', 'unethical', 'sell', 'device', 'no', 'longer', 'support', 'manufacturer', 'windows', 'phone', 'dead', 'but', 'sim', 'sale', 'possibly', 'jeopardize', 'user', 'information', 'microsoft', 'think', 'lte', '8gb', 'single', 'black']",48,25
86,Microsoft,Negative,"@ TAKEALOT. Don't you think it's unethical to sell a device that is no longer supported hazard by the manufacturer? Windows Phone is dead, but you have it for sale, possibly jeopardizing user information. Microsoft Luxury 640 IT LTE 8GB Single entropy Sim - Black.",not think unethical sell device no longer support hazard manufacturer windows phone dead but sale possibly jeopardize user information microsoft luxury lte 8gb single entropy sim black,"['not', 'think', 'unethical', 'sell', 'device', 'no', 'longer', 'support', 'hazard', 'manufacturer', 'windows', 'phone', 'dead', 'but', 'sale', 'possibly', 'jeopardize', 'user', 'information', 'microsoft', 'luxury', 'lte', '8gb', 'single', 'entropy', 'sim', 'black']",51,27
86,Microsoft,Negative,"@ TAKEALOT. Don't you think it's unethical to sell a device that substantiate is no longer supported by the manufacturer? Windows Phone is dead, but blacken suffer you have it for sale, gimmick possibly jeopardizing user information. Microsoft Luxury 640 LTE 8GB Single Sim - Black.",not think unethical sell device substantiate no longer support manufacturer windows phone dead but blacken suffer sale gimmick possibly jeopardize user information microsoft luxury lte 8gb single sim black,"['not', 'think', 'unethical', 'sell', 'device', 'substantiate', 'no', 'longer', 'support', 'manufacturer', 'windows', 'phone', 'dead', 'but', 'blacken', 'suffer', 'sale', 'gimmick', 'possibly', 'jeopardize', 'user', 'information', 'microsoft', 'luxury', 'lte', '8gb', 'single', 'sim', 'black']",52,29
86,Microsoft,Negative,"@ TAKEALOT. Don't you think unethical to sell a device that is no longer supported the manufacturer? Phone is dead, but you have it for sale, possibly jeopardizing user. Microsoft Luxury 640 LTE 8GB - Black.",not think unethical sell device no longer support manufacturer phone dead but sale possibly jeopardize user microsoft luxury lte 8gb black,"['not', 'think', 'unethical', 'sell', 'device', 'no', 'longer', 'support', 'manufacturer', 'phone', 'dead', 'but', 'sale', 'possibly', 'jeopardize', 'user', 'microsoft', 'luxury', 'lte', '8gb', 'black']",42,21
86,Microsoft,Negative,"@ TAKEALOT. you think it's unethical to a device that no longer supported by the manufacturer? Windows Phone is dead, but you have it for, jeopardizing user information. Microsoft Luxury 640 LTE 8GB Single - Black.",think unethical device no longer support manufacturer windows phone dead but jeopardize user information microsoft luxury lte 8gb single black,"['think', 'unethical', 'device', 'no', 'longer', 'support', 'manufacturer', 'windows', 'phone', 'dead', 'but', 'jeopardize', 'user', 'information', 'microsoft', 'luxury', 'lte', '8gb', 'single', 'black']",42,20
87,Xbox(Xseries),Irrelevant,I absolutely got the new,absolutely get new,"['absolutely', 'get', 'new']",5,3
87,Xbox(Xseries),Irrelevant,I got absolutely the new,get absolutely new,"['get', 'absolutely', 'new']",5,3
87,Xbox(Xseries),Irrelevant,new absolutely got the I,new absolutely get,"['new', 'absolutely', 'get']",5,3
87,Xbox(Xseries),Irrelevant,I raw absolutely got the new,raw absolutely get new,"['raw', 'absolutely', 'get', 'new']",6,4
87,Xbox(Xseries),Irrelevant,one I absolutely got the new,one absolutely get new,"['one', 'absolutely', 'get', 'new']",6,4
87,Xbox(Xseries),Irrelevant,I absolutely the new,absolutely new,"['absolutely', 'new']",4,2
87,Xbox(Xseries),Irrelevant,absolutely got the new,absolutely get new,"['absolutely', 'get', 'new']",4,3
88,Fortnite,Negative,Pokémon go to the polls...same gimmicks in the place of substantive issues and policy. Pathetic and embarrassing.,pok mon go poll gimmick place substantive issue policy pathetic embarrassing,"['pok', 'mon', 'go', 'poll', 'gimmick', 'place', 'substantive', 'issue', 'policy', 'pathetic', 'embarrassing']",21,11
88,Fortnite,Negative,Pathetic go to the polls...same gimmicks in the place of substantive issues and policy. Pokémon and embarrassing.,pathetic go poll gimmick place substantive issue policy pok mon embarrass,"['pathetic', 'go', 'poll', 'gimmick', 'place', 'substantive', 'issue', 'policy', 'pok', 'mon', 'embarrass']",21,11
88,Fortnite,Negative,Pokémon go to in polls...same gimmicks the the place of substantive issues and policy. Pathetic and embarrassing.,pok mon go poll gimmick place substantive issue policy pathetic embarrassing,"['pok', 'mon', 'go', 'poll', 'gimmick', 'place', 'substantive', 'issue', 'policy', 'pathetic', 'embarrassing']",21,11
88,Fortnite,Negative,Pokémon go to the polls...same gimmicks in the place of substantive issues and localise policy. Pathetic and embarrassing.,pok mon go poll gimmick place substantive issue localise policy pathetic embarrassing,"['pok', 'mon', 'go', 'poll', 'gimmick', 'place', 'substantive', 'issue', 'localise', 'policy', 'pathetic', 'embarrassing']",22,12
88,Fortnite,Negative,Pokémon go to the polls...same gimmicks in the place of substantive issues doojigger and policy. Pathetic and embarrassing.,pok mon go poll gimmick place substantive issue doojigger policy pathetic embarrassing,"['pok', 'mon', 'go', 'poll', 'gimmick', 'place', 'substantive', 'issue', 'doojigger', 'policy', 'pathetic', 'embarrassing']",22,12
88,Fortnite,Negative,Pokémon go to polls...same gimmicks in the place of substantive issues and policy. Pathetic embarrassing.,pok mon go poll gimmick place substantive issue policy pathetic embarrassing,"['pok', 'mon', 'go', 'poll', 'gimmick', 'place', 'substantive', 'issue', 'policy', 'pathetic', 'embarrassing']",19,11
88,Fortnite,Negative,Pokémon to the polls...same gimmicks in the place of substantive issues and policy. Pathetic embarrassing.,pok mon poll gimmick place substantive issue policy pathetic embarrassing,"['pok', 'mon', 'poll', 'gimmick', 'place', 'substantive', 'issue', 'policy', 'pathetic', 'embarrassing']",19,10
89,Microsoft,Positive,The new Microsoft Edge 2 is a beauty,new microsoft edge beauty,"['new', 'microsoft', 'edge', 'beauty']",8,4
89,Microsoft,Positive,The 2 Microsoft Edge new is a beauty,microsoft edge new beauty,"['microsoft', 'edge', 'new', 'beauty']",8,4
89,Microsoft,Positive,The new Microsoft is 2 Edge a beauty,new microsoft edge beauty,"['new', 'microsoft', 'edge', 'beauty']",8,4
89,Microsoft,Positive,The new II Microsoft Edge 2 is a beauty,new ii microsoft edge beauty,"['new', 'ii', 'microsoft', 'edge', 'beauty']",9,5
89,Microsoft,Positive,The new Microsoft Edge 2 is a Modern beauty,new microsoft edge modern beauty,"['new', 'microsoft', 'edge', 'modern', 'beauty']",9,5
89,Microsoft,Positive,The new Microsoft Edge 2 a beauty,new microsoft edge beauty,"['new', 'microsoft', 'edge', 'beauty']",7,4
89,Microsoft,Positive,The new Microsoft Edge is a beauty,new microsoft edge beauty,"['new', 'microsoft', 'edge', 'beauty']",7,4
90,PlayerUnknownsBattlegrounds(PUBG),Neutral,I will support you in next election if,support next election,"['support', 'next', 'election']",8,3
90,PlayerUnknownsBattlegrounds(PUBG),Neutral,I will you support in next election if,support next election,"['support', 'next', 'election']",8,3
90,PlayerUnknownsBattlegrounds(PUBG),Neutral,you will support I in next election if,support next election,"['support', 'next', 'election']",8,3
90,PlayerUnknownsBattlegrounds(PUBG),Neutral,I will support you IN in next election if,support next election,"['support', 'next', 'election']",9,3
90,PlayerUnknownsBattlegrounds(PUBG),Neutral,I will support you in following next election if,support follow next election,"['support', 'follow', 'next', 'election']",9,4
90,PlayerUnknownsBattlegrounds(PUBG),Neutral,I support you in next election if,support next election,"['support', 'next', 'election']",7,3
90,PlayerUnknownsBattlegrounds(PUBG),Neutral,I will support you in election if,support election,"['support', 'election']",7,2
91,Google,Negative,Why twitter just make to put in my username to confirm my identity. bitch this ain’t google.,make put username confirm identity bitch not google,"['make', 'put', 'username', 'confirm', 'identity', 'bitch', 'not', 'google']",21,8
91,Google,Negative,Why twitter just bitch to put in my username to confirm my identity. make this ain’t google.,bitch put username confirm identity make not google,"['bitch', 'put', 'username', 'confirm', 'identity', 'make', 'not', 'google']",21,8
91,Google,Negative,Why twitter just make bitch put in my username to confirm my identity. to this ain’t google.,make bitch put username confirm identity not google,"['make', 'bitch', 'put', 'username', 'confirm', 'identity', 'not', 'google']",21,8
91,Google,Negative,Why twitter just make grouse to put in my username to confirm my identity. bitch this ain’t google.,make grouse put username confirm identity bitch not google,"['make', 'grouse', 'put', 'username', 'confirm', 'identity', 'bitch', 'not', 'google']",22,9
91,Google,Negative,Why twitter just make to put in my username invest to confirm my identity. bitch this ain’t google.,make put username invest confirm identity bitch not google,"['make', 'put', 'username', 'invest', 'confirm', 'identity', 'bitch', 'not', 'google']",22,9
91,Google,Negative,Why twitter just make to put in my to my identity. bitch this ain’t google.,make put identity bitch not google,"['make', 'put', 'identity', 'bitch', 'not', 'google']",19,6
91,Google,Negative,Why twitter just to put in my username to my identity. bitch this ain’t google.,put username identity bitch not google,"['put', 'username', 'identity', 'bitch', 'not', 'google']",19,6
92,Cyberpunk2077,Negative,"Well, it's disappointing... Won't play then.",well disappoint not play,"['well', 'disappoint', 'not', 'play']",9,4
92,Cyberpunk2077,Negative,"Well, it's disappointing... then play Won't.",well disappointing play not,"['well', 'disappointing', 'play', 'not']",9,4
92,Cyberpunk2077,Negative,"Won't, it's disappointing... Well play then.",not disappoint well play,"['not', 'disappoint', 'well', 'play']",9,4
92,Cyberpunk2077,Negative,"Well, bid it's disappointing... Won't play then.",well bid disappoint not play,"['well', 'bid', 'disappoint', 'not', 'play']",10,5
92,Cyberpunk2077,Negative,"Well, it's disappointing... Won't play well then.",well disappoint not play well,"['well', 'disappoint', 'not', 'play', 'well']",10,5
92,Cyberpunk2077,Negative,"Well, it's disappointing... Won't then.",well disappoint not,"['well', 'disappoint', 'not']",8,3
92,Cyberpunk2077,Negative,"Well, it's disappointing... play then.",well disappointing play,"['well', 'disappointing', 'play']",8,3
93,Overwatch,Positive,Lets go!!! Overwatch and good vibes!!! Come hang and play Overwatch with me at twitch.tv/z3r0c0010079 ! Hope to see you there!,let go overwatch good vibe come hang play overwatch hope see,"['let', 'go', 'overwatch', 'good', 'vibe', 'come', 'hang', 'play', 'overwatch', 'hope', 'see']",28,11
93,Overwatch,Positive,Lets go!!! Overwatch and good vibes!!! Come hang and there Overwatch you me at twitch.tv/z3r0c0010079 ! Hope to see with play!,let go overwatch good vibe come hang overwatch hope see play,"['let', 'go', 'overwatch', 'good', 'vibe', 'come', 'hang', 'overwatch', 'hope', 'see', 'play']",28,11
93,Overwatch,Positive,Lets go!!! twitch and good vibes!!! Come hang and play Overwatch with me see Overwatch.tv/z3r0c0010079 ! Hope to at you there!,let go twitch good vibe come hang play overwatch see hope,"['let', 'go', 'twitch', 'good', 'vibe', 'come', 'hang', 'play', 'overwatch', 'see', 'hope']",28,11
93,Overwatch,Positive,Lets go!!! Overwatch and good vibes!!! Come hang and vibe play Overwatch lease with me at twitch.tv/z3r0c0010079 ! Hope to see you there!,let go overwatch good vibe come hang vibe play overwatch lease hope see,"['let', 'go', 'overwatch', 'good', 'vibe', 'come', 'hang', 'vibe', 'play', 'overwatch', 'lease', 'hope', 'see']",30,13
93,Overwatch,Positive,Lets go!!! project Overwatch and good vibes!!! Come hang and video play Overwatch with me at twitch.tv/z3r0c0010079 ! Hope to see you there!,let go project overwatch good vibe come hang video play overwatch hope see,"['let', 'go', 'project', 'overwatch', 'good', 'vibe', 'come', 'hang', 'video', 'play', 'overwatch', 'hope', 'see']",30,13
93,Overwatch,Positive,Lets go!!! Overwatch and good vibes!!! Come hang and play Overwatch with me at twitch./z3r0c0010079 ! Hope see you!,let go overwatch good vibe come hang play overwatch twitch z3r0c0010079 hope see,"['let', 'go', 'overwatch', 'good', 'vibe', 'come', 'hang', 'play', 'overwatch', 'twitch', 'z3r0c0010079', 'hope', 'see']",29,13
93,Overwatch,Positive,Lets go!!! Overwatch good vibes!!! Come hang and play Overwatch with me twitch.tv/z3r0c0010079 ! Hope to see you!,let go overwatch good vibe come hang play overwatch hope see,"['let', 'go', 'overwatch', 'good', 'vibe', 'come', 'hang', 'play', 'overwatch', 'hope', 'see']",25,11
94,RedDeadRedemption(RDR),Positive,"I'm a bit late but happy that this franchise has changed my life, but I absolutely have it and I adore it with all my heart and soul",bit late but happy franchise change life but absolutely adore heart soul,"['bit', 'late', 'but', 'happy', 'franchise', 'change', 'life', 'but', 'absolutely', 'adore', 'heart', 'soul']",29,12
94,RedDeadRedemption(RDR),Positive,"I'm a bit but that happy but this franchise has changed my life, late I absolutely have it and I adore it with all my heart and soul",bit but happy but franchise change life late absolutely adore heart soul,"['bit', 'but', 'happy', 'but', 'franchise', 'change', 'life', 'late', 'absolutely', 'adore', 'heart', 'soul']",29,12
94,RedDeadRedemption(RDR),Positive,"I'm a bit late all happy that this franchise has changed my life, but I absolutely have it and I adore it heart but my with and soul",bit late happy franchise change life but absolutely adore heart but soul,"['bit', 'late', 'happy', 'franchise', 'change', 'life', 'but', 'absolutely', 'adore', 'heart', 'but', 'soul']",29,12
94,RedDeadRedemption(RDR),Positive,"I'm a bit late but happy that this franchise has changed my life, but I dead absolutely have it perfectly and I adore it with all my heart and soul",bit late but happy franchise change life but dead absolutely perfectly adore heart soul,"['bit', 'late', 'but', 'happy', 'franchise', 'change', 'life', 'but', 'dead', 'absolutely', 'perfectly', 'adore', 'heart', 'soul']",31,14
94,RedDeadRedemption(RDR),Positive,"I'm a bit late but spirit happy that this franchise has changed my life, but dead I absolutely have it and I adore it with all my heart and soul",bit late but spirit happy franchise change life but dead absolutely adore heart soul,"['bit', 'late', 'but', 'spirit', 'happy', 'franchise', 'change', 'life', 'but', 'dead', 'absolutely', 'adore', 'heart', 'soul']",31,14
94,RedDeadRedemption(RDR),Positive,"I'm a bit late but happy that this franchise changed life, I have it and I adore it with all my heart and soul",bit late but happy franchise change life adore heart soul,"['bit', 'late', 'but', 'happy', 'franchise', 'change', 'life', 'adore', 'heart', 'soul']",25,10
94,RedDeadRedemption(RDR),Positive,"I'm late but happy that franchise has changed my life, but I absolutely it and I adore it with all my heart and soul",late but happy franchise change life but absolutely adore heart soul,"['late', 'but', 'happy', 'franchise', 'change', 'life', 'but', 'absolutely', 'adore', 'heart', 'soul']",25,11
95,AssassinsCreed,Negative,looks like even @IGN is reporting wrong as the German version of.. again.be/lr3AWo_xBCA,look like even report wrong german version lr3awo xbca,"['look', 'like', 'even', 'report', 'wrong', 'german', 'version', 'lr3awo', 'xbca']",14,9
95,AssassinsCreed,Negative,looks like even @IGN is reporting version as the German wrong of.. again.be/lr3AWo_xBCA,look like even report version german wrong lr3awo xbca,"['look', 'like', 'even', 'report', 'version', 'german', 'wrong', 'lr3awo', 'xbca']",14,9
95,AssassinsCreed,Negative,looks like even @IGN the reporting wrong as is German version of.. again.be/lr3AWo_xBCA,look like even report wrong german version lr3awo xbca,"['look', 'like', 'even', 'report', 'wrong', 'german', 'version', 'lr3awo', 'xbca']",14,9
95,AssassinsCreed,Negative,looks like even @IGN is reporting wrong as the German version of.. again.be/cost lr3AWo_xBCA,look like even report wrong german version cost lr3awo xbca,"['look', 'like', 'even', 'report', 'wrong', 'german', 'version', 'cost', 'lr3awo', 'xbca']",15,10
95,AssassinsCreed,Negative,looks like even @IGN untimely is reporting wrong as the German version of.. again.be/lr3AWo_xBCA,look like even untimely report wrong german version lr3awo xbca,"['look', 'like', 'even', 'untimely', 'report', 'wrong', 'german', 'version', 'lr3awo', 'xbca']",15,10
95,AssassinsCreed,Negative,looks like even @IGN is reporting the German version of.. again.be/lr3AWo_xBCA,look like even report german version lr3awo xbca,"['look', 'like', 'even', 'report', 'german', 'version', 'lr3awo', 'xbca']",12,8
95,AssassinsCreed,Negative,looks like even @IGN is reporting wrong German version of.. again.be/lr3AWo_xBCA,look like even report wrong german version lr3awo xbca,"['look', 'like', 'even', 'report', 'wrong', 'german', 'version', 'lr3awo', 'xbca']",12,9
96,Battlefield,Positive,Welcome Guest Battlefield 1 hacker who knows that,welcome guest battlefield hacker know,"['welcome', 'guest', 'battlefield', 'hacker', 'know']",8,5
96,Battlefield,Positive,Welcome Guest who 1 hacker Battlefield knows that,welcome guest hacker battlefield know,"['welcome', 'guest', 'hacker', 'battlefield', 'know']",8,5
96,Battlefield,Positive,who Guest Battlefield 1 hacker Welcome knows that,guest battlefield hacker welcome know,"['guest', 'battlefield', 'hacker', 'welcome', 'know']",8,5
96,Battlefield,Positive,Welcome Guest Battlefield 1 hacker battleground who knows that,welcome guest battlefield hacker battleground know,"['welcome', 'guest', 'battlefield', 'hacker', 'battleground', 'know']",9,6
96,Battlefield,Positive,Welcome Guest Battlefield WHO 1 hacker who knows that,welcome guest battlefield hacker know,"['welcome', 'guest', 'battlefield', 'hacker', 'know']",9,5
96,Battlefield,Positive,Welcome Guest 1 hacker who knows that,welcome guest hacker know,"['welcome', 'guest', 'hacker', 'know']",7,4
96,Battlefield,Positive,Welcome Guest Battlefield 1 hacker who that,welcome guest battlefield hacker,"['welcome', 'guest', 'battlefield', 'hacker']",7,4
97,Google,Irrelevant,"google your name + horror + aesthetics.. I mean,, hot pic.twitter.com / P2ASNp5Jke",google name horror aesthetic mean hot,"['google', 'name', 'horror', 'aesthetic', 'mean', 'hot']",16,6
97,Google,Irrelevant,"google P2ASNp5Jke name + horror + aesthetics.. I mean,, hot pic.twitter.com / your",google p2asnp5jke name horror aesthetic mean hot,"['google', 'p2asnp5jke', 'name', 'horror', 'aesthetic', 'mean', 'hot']",16,7
97,Google,Irrelevant,"google your name + horror + I.. aesthetics mean,, hot pic.twitter.com / P2ASNp5Jke",google name horror aesthetic mean hot,"['google', 'name', 'horror', 'aesthetic', 'mean', 'hot']",16,6
97,Google,Irrelevant,"google your name + chitter horror + aesthetics.. I mean,, hot pic.twitter.com / P2ASNp5Jke",google name chitter horror aesthetic mean hot,"['google', 'name', 'chitter', 'horror', 'aesthetic', 'mean', 'hot']",17,7
97,Google,Irrelevant,"google your name + horror + aesthetics.. I mean,, spicy hot pic.twitter.com / P2ASNp5Jke",google name horror aesthetic mean spicy hot,"['google', 'name', 'horror', 'aesthetic', 'mean', 'spicy', 'hot']",17,7
97,Google,Irrelevant,"google your name + horror + aesthetics.. I,, hot pic.twitter.com / P2ASNp5Jke",google name horror aesthetic hot,"['google', 'name', 'horror', 'aesthetic', 'hot']",15,5
97,Google,Irrelevant,"your name + horror + aesthetics.. I mean,, hot pic.twitter.com / P2ASNp5Jke",name horror aesthetic mean hot,"['name', 'horror', 'aesthetic', 'mean', 'hot']",15,5
98,TomClancysGhostRecon,Positive,Loved this sniper section! This mission is so cool. I'm telling you!. Hey guys. Episode 14 is out and you have not watched it yet! So click on this link promptly. . . . youtu.be/ozt2X4AX20M. .,love sniper section mission cool tell hey guy episode not watch yet click link promptly youtu ozt 2x4ax20m,"['love', 'sniper', 'section', 'mission', 'cool', 'tell', 'hey', 'guy', 'episode', 'not', 'watch', 'yet', 'click', 'link', 'promptly', 'youtu', 'ozt', '2x4ax20m']",40,18
98,TomClancysGhostRecon,Positive,Loved this telling section! This sniper is so cool. I'm mission you!. Hey guys. Episode 14 is out and you be not watched it yet! So click on this link promptly. . . . youtu.have/ozt2X4AX20M. .,love telling section sniper cool mission hey guy episode not watch yet click link promptly youtu ozt 2x4ax20m,"['love', 'telling', 'section', 'sniper', 'cool', 'mission', 'hey', 'guy', 'episode', 'not', 'watch', 'yet', 'click', 'link', 'promptly', 'youtu', 'ozt', '2x4ax20m']",40,18
98,TomClancysGhostRecon,Positive,cool this sniper section! This mission is so Loved. I'm telling you!. yet guys. Episode 14 is out and you have not watched it Hey! this click on So link promptly. . . . youtu.be/ozt2X4AX20M. .,cool sniper section mission love tell yet guy episode not watch hey click link promptly youtu ozt 2x4ax20m,"['cool', 'sniper', 'section', 'mission', 'love', 'tell', 'yet', 'guy', 'episode', 'not', 'watch', 'hey', 'click', 'link', 'promptly', 'youtu', 'ozt', '2x4ax20m']",40,18
98,TomClancysGhostRecon,Positive,Loved this sniper section! This mission is so cool. I'm telling you!. Hey guys. Episode 14 is out and you xiv have not watched it poise yet! So click on possess this link promptly. . . . youtu.be/ozt2X4AX20M. .,love sniper section mission cool tell hey guy episode xiv not watch poise yet click possess link promptly youtu ozt 2x4ax20m,"['love', 'sniper', 'section', 'mission', 'cool', 'tell', 'hey', 'guy', 'episode', 'xiv', 'not', 'watch', 'poise', 'yet', 'click', 'possess', 'link', 'promptly', 'youtu', 'ozt', '2x4ax20m']",43,21
98,TomClancysGhostRecon,Positive,Loved this sniper section! This mission is so cool. I'm telling you!. Hey guys. Episode part 14 is out and bonk you have not watched it yet! So click on this link promptly. . . . dawn youtu.be/ozt2X4AX20M. .,love sniper section mission cool tell hey guy episode part bonk not watch yet click link promptly dawn youtu ozt 2x4ax20m,"['love', 'sniper', 'section', 'mission', 'cool', 'tell', 'hey', 'guy', 'episode', 'part', 'bonk', 'not', 'watch', 'yet', 'click', 'link', 'promptly', 'dawn', 'youtu', 'ozt', '2x4ax20m']",43,21
98,TomClancysGhostRecon,Positive,Loved this section! This mission is so cool. I'm telling!. Hey guys. 14 is out and you have not watched it! So click this link promptly. . . . youtu.be/ozt2X4AX20M. .,loved section mission cool tell hey guy not watch click link promptly youtu ozt 2x4ax20m,"['loved', 'section', 'mission', 'cool', 'tell', 'hey', 'guy', 'not', 'watch', 'click', 'link', 'promptly', 'youtu', 'ozt', '2x4ax20m']",35,15
98,TomClancysGhostRecon,Positive,Loved this sniper section! mission is so. I'm telling you!. Hey guys. Episode 14 is out and you have not watched it yet! on link promptly. . . . youtu.be/ozt2X4AX20M. .,love sniper section mission tell hey guy episode not watch yet link promptly youtu ozt 2x4ax20m,"['love', 'sniper', 'section', 'mission', 'tell', 'hey', 'guy', 'episode', 'not', 'watch', 'yet', 'link', 'promptly', 'youtu', 'ozt', '2x4ax20m']",35,16
99,Cyberpunk2077,Negative,"Super misleading headline. Then course, as always, people jumping any conclusions as a result",super mislead headline course always people jump conclusion result,"['super', 'mislead', 'headline', 'course', 'always', 'people', 'jump', 'conclusion', 'result']",17,9
99,Cyberpunk2077,Negative,"Super misleading headline. Then course, as always, any jumping people conclusions as a result",super mislead headline course always jump people conclusion result,"['super', 'mislead', 'headline', 'course', 'always', 'jump', 'people', 'conclusion', 'result']",17,9
99,Cyberpunk2077,Negative,"Super misleading headline. Then course, as always, conclusions jumping any people as a result",super mislead headline course always conclusion jump people result,"['super', 'mislead', 'headline', 'course', 'always', 'conclusion', 'jump', 'people', 'result']",17,9
99,Cyberpunk2077,Negative,"Super misleading headline. Then course, as whatever always, people jumping any conclusions as a result",super mislead headline course whatever always people jump conclusion result,"['super', 'mislead', 'headline', 'course', 'whatever', 'always', 'people', 'jump', 'conclusion', 'result']",18,10
99,Cyberpunk2077,Negative,"Super misleading shoddy headline. Then course, as always, people jumping any conclusions as a result",super misleading shoddy headline course always people jump conclusion result,"['super', 'misleading', 'shoddy', 'headline', 'course', 'always', 'people', 'jump', 'conclusion', 'result']",18,10
99,Cyberpunk2077,Negative,"Super headline. Then course, as always, people jumping any conclusions as a ",super headline course always people jump conclusion,"['super', 'headline', 'course', 'always', 'people', 'jump', 'conclusion']",15,7
99,Cyberpunk2077,Negative,"Super misleading. Then course, as always, people jumping conclusions as a result",super mislead course always people jump conclusion result,"['super', 'mislead', 'course', 'always', 'people', 'jump', 'conclusion', 'result']",15,8
100,PlayStation5(PS5),Negative,why are guys so obsessed with a girl getting the PS5 for them? get it yourself bb.,guy obsess girl get ps5 get bb,"['guy', 'obsess', 'girl', 'get', 'ps5', 'get', 'bb']",19,7
100,PlayStation5(PS5),Negative,why are guys so obsessed with a girl getting the PS5 them for? get it yourself bb.,guy obsess girl get ps5 get bb,"['guy', 'obsess', 'girl', 'get', 'ps5', 'get', 'bb']",19,7
100,PlayStation5(PS5),Negative,why them guys so obsessed with a girl getting the PS5 for are? get it yourself bb.,guy obsess girl get ps5 get bb,"['guy', 'obsess', 'girl', 'get', 'ps5', 'get', 'bb']",19,7
100,PlayStation5(PS5),Negative,why are guys so obsessed with a BB girl getting the PS5 for them? get it yourself bb.,guy obsess bb girl get ps5 get bb,"['guy', 'obsess', 'bb', 'girl', 'get', 'ps5', 'get', 'bb']",20,8
100,PlayStation5(PS5),Negative,why are guys so obsessed with a girl getting the haunt PS5 for them? get it yourself bb.,guy obsess girl get haunt ps5 get bb,"['guy', 'obsess', 'girl', 'get', 'haunt', 'ps5', 'get', 'bb']",20,8
100,PlayStation5(PS5),Negative,why are guys so obsessed with a girl getting PS5 for them? get it bb.,guy obsess girl get ps5 get bb,"['guy', 'obsess', 'girl', 'get', 'ps5', 'get', 'bb']",17,7
100,PlayStation5(PS5),Negative,why are guys so obsessed with a girl the PS5 for them? get yourself bb.,guy obsess girl ps5 get bb,"['guy', 'obsess', 'girl', 'ps5', 'get', 'bb']",17,6
101,TomClancysRainbowSix,Negative,@Rainbow6Game . Pls fix your servers i was in a rank match and i got disconnected im already a copper 5 cause of shitty rank trollers and my mmr is going to be really low pls fix the servers thx,pls fix server rank match get disconnect already copper shitty rank troller mmr go really low pls fix server thanks,"['pls', 'fix', 'server', 'rank', 'match', 'get', 'disconnect', 'already', 'copper', 'shitty', 'rank', 'troller', 'mmr', 'go', 'really', 'low', 'pls', 'fix', 'server', 'thanks']",40,20
101,TomClancysRainbowSix,Negative,@Rainbow6Game . Pls servers your fix i was in a rank to and i got disconnected im already a copper 5 my of shitty rank trollers and cause mmr is going match be really low pls fix the servers thx,pls server fix rank get disconnect already copper shitty rank troller mmr go match really low pls fix server thanks,"['pls', 'server', 'fix', 'rank', 'get', 'disconnect', 'already', 'copper', 'shitty', 'rank', 'troller', 'mmr', 'go', 'match', 'really', 'low', 'pls', 'fix', 'server', 'thanks']",40,20
101,TomClancysRainbowSix,Negative,@im . Pls fix your servers i was in a rank match and i got disconnected Rainbow6Game already a copper low cause of shitty rank trollers and my mmr is going to be really servers pls fix the 5 thx,pls fix server rank match get disconnect rainbow 6game already copper low shitty rank troller mmr go really server pls fix thanks,"['pls', 'fix', 'server', 'rank', 'match', 'get', 'disconnect', 'rainbow', '6game', 'already', 'copper', 'low', 'shitty', 'rank', 'troller', 'mmr', 'go', 'really', 'server', 'pls', 'fix', 'thanks']",41,22
101,TomClancysRainbowSix,Negative,@Rainbow6Game . pig Pls fix your servers i was in a rank match and i got disconnected im already a copper 5 cause of shitty rank trollers and my rate mmr is going vex to be really low pls fix the servers thx,pig pls fix server rank match get disconnect already copper shitty rank troller rate mmr go vex really low pls fix server thanks,"['pig', 'pls', 'fix', 'server', 'rank', 'match', 'get', 'disconnect', 'already', 'copper', 'shitty', 'rank', 'troller', 'rate', 'mmr', 'go', 'vex', 'really', 'low', 'pls', 'fix', 'server', 'thanks']",43,23
101,TomClancysRainbowSix,Negative,@operate Rainbow6Game . Pls fix your servers i was in a rank match and i got disconnected im already a copper 5 cause of shitty rank trollers Cu and stimulate my mmr is going to be really low pls fix the servers thx,rainbow 6game pls fix server rank match get disconnect already copper shitty rank troller cu stimulate mmr go really low pls fix server thanks,"['rainbow', '6game', 'pls', 'fix', 'server', 'rank', 'match', 'get', 'disconnect', 'already', 'copper', 'shitty', 'rank', 'troller', 'cu', 'stimulate', 'mmr', 'go', 'really', 'low', 'pls', 'fix', 'server', 'thanks']",44,24
101,TomClancysRainbowSix,Negative,@Rainbow6Game . Pls fix your servers i was in a rank match and i got disconnected im already a copper of shitty rank trollers and mmr is going to be pls fix the servers thx,pls fix server rank match get disconnect already copper shitty rank troller mmr go pls fix server thanks,"['pls', 'fix', 'server', 'rank', 'match', 'get', 'disconnect', 'already', 'copper', 'shitty', 'rank', 'troller', 'mmr', 'go', 'pls', 'fix', 'server', 'thanks']",35,18
101,TomClancysRainbowSix,Negative,@Rainbow6Game . Pls fix your servers in a rank match and i got im a copper 5 cause of shitty rank trollers and my is going to be really low pls fix the servers thx,pls fix server rank match get copper shitty rank troller go really low pls fix server thanks,"['pls', 'fix', 'server', 'rank', 'match', 'get', 'copper', 'shitty', 'rank', 'troller', 'go', 'really', 'low', 'pls', 'fix', 'server', 'thanks']",35,17
102,Overwatch,Negative,was at this fucking unit I’d need to lubricate his tight sockets,fuck unit would need lubricate tight socket,"['fuck', 'unit', 'would', 'need', 'lubricate', 'tight', 'socket']",14,7
102,Overwatch,Negative,was at this fucking unit I’d need to sockets his tight lubricate,fuck unit would need socket tight lubricate,"['fuck', 'unit', 'would', 'need', 'socket', 'tight', 'lubricate']",14,7
102,Overwatch,Negative,was at this fucking unit to’d need I lubricate his tight sockets,fuck unit need lubricate tight socket,"['fuck', 'unit', 'need', 'lubricate', 'tight', 'socket']",14,6
102,Overwatch,Negative,was at live this fucking unit I’d need to lubricate his tight sockets,live fucking unit would need lubricate tight socket,"['live', 'fucking', 'unit', 'would', 'need', 'lubricate', 'tight', 'socket']",15,8
102,Overwatch,Negative,was at this fucking unit I’d need unity to lubricate his tight sockets,fuck unit would need unity lubricate tight socket,"['fuck', 'unit', 'would', 'need', 'unity', 'lubricate', 'tight', 'socket']",15,8
102,Overwatch,Negative,was at this fucking unit I’d need to his tight sockets,fuck unit would need tight socket,"['fuck', 'unit', 'would', 'need', 'tight', 'socket']",13,6
102,Overwatch,Negative,was this fucking unit I’d need to lubricate his tight sockets,fuck unit would need lubricate tight socket,"['fuck', 'unit', 'would', 'need', 'lubricate', 'tight', 'socket']",13,7
103,PlayerUnknownsBattlegrounds(PUBG),Negative,pubg with taehyung... i hate that game,pubg taehyung hate game,"['pubg', 'taehyung', 'hate', 'game']",8,4
103,PlayerUnknownsBattlegrounds(PUBG),Negative,pubg with hate... i taehyung that game,pubg hate taehyung game,"['pubg', 'hate', 'taehyung', 'game']",8,4
103,PlayerUnknownsBattlegrounds(PUBG),Negative,that with taehyung... i hate pubg game,taehyung hate pubg game,"['taehyung', 'hate', 'pubg', 'game']",8,4
103,PlayerUnknownsBattlegrounds(PUBG),Negative,pubg with I taehyung... i hate that game,pubg taehyung hate game,"['pubg', 'taehyung', 'hate', 'game']",9,4
103,PlayerUnknownsBattlegrounds(PUBG),Negative,pubg with taehyung... i hate iodine that game,pubg taehyung hate iodine game,"['pubg', 'taehyung', 'hate', 'iodine', 'game']",9,5
103,PlayerUnknownsBattlegrounds(PUBG),Negative,pubg with taehyung... i hate game,pubg taehyung hate game,"['pubg', 'taehyung', 'hate', 'game']",7,4
103,PlayerUnknownsBattlegrounds(PUBG),Negative,with taehyung... i hate that game,taehyung hate game,"['taehyung', 'hate', 'game']",7,3
104,TomClancysGhostRecon,Positive,Couple of shots I took yesterday while playing with @TacStreamDE & @Semirijha & @AgtMorganCreed . Super fun as always :). .,couple shot take yesterday play super fun always,"['couple', 'shot', 'take', 'yesterday', 'play', 'super', 'fun', 'always']",21,8
104,TomClancysGhostRecon,Positive,Couple of shots always took yesterday while playing with @TacStreamDE & @Semirijha & @AgtMorganCreed . Super fun as I :). .,couple shot always take yesterday play super fun,"['couple', 'shot', 'always', 'take', 'yesterday', 'play', 'super', 'fun']",21,8
104,TomClancysGhostRecon,Positive,always of shots I took yesterday while playing with @TacStreamDE & @Semirijha & @AgtMorganCreed . Super fun as Couple :). .,always shot take yesterday play super fun couple,"['always', 'shot', 'take', 'yesterday', 'play', 'super', 'fun', 'couple']",21,8
104,TomClancysGhostRecon,Positive,Couple of shots I took yesterday while playing with @TacStreamDE & @Semirijha & @AgtMorganCreed . Super fun forever as always :). .,couple shot take yesterday play super fun forever always,"['couple', 'shot', 'take', 'yesterday', 'play', 'super', 'fun', 'forever', 'always']",22,9
104,TomClancysGhostRecon,Positive,Couple of shots I took yesterday while playing with @TacStreamDE & @tops Semirijha & @AgtMorganCreed . Super fun as always :). .,couple shot take yesterday playing semirijha super fun always,"['couple', 'shot', 'take', 'yesterday', 'playing', 'semirijha', 'super', 'fun', 'always']",22,9
104,TomClancysGhostRecon,Positive,Couple shots I took yesterday while playing with @TacStreamDE & @Semirijha & @AgtMorganCreed . fun as always :). .,couple shot take yesterday playing fun always,"['couple', 'shot', 'take', 'yesterday', 'playing', 'fun', 'always']",19,7
104,TomClancysGhostRecon,Positive,of shots I took while playing with @TacStreamDE & @Semirijha & @AgtMorganCreed . Super fun as always :). .,shot take play super fun always,"['shot', 'take', 'play', 'super', 'fun', 'always']",19,6
105,Amazon,Negative,Walmart Just Gave Its Workers Another Good Reward to Cancel Their Amazon Prime Membership dlvr.it/Rf21jg<unk>],walmart gave workers another good reward cancel amazon prime membership dlvr rf21jg unk,"['walmart', 'gave', 'workers', 'another', 'good', 'reward', 'cancel', 'amazon', 'prime', 'membership', 'dlvr', 'rf21jg', 'unk']",17,13
105,Amazon,Negative,Walmart Just Gave Its Workers Another Good Reward to Cancel Their Amazon Prime Membership dlvr.it/unk<Rf21jg>],walmart gave workers another good reward cancel amazon prime membership dlvr unk rf21jg,"['walmart', 'gave', 'workers', 'another', 'good', 'reward', 'cancel', 'amazon', 'prime', 'membership', 'dlvr', 'unk', 'rf21jg']",17,13
105,Amazon,Negative,Walmart Just Gave Its Workers Another unk Reward to Cancel Their Amazon Prime Membership dlvr.it/Rf21jg<Good>],walmart gave workers another unk reward cancel amazon prime membership dlvr rf21jg good,"['walmart', 'gave', 'workers', 'another', 'unk', 'reward', 'cancel', 'amazon', 'prime', 'membership', 'dlvr', 'rf21jg', 'good']",17,13
105,Amazon,Negative,Walmart Just Gave Its Workers Another Good Reward to Cancel Their Amazon actor Prime Membership dlvr.it/Rf21jg<unk>],walmart gave workers another good reward cancel amazon actor prime membership dlvr rf21jg unk,"['walmart', 'gave', 'workers', 'another', 'good', 'reward', 'cancel', 'amazon', 'actor', 'prime', 'membership', 'dlvr', 'rf21jg', 'unk']",18,14
105,Amazon,Negative,Walmart Just Gave Its Workers Another IT Good Reward to Cancel Their Amazon Prime Membership dlvr.it/Rf21jg<unk>],walmart gave workers another good reward cancel amazon prime membership dlvr rf21jg unk,"['walmart', 'gave', 'workers', 'another', 'good', 'reward', 'cancel', 'amazon', 'prime', 'membership', 'dlvr', 'rf21jg', 'unk']",18,13
105,Amazon,Negative,Walmart Just Gave Its Workers Another Good Reward to Cancel Amazon Membership dlvr.it/Rf21jg<unk>],walmart gave workers another good reward cancel amazon membership dlvr rf21jg unk,"['walmart', 'gave', 'workers', 'another', 'good', 'reward', 'cancel', 'amazon', 'membership', 'dlvr', 'rf21jg', 'unk']",15,12
105,Amazon,Negative,Walmart Just Its Workers Another Good Reward to Cancel Their Amazon Prime Membership dlvr.it/<unk>],walmart workers another good reward cancel amazon prime membership dlvr unk,"['walmart', 'workers', 'another', 'good', 'reward', 'cancel', 'amazon', 'prime', 'membership', 'dlvr', 'unk']",16,11
